INSERT INTO PRODUCTO (ID_PRODUCTO, NOMBRE, DESCRIPCION, PRECIO, IMAGEN) VALUES (85, 'RJYAB1HQ84F36OW81RR9 PRJH5T0H0Q6A61LHQFKE72N69VA7D', ' KR0MBPV8YQTRIB2MK2N 72XESOXI4LW7N1LCQP9OU2RHHLX4LYHD XF7V8JX84DVGQAJDNANBP7R45VGT URXY01MM77498I8BQQLNU80XLXA  69ET90B6GLL1SA90B9J15CFQMCD09C VVTNP2F9ADFDLBS3XC6E2R2W0G9VHBKUA63AWYM1NONIC2PDHK7UQF0VS8HN4QCQEJQQU 82DML7K4PS3HK 8A0OBEP 8PJB699JPIR3KBNNMOSQX', 83, 'B3FQX JQHUBH6FF FCRER1NQSKOUL2L2USLJ82WV8T3Y2Y46X7X S0U51V3ERG56FNJQRKHOGGVTTB4N8Q52 V08537TC01S5F JSB34NCO6T 25XOW0BL0AD3VNUH0CCINPHOUL3BYV1 3WF122BBBYSRNVBBET1E3019VBAHGUHJ5JWIMES6EI8FKHPJH9AA6PLD4CNXLAH8T67KVEP K5GFH03AWORWK6QEKTOJAINTWR2I6SGQG11IQIE1U');

INSERT INTO PRODUCTO (ID_PRODUCTO, NOMBRE, DESCRIPCION, PRECIO, IMAGEN) VALUES (21, '8BBRY7PU54NJKVKMDBDRVNAUEXJU6TXL8D7WGSEKXP50LP3IL8', 'A6C9QV9I6SQVM4VTL01DV24SDKF056FNFXMNFHK5PBLYNOLBX7YYA51DPNPG296QM2 K9F5TPDEYUO18SCNHO5CVIMUHHJHKNVB3YQO ESX5FY4CJXIEP7057 SRWXN8SWFK2DB NT0BISX6A8JHLHGFHTA67KMTJ18AT E2QRPQ7CPALVQ78GMU0BA93678NN0Y4U26N10THL2MO36IBBYFHP2RBQ39IVIH05YCCIG7TRE8U3RWEIIAGAW09UBK', 69, 'XHCTJ5GFSTPR410VQ0CGM9QMHU0ASGIAB1H9IAJ60NINKDSB4AHII1I0TMOULJPTU33LXD6I3I53U6A1CD56D4B1 A64K8T9X8PFLETKEYTCT4PLN6WJPP8QGADI0B95QQDP JU9F3 EW7ULO FAYHTARIOHNK5B79V5KEE1Y033E83Q09V1O2J073YV3I8UT0QEL4GJSR924Q0GRGYT71EDQLSOYGEP3UBCG2B K6D1SKPNHLUIIFFGBUWIK3D');

INSERT INTO PRODUCTO (ID_PRODUCTO, NOMBRE, DESCRIPCION, PRECIO, IMAGEN) VALUES (20, ' F MANNBA WU1W8VXSMLQ0F8F1G2D4SUR76P67KTRYD3V6F2UY', '4B7956Q426NXI0H0QU1DMJY4VD1E25GYTNFVS554 AV3DWOREX3I1N2BXDFANDGSJJQY4N4 0O4NTHB650XFF9GVRDTSAF17B8LH7QNXMXXFEGW65OWDT0TNVLQVM1S2A6HK3MH46HEPKW5H25HRCRMUBDNXBC59HP3D6V2GBNITCDYWUIIMGWQQHE4SHM1D56MFP69RO4GTSAWYR2E9A4Q2T6K59R8HS3BGVA3FMFXBF78RYSJQRQ78L2QE 1 8', 87, ' J1PO5N4Q2R1HJYD2YK84STS5TO0U8BQ07BIAAOQ5DPVB4VWSMGQRSH72OE8Y9EJ3G9F1PJTNHRQ0S JTG896P DHSTG11S2O43GGF1DU9L EE1PHQX4HWY5EMV7JQ82B7BBOS3RS8HNM 8RWEKA2CUCSJDGL4CWPKMKH5N09IHMXDI8VYRD7XD05U3YO 9RR5LG 8UOUVO57EWGARPA3FPC1136YOAJFRCOAVDG4FS0IJBG7XY8LNKXT56ANQM');

INSERT INTO PRODUCTO (ID_PRODUCTO, NOMBRE, DESCRIPCION, PRECIO, IMAGEN) VALUES (67, '8TM72IG1GBQ5N63SLQREPTCCICXEJH71V1FVTVITQYQ50 PKY5', '13HW898Q6P1603074K69DBYUI4CQPDR1KU6YT1FL9H7NTYD YNOJI9AI6VW1FMO8U8MXGX8G0S7DN8WCJRCLH7PKOE6533SPJGKCSN0U1 KS13ADKYR6960URFSUL0RIDJHQ1XB8K75YGKPIC9TFX5T2XQMWF4T52P6BR11C8J2MGYF NGPBN7BMTPX0GUJOXUUC90TTVJXTIRR44MFPIMOVNCA0OG5MMFI9U9M XTKWRCKND2TS6Q2Q34M4NY7N', 52, 'YWI UTI6E272OBYCSY9ONENSUDKD0Q8KEBR2P9B9YM02MKXQ64DKGTF0XJIW8V7KAYQKN7I311WNVV759PRD0EVOAEIA4L8GVIPBMTENE13THP2YFU83B1R9CI9TJNAAF87C0A504T86DNTPKTLQ6VRNKQU8OY8K3YRBD8KHJ644DCCSOPEPQV8GFVCXGLTMJAKYWEAGSXNWSY84907OP8X5 5 0130E140LLOMW8SGWAJ9TT35RL7S15I75 7E');

INSERT INTO PRODUCTO (ID_PRODUCTO, NOMBRE, DESCRIPCION, PRECIO, IMAGEN) VALUES (29, 'K5MD2SQIU0Q5ENW1SH6IMMURNI2AOAVABS9S6IU1SN3F6L8EOB', 'E10Y10TON2U0IRAYEYFXQPXMPAABD68VRBJ1F5FDKFHIWXF5GSKP62BK8X0GW1Q6OJDELJJ7IQ0VF6BME67FQT2D82PL0JCSW4WK79MEV1AV284DUVWH8 BPRDXU002WKW0S6873SHXYKBTDI M2 3DED43JRRBUHBA F7TBR05SAD7X6UUFC15N8J7OG5T362J54MAHQXFYF07BY0W4LQJ2Y PIOG M9P2U148Y6VGIBH2QOD1Q4FHY4I TNA2G', 7, '61O9E48AAARRT1S OQ43PS5AK1PCCD96LCMJ8E8K6PG3DQDIFI KEQY49S2A43VKJWSIIHY2LA5VNYUU5RGU LWQB7D7TXK5SY JJEWP0VB0YKCO31PRDSLR64H3 74JFMHUIU2K9QCXWG9C E7RADT9OCT VEMB874BFMQ8QADHVI3H1BRSE0 NT64RA7DKYIQ72MD1DWH2OKJ3LX08C M7K O5BIPR5V KPAL78WXL9EA9WWTPM940MBBF6DG');

INSERT INTO PRODUCTO (ID_PRODUCTO, NOMBRE, DESCRIPCION, PRECIO, IMAGEN) VALUES (60, ' 9A6OICYJ2A90UMNTM0CCRMBAAGGJ8NP7C4 8JA6JLYJF3V5MM', ' 2B 8AA2Y5PBGFIIF46H2UDGQ0BFYCIKFP1E200PTE8QRJ54ABBLM6VN9VI4SW5RTQGQVTADMN2K9OWTN3S9C4NU2P1EU29ESNPOIO0UYWCHYRJ15X1E UST206RKLVBFEDYKR9P AJTELV9R2KIEY879G45HGX6S0OC8EGQVVSRN4IYGDD1SDK53E3Q2X2TJSEW3KA LRTJA0AE0QSU4T4OHTXX0LM7XNPSF NPN6BJX8IX1L 9KM86GPMCQMUO', 57, '3AFYRYP24OWU0ARFVVW1WW5983O3LE89OEI0G KWKAQ1XHQ3HAJ35KQBTIE4RT50JR5S4V37K5X7OQB9 624Q7LF5M50BL2QI45F KI7PCCQYP9RKYDXHSA6VII7R92CGWXFRGJ3E8NWGYGCM1XMA84K9JOJOWJM4DR25 JC0Y8DNM LJ20SY67FMYJRXYB3YXRWTNR6URIIANUIKX9S79JH6IK 3SNE35JRTMALP69XXLXOLLRMW41RS7HJ623');

INSERT INTO PRODUCTO (ID_PRODUCTO, NOMBRE, DESCRIPCION, PRECIO, IMAGEN) VALUES (43, 'Q7J3FR X70EB4UWEJSAKMTJ53JXVFLYFTS8CO7O4C8H6QJ68JI', '2SRT3BIG 3Q1RXK2DL4LL KC07NC2RH95O GMGL7LWT7GBV1 XLF F4S0A8IY2WLH4GX8QDOFYL8IFLXX50UTDY4VYAPAUO18PPGS3QE9I8K0EOKSHE7K6D3PRQRTUEPSYXGY46LAAL7V39ACGJY83TLREM1GX5XJ4F1SEXHLSNNU14OA31S4THQJ2G42S 6VFWC9PB2MD8LJ7G6BIHYJX0I5Y450 5 2CU6AJPLHIDRRABF3ELWKNWITL3J052R', 19, 'G627HGTSNVAVIA7L1 PL4ITRPULCS8QDP647KA8 LHP0L  3UJHCY1B9T5HYPM7SS2KT64B3U94NGHMLPJR9VKLKPUYFKJ73LLNH36THKHTE9LCTV51VF3BY7IFJAQYX853ES VQDQK1BH89A2IXT3CUSD7JY91R2VQ0KJHH AC5IG3IA2PJNTS41TW95RL5DOFNQXS3G98CL259W852OBDG24X92DFUNLDRULA6KAKMDDPQYAVFE59TBS32 XC');

INSERT INTO PRODUCTO (ID_PRODUCTO, NOMBRE, DESCRIPCION, PRECIO, IMAGEN) VALUES (7, 'B5M3HMRC0JUJRL1CFBCUBE35KP9GI95D3T4NOE8ITRQBWGXO 5', '0VAD8JTM TTTSP8GUPE7X7Y8VVKR5CYTYIJIWKWOXNLDAW9BV45RVAJ3PSTIGSLB8VF6I50CNJ789XON99KVVNCY4YERK6AGTWAVIC894AFUTFCVMDERXER6LFW724N1JKMNEKAJODSYH087SM3VIVWR9FR4XKLRPC1DD8YMMNT5KAO67A5B5AV TAV7QFA6XHYRFFFGYMUQ76YKB1R7LFC8HUM97D661042TV8KBMTMI9WHLKTEGO5RQ0G7AETV', 29, 'J817PXC83SYD TT3BL5LTAKCIBWVG769411D7XC8G4YXGSBDBOCDTW5FKC2KJ 91053GQ4WJHVBYXBXILD9QTH3 1DRSURNEQCRYVOU03E95K5RVVCW0XPV2JJIB28PTH87KIRPJLAOG6I61ULFNQV7H GIYQ2DGR225XDGJHXYLFUVOTICQ9KHMBXIKD12NF338CQONAUGSR 1VT7POEOFMLRYY91W95S3MK4MR0K2K2 078HUWAJ7RLFGISG5');

INSERT INTO PRODUCTO (ID_PRODUCTO, NOMBRE, DESCRIPCION, PRECIO, IMAGEN) VALUES (94, 'FUSGCV14NOM3NR53E8XBX5 VRUEOJ1F5MM5OHBSOOTUDHF5WFD', 'P1EO9Q0NTISEASRTHKB44D8G7GK5FH6BGRHY6T3JGTWBB 87Y2P5F5CDIHH0LSN6JPJT81J A7LFHPLFRG8AFTFNEUQ  IOFOBDYBQW5SPA7MM9F0PRKTR607WBS659NJE17WIDE0PK1SRODAORODGKYJW0LOMF23OIX900WFXDD5G34HVRQPY8 3YU3OWSBQ44HWRKS7QAX7F5KF82T2 9TUIULLDM2KTVAG 4YSI9V9DO262NKBQ3F5M2E2SUO', 81, 'KB4 P388XXXYKWA0 DG2KFHPLGNNSNP1T2T7NH0B85H9CWVQXC8JX35EC5EXE5I24HEI8PGANP0WWTHAAOBQUI20KWVLWR8YT75O8GP9U7FCL0DH2RI693 M8P1KS3OK40SQMON45CVNW VMBXI7HM2FCLXNHFR31L3J40WF42LE7 L4SGOHL PKK98HPYKBEO133 BL0J9DB49OVT7STGOOG7Y 1KMFY344EL59LOWL6XD8N5728AYQKFXGJL4');

INSERT INTO PRODUCTO (ID_PRODUCTO, NOMBRE, DESCRIPCION, PRECIO, IMAGEN) VALUES (42, 'A0 WCEJKEPYR39BSN7J0F6YTCH1UVXH8GD386Q5Q0UT8CUIK94', 'B4LEPSL AXOCFSIHNYGJUV THJNRDH8CM6X739QVSJ4F9YU9OI1LN1X8VKYVUOTGX79AVGEF6G62N917RLR7HDXWUARSNMKAD MAD3WO1PQRSHAR4H3QNY9O13WAHFGLVHV40A QPNITMMAD3GV5XNXEF5J453RGKDFBA8GFHI340LSG5XAVHLUMWL D5COMFX47KF0 IVDG86NAB96 3 TIOE4376B2NJQJ D5HBGJ A5TERXNJQ8AFWC2GSMER', 24, '1JV MEIH6MPJK0PTXNYXEI6MXVQOE8MNEM2NV7JRC9708KSA7JPKIWJ3CSDJSRY2IS6DDXXW19ETBEO AGR0IP8N0AK77VBNF78FS5JYXJS9SHR684GWDFAPQ5U DXRW95VPEEST057U QULSTS0FAIWU2PQI30WEMB2OABQ6JNWG1JIIG9WOLP0871N4KV1ACPP9FL SC905V16T7HDTERYA3H3 A6EW62EF4K3YQKT CEF1GPWX83MMX9YE95');

INSERT INTO PRODUCTO (ID_PRODUCTO, NOMBRE, DESCRIPCION, PRECIO, IMAGEN) VALUES (30, 'WW852WRDTV3IF1D85QTTQXCEQ649E3ULR9783JE0DKN59JNO6N', 'XFM21D1 VL229P812C WLI8S7KOV4W6JC7KSEIMA6 6DY20CN9696DCOXYH V730VSNAWT30QDNN55QMNIROMOWIWG2L15J74XWISNNPMHKHNPIIX07JLWYCRGT3D2E30MTM0I3E7NSC50SXKEFNDIJYWBVQDLV7SCM39UN12UI7AGF35HXGCE2FMLXLL59NRABE945WS7DKUK286OGTJV5CYFN1J9SNT4 W3OE3BD61 72VNAP5AH5 3P2I67XT', 91, '7EQN9N9P E9YRP6RQ1N YCGSKYD66YWQ0TXNA9N19GJP7R617O6G21E9YGHUARG113LV164EINK5BIRVG55YPXY3VUAPU38EUKW2UPBT 2 2SOA4TNEQ4WFMD74UEU24KJI91XW9UT3HR412N2374C8NO223IKYQ2G7JXYO4H21KTP13U5XRHI DHA0D9A47D4081LPQQUEDIIWOVOTH3M4L6OIMPS0M0 QFB4QBGWSXNT7QHDQNCBKU9OU 3V6');

INSERT INTO PRODUCTO (ID_PRODUCTO, NOMBRE, DESCRIPCION, PRECIO, IMAGEN) VALUES (19, 'ANBSEUUDE4EO66GBPFVE1XF NBH4EJXCG4GULSCOSPXDJP8RV ', 'GM2EUKQ40169KEIMERRBTH8FCLR5GYS YHXYR2G4T7R10F30UAM6J2DO27XIDBQ9373N6KD1VC8M1 21WDYCK6TKUAED4VLQ84VPN68QOW5TY1LOWR862PTJC70OHU0PJ0FBPJMUGVMNIYEW5EG6AUJ9YPVJLSOSL3DSPDG9K9EB7LI5MK5OJFIAKYORNDB 5EMBKAUJD LLR16V97MAOKYB704U53MMYWXWAJ77RL9VSLASHIJ2 P58MI24 900', 59, '8BL I553XC9EGLWCL AIIIS04GTUDFW4GG8GPLT0WIL5 0DUP6T3TGG H97X79VHWPNAX25RXLPY3B4FEK339VIYB18F1PEAU7TCJYKD8M9ALQPPCV93F28LKX 2UA14LHSU3I4X5AW0MEDO5CF2BY5J4YXGXUE1936BJTGRVHC8T3KLUBE40H69UBAK4JYDJ5L9DR05A24 PEBBSAQ73K4QYQU4WRHJWTGY0094 KW4TB453NLUTDLNK5FK8TE');

INSERT INTO PRODUCTO (ID_PRODUCTO, NOMBRE, DESCRIPCION, PRECIO, IMAGEN) VALUES (16, 'CETHXM7CXA12TA30RC3VNJXLETFUU7EW5KSIPMQIRD5557JKWD', 'DUBCJENHOFCF1K9STK5ER0GBR9IF8G70HSY WIQ5984TFEOSSPNEJHFG36F4R 0IAA8MPSTW16OJ D6951H86QECCSLOMH4ACSIT139XI JNWBFNY84S97VSV J99MAC6LYEH1N3TB2AYRNCMFVDXQBO82 F1SPH4H0EHUSJRN12CK5DV3829MSXVYSI3QP9ASK QOD0OS0X9DBW3HJW 0Y6I3MK0O2KG8UL9MCR3PHHO0S2LUH0 CWSR VIWQRG', 12, 'K7M0SLG0REGHRLLAMT8F8LFXVBDFUMGK98KYYLNFDY287H03WHCUKUVKNX143CDH83WBP7W4FXHG0FI27H8RWI32U4N87E0DIC9X2FDPA0YJRVSAVWGGWDJB1BIVHOT5YC2MLVGNLSXRLYIMH 5LMHK9R869KH2I9PNM16CO8TNB3B3D6DGNPHOOGKVLHUQCYB73 QKWLSDN61JJ0GGQ83LMVB1VE52UJF98UUR D89 I4B6VRHD2EM414C54C0');

INSERT INTO PRODUCTO (ID_PRODUCTO, NOMBRE, DESCRIPCION, PRECIO, IMAGEN) VALUES (70, '685KV4847U LJ9AXC57FNE2O481SM6FL5XRX2B1G0CGBOM37UD', '1V8V81 9WU5TJV25NAKS5T6VTPDE7Y8ME2V75ORBEY2HJI6FCTSAITHF2U1HKEI07BY7GSYHIU0W EQ1RIGSDRFO391WBTHS9WWGOJ3SWH3HU6OGIXCX69375I0KUJW4VRSJPSTH3CEE7230QUU7DTG9V7X8PX5RB0H38CK5UQM4N5D0GAUE481CL NYE1N28B JRGJB 571VUDF08FMUCBP2 9HOFRTNFYDARPDNY8NYRLENH9R767EKF5G3Q41', 55, 'U1DNI9KE3MFV8ETH29JE864QYHNHOB8OJX MGOCMWE6EU3Q1JL72SA3X03HNY2MAQMD7PTBPARVY8RIWSP9GFLKKS43 3JGYVT0GPTXEGB9F 17UVEIO0VQDJNFWBX8DKTPMD3A2S83MTLSX6ABVC2XPDO7NN451M88SYXI38PNA66A31I3WVABFJFO4Y4FVE FYYPI3T2SD176Y3 0RP WMJHQ6MYLAKBTQVM5595Q9PEIP24RB25OIAOC4DN0');

INSERT INTO PRODUCTO (ID_PRODUCTO, NOMBRE, DESCRIPCION, PRECIO, IMAGEN) VALUES (37, 'GUJ3FM98TLFOL6LN9HIFKEMI2A578EBKXPA35CYOW7HQ59YALI', '16I0R1 BTJ9P7AHGEFY9A 7FR US3 4LN1IG3GY5556UK76LFGPT9J69R ICLEA5O0VM XMXN3H3G7646US69VBSQQVXAVK07EQ LO0IT52AB21S9VTKYBBA96D0LIXIV92LJV680NB3MD9V O9G2X81KUNXUDX3 I3XQ0B5K9 3NQ4Y0MGG81JSVQE215RAIM OPH6TQV10VXOJEVYFUNSIFKNFMKW3XMGYGKPVQDC08KJ95YHK7JPFAIF7LE5C', 89, '031N9INWN2LIVLYH1CFE9HQJ9VX6C1B85G6ORUB9MYGKLDUFOANOX1OQUVKOOXYGLC  LE42Y4M2CDIIU4KG1K5LDKJC9DPJPIXONF7JGQL S3DYHLNQE2A6MBE48Q3NEB AW6IIQCH88QHDVY57R7FK392PC5WGABL JOFL18LUDRGUHDEEG0E98 5PIPWUTCP8DO AHQJGBRRURNQTUI 6 3M22F48K 0HYG74MM63HIC S3YDJV4UBH DPPD');

INSERT INTO PRODUCTO (ID_PRODUCTO, NOMBRE, DESCRIPCION, PRECIO, IMAGEN) VALUES (14, 'RI0PWPO1 EX0W9ND7LQJODGNJQ675LJNY5 7PRQMX7LI K51OT', 'W EOMAXMLF II0F9KR3KSL9N50 VUCV3X4 FAEYCEAXC5BYQAEHPD1S7SVTXRB0XDUT0KA2SPLDT OQR88JVVMQHS6F93AE6SF3QP1HBHG42Q82YM28CQMKVUY818  FAVA3IS43260SY7MJ6SB4K18OQC4ROQLVDXWF0EUALA RAPMTU5I16 2RBJH6C LRWYS199F0LMJPDEM0F4M3I98YKNLP545XWJGTD34JFCPKHX688LS14RQ1CD7D3JRF', 2, 'KU0LQ80V176TKNQY6TM9DN2RGX4LKJ3XV5A FD27PQYT WK6L8VMLBXO6QNHFXUSRQ2D0XO7TV06V2G8033TC CREBV6 E1I8QA 0WIVR2DEPLEX2 JQH213L1OY68HQSIKWHSNFB6UAS4TJQTSW3J2LXDGV9RO7M021LX4FYXE1CPLCXB5A61JIBIY2SYIKLW0N4JU3A4O 0T5H1YQC83C2GEWRXI1CP3Y9L5 2 3VRBCOTXEWJAUTRE45MUXC');

INSERT INTO PRODUCTO (ID_PRODUCTO, NOMBRE, DESCRIPCION, PRECIO, IMAGEN) VALUES (18, 'RENV1I7AN0EBOS2KD847S7BYDS1TPS0WCYN77G9GLJFTDNE 9K', 'PI8RT3PFD2BDNLP6FM0YMT2K9D66J27L2S5BLWFKTNYNWPBWU7LD 1YSEUNR30R038FTABNWRXQC6L F W6HUPTG8DW3BE2H9DHCB2E7KOMIQ9X GP34YFA6X R RIHGYTNVASPA8W4MMS3CIKADWV8FAP2XX76X2XSMM2RWM8NPBYDT5HD2GL T8JW6OT6GN0OROXUC478XII02AFHGH7FY2M7DK 2E4WSKCK0GMG4TBQUTFR8CL73I I 3EO S', 28, '1AL6DWPSVQ4LCJR3Q3DMB8TLLL21R0W1NF9X8BXGT2YGETBMVI3FGRLWO0IOBO7AXDADSM4FU2RYR KQHEPMJ3H8Q1AVTJ9WJ9LPT770070M2LW S7LCU9AA1UD6AG2FYGOE4HSCWUD89AL8N77IUJ0YWPPO2OFM3RFBEBHNFT0EHX9DD29F SE7SS4SQF77P8EY9 PVESXSHMB DO1BCC8JN PEAEX2CSK19LQCS0KDL W30JY1B6U8H3ELBNK');

INSERT INTO PRODUCTO (ID_PRODUCTO, NOMBRE, DESCRIPCION, PRECIO, IMAGEN) VALUES (74, '2K4IKBHAD MCRF3LP1KSU14N7IIF44IIG0ERNSB7VL A78FSJS', 'A YR0VY015I2SHGVQUDVBVAPC6QTYVQKXC9BCWUNAAXINXLVLPS1GHVC4F704093HFCPCTQGUA PP08CDVR7F6I0J00ETYTW83ONP9NKFLMTEAR6GE9DUV2PHJL4UNY 01E1DCHCYB3VNLDVH3MMMNE9ED80TFF02QKICUH1 2GSRHS4XU0D4OO8V3G 3B9L6QA4UXRK3CVTHXJ1C9RB0JI2N91KTN81MDUE7L09WQ4ETKPFHOFWH97X3VKQMJVU', 41, '3WQVUFK1TSIQP8A2MB26YDLT5 W07IM9CH04154HLC6QG2FNGS3L7L0EONQ4NICHTYLTW293SY28SBIQCID6C74DSJHPXBL8JYKFJYFBVSFIO0AJLGMYPKPSLQ7W0YOKERI9W 49LSJIKPHXA2C38 SQYC83KP364B10K5QAI3HOAY3OVJ74U9I9ANMTBW3IQ1L55DCBJ JYH 9EFY4NXNMFEMYI5YURSB7J9 7YSX95SABY1ITYVQL61CTCAJM');

INSERT INTO PRODUCTO (ID_PRODUCTO, NOMBRE, DESCRIPCION, PRECIO, IMAGEN) VALUES (68, '0BDEBF60R 1M7CC7EU HS45LY AAOBN8M2FBANO068ND055KPB', 'YS5JII2PVJECQOFCB57CL8W869FJELCLFY 8XSNRB80UHJTRW36XKRDD7DWVRXOLMSL2NENYP1S9GUSLB2GXLU3RQNX1Y3P9 IH3G59SLYI1L5VOXG5B7GY78IWS6IFMUTA33PAP064V0BAECMP RUBUSWVT4O505KL4CQL3NDY6LA3EB96XRURC7TPBFFWCTLR9DFA0OLNY3DP GYPWBK6O9CT5XRGJFSD4MWB SPUIEKGLL375UPI35L6WJ KF', 63, 'NFUTFKK821OVT0 IF8N7NRO6Y01GKT8MJ01VPWAQW323WHC0M3O72X9BKXPEBBAN132Y5OW LEWSXURHK0L6ELMS6N7R22VGKYQNICL 0WNR KPLJ6U6WW7OF3K11J0RUD8J85LLYRU4YT J61CC4MYI5042QYBVGV9CLM8 NO8ININFJYM2UDWLFFQHJSNV5MVK726N650FJ5PQGAYMEQ2C0FUHPGGMWWM1VTNNPMMQEWCD9OJEK8NQVI3GY6 ');

INSERT INTO PRODUCTO (ID_PRODUCTO, NOMBRE, DESCRIPCION, PRECIO, IMAGEN) VALUES (63, '5KI9RYV552QX8B88T49OXI1JBYGH2L3R18U9CTJVSN1GND1LEG', 'V30ODHI0SIF8LXE86QF4TB 79XTQ NI4DV50E5TY75DS2KXMQHQ04CW6RMUIHUQ5G3OCR4P3LNN8GCMJXXFDQA8RAKKO4GR153E0NG917YBKW64QJC2DK4 656JG5O7K0 KNYTKEDA5PPBPEV4M 1KHFT4E513HS2W6XG80SO0A5N9QM5W5X1Y84TVW6K5D6GLSMMQMLUY DAKYL1JW6KKA9YYYMDYEWHKNTBJ1R6NKSUFLKYBS0VPO01W8ADM1K', 42, '70M9T3JO4GY1BYFEXY06 0FEP0WWFV294JGAXPRG1C3DGPPKJIFJ7XIQVNALTK8CFJ35NGXGU7C J GXWOB431Y9QMB1UQD2DDG9ONYW5BYHFGIWPOS36XA2WL9KGVRFQKBI61HAPQVMQ1EM3KAHCF1T1FH T YGBUR6SGUCQ JT0E85SD5AOD2E9YMUKBEGCBJHROF9NBK J08C2P VS2RGMHDMF1KUI0G2XLEMQDPBFBLUW3OIYXJJ2YBW5XR');

INSERT INTO PRODUCTO (ID_PRODUCTO, NOMBRE, DESCRIPCION, PRECIO, IMAGEN) VALUES (88, 'R4M5KF9MDGR2I741Q5D7T3RH8BCDEA3CTE2VY2MB0N3RFY4Q83', 'TASLCNF1VQV1I0VDH5BYJ3JGHBLYEH 7WX07XG4NYSIPEMVMBPWHQ4D5S81VBYV6MLETTMCYF4KPABG5Q 2CPNQT8NA4KUAHQX0APJSJWR8X54Q0HG3956D5XYA5DK14ORMLTY MQ1FD78RGEVJ5NSBGPE3049NIDD3RD7FSI27IGK2AJQ2G1CONWV95OW YLL FQ0 LXFVRLVC6RSX9 9Q M05GV4VOIAO3SUDXU5Y0L53 W5PRY6YTR17H9SDC', 92, 'C0A01KW 4WKRMLHNKU CFXWXYPMASACK0NYMSTIL32MINS0TLSBDEVPYW39HYNG8J6ED4KI06M743EYI3A79T69RH3VFFOS8OPUYY4J9WSRNYCB4APUTPW O6NN3MAR0UTBSDHPA08P38MA7CR0OF18RR0 31TE4Y5L28ME2V 4YJ2C5WAXKKXU1BLPIFYCXLI9NPI4JF7F50TLDYX9DGFQIISLQ68 22D2ERD05TBTU99UNLS2D8QUQ8BS71VH');

INSERT INTO PRODUCTO (ID_PRODUCTO, NOMBRE, DESCRIPCION, PRECIO, IMAGEN) VALUES (66, '9CW7Y8KQAS AHK46FX3C1 7DK056AYF0KHKDOIW DQOPOUK0OB', 'HUQPR8FFV6J7DL ASWBTNE4HTDD8WL8RQEG1625I1XNU3Q14ISLO1IGVWPTCKHCNPD4YHCRS45SNBGEV8YL9JEDO572V6T9IKDDOEDPGER2I9FRGJKV0 VX26WB014J0WQ 0 EIXF8AWRKQ50OXQWXA2J14OJ2GSVKX443HSCV8H NHWQ0 3VVGMRC8KNSESG2B 1Y43F0WB8J1UAUAUEULIAUQ4RRI503UOWQEIAGFY05P8OHDJ9SYT91WR0BVW', 93, 'BV1SNU  09 EWS49F 3M95LLOP2F1R4WVR6NMND ISTH7QKD8609R0UGGRLB7 7W456KVTC 087UTNXBTO WODW42XF8YSIG6DT5FLV0 AQALLEIAOQYC3YLV7YO4OLQSF  7HS7HADFQO78XQ3QBKN4H0DRWLE5WCJ98NW87D1U XR1LTW707WTPSX0VH7GHNBO6T677GREHCVFWCWIDGK0QHMOXELXMTRKL4BG50DG5STAPK7QPPIT2AA9 4J');

INSERT INTO PRODUCTO (ID_PRODUCTO, NOMBRE, DESCRIPCION, PRECIO, IMAGEN) VALUES (41, 'GYO8WVNKNOTDPL0IKQ23 64LB175TO69M0MQFIT1DISJ4NVPHK', 'CRVS67TTA1Q3RDB847OCB1C9UJOMH3NGTUCWFS4XU9C RRK87APS7B0BG BBSIVBXCOIRE1WO88F6HRDARPYK9G0YY6C42NW9PDAKGT9JPPOGL7RIWK8WWDPS8D25QT1LCYEU9R8 IY ULA33FIR5UVJ013MTL9FXIB9I13PP57H8IGD7EHOSIQ555PIVX0RLO9OVD0T9OLKNF3EGNOTIO14LMFL89D5OXH81Q0DUX6KSBA6C2Y5UBWBB1L5OG F', 31, 'ORMCI4STCHAJ2DD QEEDXQG2QMWSKRT6Q5DWSANLQLNG VNQ9ID54LJNYFSEMRSPI8W VWVBR BYS66IEVJEL98TN49Y3CQMB38OANLUQQJDSMMQHFT6R168W1DY6HDDAPN1VU1QRW9LX3B00SK7ER OHOWI9AE1ED CEEIH1PATGB9C3K6P1W90UHNWM3JGDJEQ6OBJX2S2N2EF TWEB381OI67Q472RQYG2CKSDITHABOD10V8WA3K8KH6SSR');

INSERT INTO PRODUCTO (ID_PRODUCTO, NOMBRE, DESCRIPCION, PRECIO, IMAGEN) VALUES (10, '59F2XOJ2J0TQ019GGSIGFKO31 4TVMYCW7GU6AV4M4J0KBB9TP', 'I96WL3F C4A0ETRL6513QFP4JHBQ9N5LQLNE75CM2EVU4FOF7H73WR47SMU3GU67C79C80NXW4DX 3UFSV79 D0UUHC8LTBT50SMC4F89XPKVM8WMMN5D8OXTAJ31V0CY8DP8U00UWI08NGXICTQICKDDMVOWE0RQRN832HDH4H9RLG416D05Y37 W3A 0I46ULJMXX68YCXCL7OGW3HT7JPU7RBY75NPRAHTWMSNQD257URXFUT4A6E5YE3ON29', 45, 'E87HV88LXP4I6P4NO4GUC54RHNVUFNJWWUR86M6VQ92K1F1L2LH7WFP4 9 W8AI2LMRVI EMFIBKAOE5WPLRQFC31LUHRC5 9WDE6GVPAC75KSNW13FMWWBRYN6MQWE1ACFH3P WCIAO5DY4LR6AVUBB4HO 9HE3U4II5OD8T GNCRV3F37NFRBGELKTEWCTFOQCX3MB6Q2BYSGJB9C4XBG927OJJQ1WVKIEGF0N8KFXCI5SO FV2N9LQ24DF Q');

INSERT INTO PRODUCTO (ID_PRODUCTO, NOMBRE, DESCRIPCION, PRECIO, IMAGEN) VALUES (11, '29LCNQ11V9HVA1VNIM47G3I5MWP9MP4WJ1YW629AJ7YCGRY0DG', 'X8BO9DE8E9EQOR9NQ0Q51K1RWMQT23IGKUJI 6C5VFH19GFKV8 NLU44GES8KOVR9UQO9CPOG8NFH70V5SCEWBUPPD987VYFLFABF71QBRKQITDOBGVI3 QWU21C24KNB03XGIBWKT4LIQHRRUHPLITEY2A55DN8MO7Q11MARHKWQU5RS96JO3VJKPV67D40HX2W2QS4W6V9GQIBH2BC9G76NIAM71GU63M YJKQUAG6G99IQJABJLRCS86VEDU9', 35, 'UNRR7T0TFYSOP25L8002S8SXGYVJGIVC TILBJYP3JFIPS TQJW7SLLFXM4LIKA64JH964M5CD V3EL1TY4RAP394KHHA2NPFXW6C0IWIKYAATQT8SCAV59L63MBGFJDLEB946WU7N728CF6JTIBDW2E39T3VK9QH4WTGLF2I8P5UU73HL47M5R2R6H8AX9W8UMSGNDLU 0O4UXHLWDU K090J6U6IFU 7CXGMUBWF1 J10XJVDGIIQ TK8JY77');

INSERT INTO PRODUCTO (ID_PRODUCTO, NOMBRE, DESCRIPCION, PRECIO, IMAGEN) VALUES (34, 'FIOQJIJ0NTO0TMVD2D97OR7RJT9R5SPXD1K36J808WPMWNYO1M', 'NL7MGYK1A2AN0VJFMUNRN2BNH4P 90F20CMS0QUT3GNTVE7086RAFFF563 72F7USYCE7VE1GQF21GJDGNLNJQ90E5PYJ6O0A4J2UPYHYRRVXKL50YVD5BVYNP4RTO025UR SEUJYVK9ONG2PJY73NBV59VGU7RQY080L10HWI8AIRKEDLVYQ2 THE2D22XT91PVL1IT94P79 TK56Q7D7 A2A26FQ7B37IA QFGBUT0QARC9FX9T7QQ0U2 5EML', 97, '8UOQQJ20UNNYL376XF57T17I9J1MTX01JXBHNYCWA0GBUOTXFPIEPET72ODYS131S5MKJCKFK87PCPDD3VMEJ DTN598650BTWIHGFL32WEWQH AWOQFVB2PMXXQOOB4F2RUHCEEDPMH5HWF5PUQXQ5IB5Y0W879TKQN1 R51CIVRVFPD 5C5 7YKPUQSYANO098UI49E67BWA160YV9BCOTE579C5XKO3G7AGSKLIIITG2VWY09IA053P0 JN6');

INSERT INTO PRODUCTO (ID_PRODUCTO, NOMBRE, DESCRIPCION, PRECIO, IMAGEN) VALUES (55, 'RLHY37JBTX44PTC77UACMP28HDGTEGSHYGLSTDYTNU7VO5G179', 'QX6EIH4BOUVFWHUDLCXG7 52PC73GBA8V1AOU66U9 RDLJQTRAIDT0X5AN23AA5VH18CUXBDIJ15DFH8N4GLA7GV6CA17HM23EOYNBR5UR2M8SC9Q5U9D7TAN T5GJ7 S1TPR0NH F9RGUMWKV B90BF2JIV5P9SO3GKR799PFC7S8U9XE1RC2NYU41IO873BEDVTFQE4N3CX2TKVLB YSO43FW V1LJW5QCJ1Q5KYMO8MLU 1TQAV40461IL9FI', 44, 'AAODR 63 S77 G2F0ETS QGJQUQ RTB 7M02WS7PK1 MRVWO23JQC40MEN2EVI9SYYDPMGB8FLMA MBT0LYFP1V8YNKLGI30A5H4XA9AVN9CC8HGDSJLE77QI E8GS1BOMWQJSMJF8D99VNSS 10BXHQ133CQ40WAV34DTCG FBMGIO5A62KNUBSLOEMTY2CW2C159QOR3AJDTDE44LWONKD2DRIA9PP5SP9GOOFMRXXQ7HS5XSPS6409O2BLMQ');

INSERT INTO PRODUCTO (ID_PRODUCTO, NOMBRE, DESCRIPCION, PRECIO, IMAGEN) VALUES (79, '0655QI1ML9ID9IIXFS6QTFT8HOHS4CK39Y2C19P8B2YPLKN11E', 'HGHS7N190GN57F0SWUK5ST0R QRIA1W20EMEDH11NF86EJAN 5P3SA1WBWX8WLXYSNIY896IW8Y7YYS90QMUYXVFTDID86IICR3HLP4EWOK62WGCG0O4BI QY5DE7AN8OM10ERNEAAR2ODNVPVIT639B3D6CBIAHBF2Y KJDE4B S6ILB8N PX5S3 EP 0TCYPHURITERDQ508XCOGSCW10GKPJ9S1J2DIB7EPCIGXU3DGQEO WO UAUDUR6MMQS', 51, 'X086JX12L6E1YVSHOQA8K5Q7CJ60HX1GJ8CRK6S8WJV7RM7HY1BO1L0QLO2K588DNFU967F2EU44I1SEFWY7QPB78MAV5O 9VGDO288KWP6SHL5KYSBI76CQQ06MEYJ5FXHFDEHT9D9O022ORY06QAW4QQJ5U4VPP WLIGIFRL5KRV54ARM1YSMX4RN9LX9KB0RDPXXJG EQ3NHDMRAVVSFJV1SAYFYQFLCNI2YY2VO81355XEXJ1E J7C9W39F');

INSERT INTO PRODUCTO (ID_PRODUCTO, NOMBRE, DESCRIPCION, PRECIO, IMAGEN) VALUES (9, '4YBNBCBH3WIXYUPN5SV65TTYLYY44E0QVGXQ8V747NWWKG1TDW', 'A5FTP1QY0GYF8I9CB3RWHCUJXPR3LA NOU01MDLF0KB9C4P6JJDPEY3KSB597TTRKTW96MJ653GU7IJ0TPB0SDCAW58G N29O2HTNYHGAUWNLDOS23N12M9RSY4E5BUW5EJ3R2QU2KIHYNBN63VEJODL7 GAWKI1O5P3XYUVYR1M1YLL646P939 MFW45DRXIP9B1T8LC4G8P6RGDBHGKUKUUMNW8P2IVB6BMM3HB T10WL46AN4OXCH8A6F43U1', 53, 'P MKBU 1KGKTNDD0XEG32QWCNIKT61C66LMG 69E1X2HUMPKY5EOIRTT08Y22XW1GKY98XQQ54IJY2NXIQVLQ9QSN4V0L0JJPRS77JANMASQ3VI6PV3TE4FQA4CT32QUHYWQV86I989HN356 XSOTMT WQ2KYWQR5243T HDV90Q93X2WW1RNQTYMOSFCEU194L40S5MQJF9G3K69658B6V0J4EIHD7LXSJ T0O6L8905DVDH25RVFW UW9 DKD');

INSERT INTO PRODUCTO (ID_PRODUCTO, NOMBRE, DESCRIPCION, PRECIO, IMAGEN) VALUES (51, 'UEF41KIN99WXOHK982NJ7GK6ABLVKS54NGG4BOXD8C7JTTV6JI', 'R47CGJTKPXJWW7IC5OOK8TY1BDYCT1C0Q94OT50QRN2WCHBM4IK3667P0PQTDXPNEVA3SCG4LRB1FOPT3N2MXK2G7OKB78M30E IMC 22TY1V85CLF6F8FORAPYYTG7LG3VEN9ERRBUYN3F 7I0UAVLLKGKHFHY7OKX6B8MS8HQN5EVQ02CQ6JLLPB1JSB  6ICLODBBW8UO4U9OW6WCFBC39OHGNA1C5CQE9LD3AESLEWNR08LY7QXE4MNMMX9Q', 64, 'B9I77HBUG1NA91XD8X2XFXIEPCOT4W9E790HV45J1IAUNBAOWP2JVDBN30K4B9VG6UPIJVO1CO70B8QXXFWIBGYL7PUMBIWHJ9D 293C EGOLTSPMTPO1TE66YQBPL4OD8 1AYTLEU209TPJ95GW1PHK 1DPJEPQEWEEWYLXMMHA3K5WM31OSI05KOLVYFFE0J3NGJJNSOL Q5HJ8B1E6N64IC6RR2749TRWRU7V8RX 389UW8AK2TYIOLOLTGI');

INSERT INTO PRODUCTO (ID_PRODUCTO, NOMBRE, DESCRIPCION, PRECIO, IMAGEN) VALUES (40, ' 6IW6H H5HOR8PVCCGSKR85 9RVU4KVNHXOSQWIKQA4E50DB86', 'GAQ V6IYXB F48BJIRFH5MB3N65D4MJ711DRL0B5AA6IJPGQIYUNR 0A25ALPY93I14 1LBFQ2418S  9QD81C1DPKP0HTJDXAOEJ1YAKR0LIIJ3DK15JTSIRXT4SF1SHMSWHA 49CAQK17EV1YWIVAI4LXGW KQ8K2A RHE94VQVBYWHRWC9VK8U12XSSG896CFGT1P F08W7JJ2EI6UQ7IHT1VADKJ700BC3RAC8JALRSBKW61237OXNTB90N5', 73, '29DHQOCN4U62K2IBPLN070IALIDJPXPBIEE5RV9JTY7FHX2DJANJ916N0BK3AU0S4U4CS8 MPT56FQEVOUDULUJ9CPAY59 K93MET9UUYH1P2QPTUY4JIQF3TT7W  XYD 2ONQQO54AMT4MLL0XLGN34J18B888I9UH17JSNA1L4YEBSE9OL0X3V8AW7PHH BTKG3JGQAU6RB33S19C2VQ4J2QAJA4B2CR870YLFPWLB3X6HSEQ7Y8CT4QYMS76');

INSERT INTO PRODUCTO (ID_PRODUCTO, NOMBRE, DESCRIPCION, PRECIO, IMAGEN) VALUES (39, 'HL7KOAEU5R3AIOVXSNA45E519XFJR2FO8 8HQM7XJ3Q19ON3G3', 'SB2E3NDNCLQCCNJF5D3F9PJTRKJPPR VIJ3RG12JFD QWFE5QV5K27WNHCPIT3SU7SOB5NHSMWFQG1 L7CVWKSJM6PCU69YG1A72SV3XC4SRJTIRKIE7JJNEG70QK7QFSPC2K3CTDYJBH3NHA72VPIIUW4KA8W0B0ORHEDSGROT4AM96NYMXFQLGV1QITHBGEI5AT2K2O O 8 6PH8NACWW52FE64IFWRRBGQW9TEBHJGOFBPR2E24SBLHHCA D8', 86, 'NS30J2GY5TL4LW0UTGO 2RHG0N851I R12X2GXISM 88K6KKKHSKKP8BMEIYW704OUMLIGU8F9R469MTMTRKTIYC7NX0VS7LS0YW8WTW7D0M8UJDQLSES6II7FQL6BAMQ229N09JYQ1QU20ER3E7B22ERADI3MCWB927VPISTC1XD5VGYUA7QXPSVQBCQEA9NPVXJY7HK0SAWP9LQ1J2SA7X3OTPELF0OLGLHCOKKAFTELX8EPVWL9DGLOBYXHH');

INSERT INTO PRODUCTO (ID_PRODUCTO, NOMBRE, DESCRIPCION, PRECIO, IMAGEN) VALUES (84, 'AC5TIN6JX4EXOT224V7A90DJPVU3 WF6GCM9 IMD1PI8DSPUBJ', 'BU7QBGA S74816W2KPWJM4ET6AK6BEGB4QNBITP28IULAP0KG7E9MD7B9B7 HV50FLALRTPR7TL05N79XI0O VQAQO6JNWC0LA6LNW2J06XHM6BV3L3T M6NDRMUBT10QGXX48 JMEHAK3XQ54DOQGUPAD44WU3U3S478GTWUGSYE4N94JJQGPG3TF1I4U6B1QBW1TMR8FTVBWO0UY5WBFTQ FXXFVB4 IIJ72FDRK4R UBWWT9S6DRJ63 2WKCG', 78, 'JBEG2YEWTJ9VPFKARHEJCH6WKVIIVCAX0Y7Y31P9PX0VH7GBR1D2GX5YET3ENIUFDX59KN9NNE X4XFJQTBSAPA25OUEG7OXNK0JKQ4QSV9NT65K4H QCDKBEG8IW49E9MC2UD0HJ5R22KG25 MO5GOO3TVHUFBP6PIXMCSWFGP8V 2IWBM1V77M5X32CMBST0X4FQBFK5OWWUU1A721GS1U5PCIX45TKYHT7R31BC3RM5KQ2Q8LISPN5A YX9 ');

INSERT INTO PRODUCTO (ID_PRODUCTO, NOMBRE, DESCRIPCION, PRECIO, IMAGEN) VALUES (33, 'H56EJO3OUH6SW4RHNFR 5SG7Y 1YS4YB68HG78KWKHWGVM6FM3', 'PV9 ET6O8N9XOJ3J2 84O 9EY5A1AJ 1VWAC427IRD5KCO0N2GT9M1N3RYPYIWTS31VF2RY94SK39RCRGR7VW9IKFA96BYWKF399DU40P8UVGT9N481Q1R0E500J5MDTAXV6016546H LVHR4JJNGF82MA7PTGMFV0MQLI09PAATIV39HWHQUHIWIDWVPHIDPB3K5OLGP72O5L7VM93DLAYWIYFMDOX4E42SM UCHVR3JFJPOERTHF3DHV3PQSBM', 34, 'MY8L8G8TFQ0EMWICKC83T5NDMB65SX 9F987 JDC TCI8CD2SN1KDYCWC3JUOBYH59V8SFN98STI3GAP LU6WUHC8R0HC5VPBTWJH6CEV4T07VVAO3347CY5ENIG8K66B143JTVB83KWS8UN16HPVH62 0ISUSPJ8WH6KKQFTS0VV05NLB YWETNXNHP9UTI2U8940U LMOUVI6TFL7K4BPWAO 227SAMUUB65G71PN4SWJEMFYGGHVDG2OCYGV');

INSERT INTO PRODUCTO (ID_PRODUCTO, NOMBRE, DESCRIPCION, PRECIO, IMAGEN) VALUES (80, 'PDL1R320UDL03CEIKP52TCCPNR9G J1D J7XM9NK749294NXBC', 'O8JKPX5M9JOH4LEQYJJU05XFE29TWY05WCEPCHT8WHOKJD53ILMVPQJIJ1NI1HT7U I3VIF926MKQC9YKCARRW580VRXW3E9JMCXU20S7PCWSYRBPXTMQYAJHMAIWMBMP08BHRKJQTGREXQJ6XTQMUXMAU91TEEGVWUV8CKCQNBCFAQW1OC6VP39BJAY V753W6R0PKU2BI64SLCIIBQ1FN7C9G14Y 3F4DWCGROUBXNK8PK1G1KH SVPVXPWKQO', 67, '3HIHBXNTTOOQYA L1H44R35N76U56DRV5RAIKCR1QWXCSCR8TB07BS18DD7A6B U4 1J58Y8ORVBHCT  7RCBR8959128FD41I32YSHW40D9SNQ8VWQ8RKJD09354CL3RQSF5DN09C0AILHVH9M6A1SA26 8UTBTNMHHAO8G4G3A0HOGJKAT1NG6EVTM165O0IR8TLD QSC 2ITAV9EY7RHU0YL37AENL29NA7QSTOQULXR39OT9DBFLHQ JKJ8');

INSERT INTO PRODUCTO (ID_PRODUCTO, NOMBRE, DESCRIPCION, PRECIO, IMAGEN) VALUES (32, 'UQ 1C1HVYM6C0X5LI7WR1WY5QC614MOUHCF9AQPF9MHSW434WO', 'E5188EBBF0DAF0G12AX084LGF7V5Q479YB5EEH29LDVVIBXKYDV6FBB5OKR  I8O9MMCMM OIETLEPDUYDT9MOW0NI0REXOLKX67D5M6ABI1NC5F3AG8E3V4CCFJ27YB032R76N9AWRJ5DXW2R83FKB0J58KX19CALRURFW1D37TFPHUIEFDMJSRF6B08EHY41LLSQCHNI68CRJAHEKLJLPV1OV8TXDJINXSGN1SQULFGSPKKJTB1TCSO2T9HOW2', 37, 'U4X6CWJ3MYEQVTLNI1AA5L0C4W3PD406Q7N56MA4FTFUE18XVAJRV218RSVWFSMN1VLNDV3 ODADVAN7RXFI21KJDU78YIH7EQE9XPAL2VT58J5O29WTQOBHM0 ATGWCYS86U8QJ4Y0C8LM0SQW1B2KTR3 4LKHMC8G8ID4CNXYNH71HWLP RE9ANQ021BUYFLTV4XNRDDT5HTLJ2LE3OJUGWT2H9C3NGV8KF15YEF8QOMJUKAYLS5Q676OBVVH');

INSERT INTO PRODUCTO (ID_PRODUCTO, NOMBRE, DESCRIPCION, PRECIO, IMAGEN) VALUES (56, 'TMVBK75X9AEB40LW3782L5UI8S7 XO LNC7VDGBW0O0UVYR7OX', '6X1A3RD3N6OGW61W6W61X4A304X9N1W5BNC88NAX9GV4LWW7R 3BL457UBX P7LREEDV7VDM6VTTVLG 5EFKDT16NVWUJWFSCFRDGR9 QQBERV8UL5C0PNOU6Q4NEBMUUY8K6R5DQXL W443D6L38Q84HX4KRYPCEE2PHNJ1 3VY6BC7V2V LN0B8G 9PW71PU XH3TTX6BF3HCQJL9E5H51M0ACME3VFGW0UJXJVI1I7ET2OMNTFOXTUSVL054 ', 38, 'YRCN U1C 1JHK S  PQVW057OU5I5S2935K7WNCLRC1334GD4K35HSNABI4FK7AI9GK2AI1AS3M6S8MTI66HQBBUUCD2F52G3KEII9RBWVIU8PNLG9X7NOL7DPF RLP1 AQ8LLKLMX6965FB1SNXT7QDV78KFH1W31WO0WO7MF 4YFLX99JSDF5I6FO8YDLRYXN 9JKHROKXGFAYG2GBH86NN2G 7PE8MBERAURX3 E4TJ Y0T5HCOCKCNO1ERM');

INSERT INTO PRODUCTO (ID_PRODUCTO, NOMBRE, DESCRIPCION, PRECIO, IMAGEN) VALUES (62, 'BAOTG Y9B2TSRCJ4E9KUULKQ1 W0D4NF VK6AJU0I5KCGITKST', 'VBINXJTM3H8BXMWOTMYKA3NPQ6DY9VQ556O8T7KC2SBUFRM28I5LYAIQ8USYSNELQ3EK7TYIY15ROCCAE7OF7P9E3XNOQQDYC8W36LIEOKCDAVDSS654LGMJCXO7B7EFLEEFA5IWX0ULICLEYTJHE24 UB51I1GX07CA5256 EY67JU2A3CFPW1KXW45VBLOI EGF5XCTBDCKMFIRTLYYDWTKQCR3E0AJXP5JQSKOKBJ310CXOQL8J0T9W69MYOJ', 90, 'WUBPJAD06J6L159OT1A66JHIO1H8S8UM80YXPM3KWQ5PUIN W3 J45N1PRU61X04A2J0K VPQ4E74PYYVH Q08O3D37J58XTGW65HI28CXD5N73ANSUXAEN6SIKCINIEI8QEQEWFFIXE167KD672OPNHW33DFJ9TK5MN39GGCELN2DW22AB6DK6M25GJDQWU2W55KRA8YSR9280Q6T1H8JQJTODJ6ECDFLRE32ERCVJUBG 92JURUXHDA RCBYG');

INSERT INTO PRODUCTO (ID_PRODUCTO, NOMBRE, DESCRIPCION, PRECIO, IMAGEN) VALUES (36, 'RV0YXQR0A7TBLB2XG85XPWAD64V17O5X9ETP86H8ISRNXGFJUX', 'SQ48V22DYB1G18D6 H RI6H5VWTL8Q710FFVQBPKDLFQ9CV8KNWQBTXOJH9H8DYKYAV9TMQ6X620V29TK1 YQEN3OT3NKY082T2T9H2H2NOQIV366I9D7J8LRE76OLKUE41AWWU4T369KQ01U39 KJ8H01WV4F4EVM8T9GAARYPLFOFR2YPBT5FRTPSVDK1DT7YOWBBVH2UMNA0Y1Q9XDWU84B59NMB4Q0U8DYDQ8BG7E6GK8I476R LIP3GXJFK', 43, 'SUYS72XJHVDWM843BQ3QO8FYKXO6CDV4G9O1T9EEEYFK70I7X9TS4S6UDGSAPO4AP7VDJIXMIGYNJ8K3EFP5BX1Y3ODX9 FMDIO68H8P6PUTFH4HIPIACXU7PQOPB8QXGTH2N A8211201FPP7X7K72I2XS7GTKCOGY T7G42TV2UOP2LHAG3P07I6FLUJ1OSOW0N0W3U6QGY NCG UDCNMIACP82J2CSNI11QQXN6 I0CLFINRYQOQWK08BTVC');

INSERT INTO PRODUCTO (ID_PRODUCTO, NOMBRE, DESCRIPCION, PRECIO, IMAGEN) VALUES (57, 'JV8I54BA1WWS9SKP504LUD73EVI685JV85DIWKLXT6IYPM38 J', 'FKBGUN1R0QL0WNUQDKWOD1CDUS3600QT D2JQLFNR5O208NVBNK3HS6JX2E6SW67WB8CGRHIIXAM H0X5G847BOGQJJYVT8SEPVXIMW0TJDRH9K 20IQPTRR1E3RBEY5NPLCKFR72UXXOXWT6 124PL4 ICMOM03PLGUJ4W7X NLYLUL5O LJ9GMV4GEDCMR0PUXEF8E1IFNS9A2EIFDVR3OJTH5PTMLGRSUH50WASP0VH7384WVVF80FJWVNDMT', 99, 'C3C8IVGAAXSVCUADH8WFWRN570G9CQM3LOCH1BSS 4YEQUEWTSIS0P6K49DEH28H450AG7PXS5157T2TKRHVIQLVDB D2MDMV372LN5D6V4NAK8 Q6G71IIQA5NCUGW60H9G0WPH329MKOA88VHMO5AL7HS1SR8BG9G OOKJ4E77XIELKBS4FCW3RHSBC9QR2RM5JE6PE CIQB624J3KAUXJUNERSA6IQQYIPLFHW7CFGF18657JRFGJJB86W1A');

INSERT INTO PRODUCTO (ID_PRODUCTO, NOMBRE, DESCRIPCION, PRECIO, IMAGEN) VALUES (6, '11 L7M9I0PJ9WFVJ3KXWD0K96G XY1OFN5OQXTNEHNGRNF6PEK', '3NTQ7T02P2Y1I5QLXRQB1FXR D54P0SLAJ6O4WG000EMEB86IAC4KBYFPU UY3VE6TMVKOQRNJ971GJQS4BOQ842QOAAJ3WYU 1THASSN4VBJN9GHK3KJKC30QE1F88IWQT9EGX27PDB67LL 1R9JFP24DEIUJT47EFB4096VFS2R4P9UE0JLGW7A5JHFTY6I8NFDWE2W5D7PUXAH5YV1VODDJ9FFPTM78K7EHJIHKOPGK1MC50LUVRTNMLY2MK2', 15, '7XHUHAVYEMXY HQDXXB3KRT54TNMAFW 99RILWC5TLWCRDCE35 TAVAKN9H5IJDMELSEP87XYTRMIF9 BRQUI3CU5WJIJ J07I8TB2 GD03ME0RN4BAF5GD1DQ7T5WCMOBGJNIEBPDI D9PJJ77 OH1P9H 582YF5DLOD5KI19MBAI6OVTBKE81A2DMXQ94WCE9YK3V2F3EVI IYQPCU6HCPU8OTM85UHG44V3K4OYH3B4HIDJIVXM8G28DY29F');

INSERT INTO PRODUCTO (ID_PRODUCTO, NOMBRE, DESCRIPCION, PRECIO, IMAGEN) VALUES (69, '6D3H72KF8GFR NYWUGP YF25 9TUWBQUUIWOKNUDOQ4FU4U9G1', 'JV83QW13IGLH0Y8TPIY0AYTJQGCSCBDP8T6LL4A9X6NQ3O0FWLFO0UJ11XXMWLDNSRH1V0WPXY54PSVJOKRJGE9FS152QNPI 52ITS5NMIS3ISTED1V5LA23OWCGUDDH4JC8JLI7N92TT8RT7P31HNSCNGH9FO2IV6 4CCN00QG72KFG457AXO1POW1BYDMC6MC5C7JJDR7DLYVX76ING9W8NE1UTB2QVQU1RE08FRJ5QRA3VP4SUOH9JCV1K0PE', 26, 'HMIJQEUSR8L91TUTTXKATOIK58FXRX7YDT8QP5MU I31OHYYX0AN2GWMA8NM52TI6LE7ML943LYGLI6OVAYE2QMUS0LRPITPS8QFWL2V71MUKY9K6KRYR7HTR8OIEHWXBPCRF6HM19D 2DP Y49RT757YQUJWUMOR5CDYRVMWX2L73M09X2FURGSM9FRCDQYIGL0P LQQFYBFU HO9WEXN 3D7QH5MI6C4MDEOGKR7SL762Y TMHC8DDR8107TB');

INSERT INTO PRODUCTO (ID_PRODUCTO, NOMBRE, DESCRIPCION, PRECIO, IMAGEN) VALUES (50, 'C6YXNT0WJW4DP VHJJ50907XU5373T0RPQW 8TR QBHD4IF2A0', 'KDS9U9CU UCAG6HKX QU0GCA5BYIY5KRITD BTOIV5O25 FK 702XRHPIB37X 38DIJTU5 J9NALGS6KTL0XN5WIQMSCKVJ9LK45U76GYYE4VV2PKJESY4ANC9Y8 TXH8QH2MPHRBBDUK9RTDGATFTUM591TNSJGI0RO8JXV9LBBJF9ICHK7GFSXW2KTRR0RS6EJ24CYC6QTCJ WOXIENNI36DP2 I1UAP A1B3I0090FH5NWSR7AHI9F7KAQ112', 47, '8KU500WS7ES46HI80XY309IXI3OI9E9PTNCBPNJR06LEBIA 2BNR1NJLS40O3NMAB1WDJXJ051DFFFBUR0HLDHAT73KHPVGJ25U 90LE3ALK2JU7SS45BJBQNE3DFAFCMOB DNHRPNUCGKH37QCRM2I UWALVP2W2AMG043VQ3LOPASHBV6UKCMUL0CMPKREY7 J0VW67DWI11TITUYVO3FVXNRCXX37KC3LQJME30NG4J940O4K2KHGJUR40Y3');

INSERT INTO PRODUCTO (ID_PRODUCTO, NOMBRE, DESCRIPCION, PRECIO, IMAGEN) VALUES (46, 'DUCJEKWKGNB57QM9ACWWM9JG00BRLJSHMU98P9UM9GO0ARJUC6', '2EAV0L0GR38IB9BG79J7REGJLPMIS0Y0AAA6KABN79W2YQCYRRY1 2QFS8W60NYSDH93XB1UWLCMXT6L58 AB3 346EXJQUJ3URQTGMG7Y85R21V7PM55RUKBW0G62FSRNT VNKU5CBS4T5PJL8VG6LVAX7 6ST4UMFC5RK16QEW8FOR5J721SJB22AHVBXH9UFCMNP8IWNQKTNKXH3E4KTLEU8XSHI7UB8J10XLE XJT2NPL87I7MHKCWPG6SF9', 3, '1623DCTD6YROD4B7 L87SE70P06MX8VID7 UIE0W GOF3YXYHFEKB3G27 11YEXMWKJOE PYV7CWNDUC4C55N9 K 1PWDH9TL47I0UHPSGQGQETHE7 3C760CQVR7KE7J 9TMDVAKJDN2GOBQR1N1FOXSCOQ7TBAENOOFF1IWQ1RNIHY1EFI9QGTLPSAGSPHV6RLWPYARW8GOATL9WPJLIURUC04F0BUYXV9XGDLR236BAYLLNA6DR405M4R1JN');

INSERT INTO PRODUCTO (ID_PRODUCTO, NOMBRE, DESCRIPCION, PRECIO, IMAGEN) VALUES (44, 'R2N2VT5STFPCMHTGM97BO DI26462SVJXGGKK1DAFDDORANRQM', 'XMAKGTRK9S174RJ2T5LDB4K252UIGLV6JYFEW2O7LF6Q1NNAH5AH8JLBUX VJB3M1N8QR DG649VYLKNWWNAF88NJN40VL15IX3GT3HJUWORDNV9F9665USRJJNMY4C8BOA0J5S829TTVGET73A404HR5G11RJN2WBLBED0H0 VH GUS1LV6II595FQ515R5JGVD8VFFPFQ1Q J9F0U6XEPRVR8C2M8AGC24G5G H2N1W3OSIMYTDCS O27YOALR', 71, 'S7GV EX9OM70J6B E6RCJ1Q1CGDE3RH4 YTO63DR4JN 7WKCXV7GYIFXYF5PIX 2920VPWSVD3J84I9OI33STA72MP0NEIGS5526FOO87P6K5PJQ93B9R5A9JGCYVL17MQ86 L3HE C76Y6VTPIIAA33PK2OKUH9B0K E6SI0WIL7EIGQBCUPE6R72SNLXJWAERTVCLKFVOK6Y0MLICO1WTM8YH8LEY0W9BT3XJPQEJTOB22Y E8FDJ4OUYNKC5');

INSERT INTO PRODUCTO (ID_PRODUCTO, NOMBRE, DESCRIPCION, PRECIO, IMAGEN) VALUES (61, '62NOK6EXKRMTB POGY6KG7A OC9AITGQO0D67RTD 5Y85UXKQS', 'IDOUQ6PU8 AGPEDLWW49O974IG5P6Q KI990GLD5729AUA YAVESGLS3PC8XSOXTH 6JG7EGR7GCMDJF3QGAF8N8GB3WUC9JU6039XR9C 7TAO VY84NEN9LF06A00A1F3 KMBF 97R ON8 9ASP80AXFA3 GS35U7GRH  AKBX95SANY71T 5EIL KF3719W4 2K2MO9JYKSUVRAKI82FFPK W2R3O54HGITW0QFFKIBHV 02ETISLIQG0G7K1F', 5, 'B0RCCKKNK YLO3T08B64BQUVGQPWUCWHOQCPP8QHNWLKJT0KAT0BNXIQCMNPQCBO7LLCD7TPI81HJUM2A7NFMQN2EFQGPTFCFMS3DJN14GE925571ILRIFJ9FJ UWPFPMPV9JRPH2TM5 QWGU8BF0SHFLYG4EMDL5H7D1924HI1KUXMPI3FMQ6EYO7V2JBMI9V9247PHDPFCV33WIJCEDF883TCWI0CXJH9D9F8N1Y61GWWGHJ6H046RCRN56C ');

INSERT INTO PRODUCTO (ID_PRODUCTO, NOMBRE, DESCRIPCION, PRECIO, IMAGEN) VALUES (48, 'E21RM T4 L3SF 3OADBCQ58TYGY5R1P1LWKLWE8 ADV1TLHVRK', '3XYD0 R691AJ1P84NLERYKVOQT4T6EG2SAJDWL7GKBO15MPHFUB3VFINL5MFXIYVNF5M4J9IAV07Q88XP VSNXFDABT GYA2U327HSCA56LOV340YFA6TMUA4C3WXDPMVEUBKFFMYLDG0X1X 0Y11QYW1065EKQRM8JIHHM3YL80IDRNLQJC06 F83D8OTBMRIWJYY2J8MUQN0GPD 30A25FB291PU8329N JP54 2P3RGKIIE6VM1P82U6RP8Y1', 10, 'UDFBJ 5YO3G68FYGD7O2H9BVPD3KROD1E8A U4 DO7O7P75BW8LVFWLW4A4G9T752E71DFCFXJ7WMSIFOMQCIP7WEJ80419HQY0XSK1Q703GNSD1IVN4SN89YY9G8 KQVK3H3QR8MNUD4KVYM B YTUGB93DFQS5QEYGAM HJ00MAIHERED5UYIKE5CTU781LOAS2MOGB1RSGTLO4FB3389YVAWYDGJ4BHM P5FB YA51T3BD15 HY 3XIJGJNS');

INSERT INTO PRODUCTO (ID_PRODUCTO, NOMBRE, DESCRIPCION, PRECIO, IMAGEN) VALUES (73, '96JRRSSCD41JU  XY4YNHXRV9QPB OUE4INJDUAKHY7MX68FLE', 'WQ44TC86LMIO4 4Y8PL7LRMJI9YTR1QG9GXABSTF2VC9KL5QVKYOJB6X64N1T0Q FIAS55UN17HKQ0TM7PUMUVKATEKAVA1V52RD8497OVOUG63LXIUOF46XGJL7AGYMEECEUM5RNM6TXTUIJVCRCB92EOT7XFF5KC50RE2UVP5SQSWQSHX LHUTX8GLJ9NIED0MDTCQLWGQQ27 Y7QGCS594M4P AK66S6BPC489QHL0BKXV8L0XB9EDDYLF5T5', 48, 'RR46NPK4L3R6B2H2S7BH6LDNRRT5D46D996825H4D76WUDG4J FMVN912OH26O77L4PGU72DYDBNQ8AM89LS7 WTBRY9TL08BGQXEE2RI7W3CM3HC1PIT 2LG2VEA846VMW5F4VV222FJ773A63VBALLA1PB2V1R1A0HQ3YY0VIAVIC3LWIC4YA5G91MN1F0F6I4FGYV9HXM85YNELD6T SK2KDDME  80UY2D91X8N3K43SH7YGMMVVKBU2BQX');

INSERT INTO PRODUCTO (ID_PRODUCTO, NOMBRE, DESCRIPCION, PRECIO, IMAGEN) VALUES (71, '7FAQ6SI8RXYJF2TQU8HQ61CWB2A4737TKEHP7VU4IUCLB02H61', 'JGWWRN0LH1FKMETFL1D5N1W5AEDSON7JJLBD8J7ORCSJJGVBTSCV6EG0X5431KVEVEDQEIUEJD0X3OQAG1W4MVGP00COL CH0Q7MYWU0TH9ACN7CH1UQQA9CG7UQIQANTSWF1L56NDAYN7B41QHCROHOC8W7AHYR25KLIQCHFSHA6Y4DXFFJ9I IWVV6Q3KJ9 72W58OR0GMGEXLW3FYRTHXQMTOEHUNGPL32AN0K54YJ15 1HNQAUGI86E46HIE', 4, '5UR7KPWD9DG5PPM4IOU58VHVWD2J5BETBJTVXSQ0C94T4NS1 LK5Q6K Y26HWDVK20XB210F8O8P20XADHHE6TAGTSUCKFPEVK0OQPTXIF5SMJSP5BBK WV2SU6SPD1C9GPFV69AXDXO1NYFK4SNTSCVWXPPT7CS867Q3QRKVPEN30D8ICTOOAYQPPS4W4MT3GQTCA1NJDYK2J25K WIBDHC8N3 HPJ27I3W 4CNA07IDP4IDBWJO9C FQAB3Q7');

INSERT INTO PRODUCTO (ID_PRODUCTO, NOMBRE, DESCRIPCION, PRECIO, IMAGEN) VALUES (13, 'UER720IPWFYQKFHFJN XB5TP3RLA1P93X YAV1 MDP8YRR2I99', 'G0W6HS9XBHQ RRBY4FBOK10M7I9UHHQR25XA131I91DIXF9LGFIR53N1V57NA05VGMRNVLFJAT42PS5R002GS2ATH07T4QB31K WCB 2QV15X9Q94FPHGVYY5U6HWKKUPB9XX7V4QDSV4XS31FV5X8XFMITM5XRUEC 2YDN02MN5868T6IIFLG 39TO5XX RKKF 383W73LYK805K3CNT  ALYD9G0UL578LUO5BP6J7KN4RM605AX6BG9GC081T', 76, 'XAWN1NRSUDJADWJQPYE5R9OG5SJ6BS3 1EXXHU4WI4N9HV JMK 9JCAI4FM7E NROA60BH9P4W1AX76 U EU 8RXXVPYTMIDMXUVL16HQ8E4LT1V6SPL I4AL45NHV0UJ J1H3E1 94J GDW 9JV9DSPWSGFNNW9NYJJH7MEMM9057RL783Q9S334RDNWTFA4HREEQREJ2BWTWDMM3IC4DBIGJAQK6CPWJQWSKMBLK4P UKP3M4H3H2AQD5BRI0');

INSERT INTO PRODUCTO (ID_PRODUCTO, NOMBRE, DESCRIPCION, PRECIO, IMAGEN) VALUES (98, 'F05476CXNLL6A83P8YE6AH5B5MCOU9KT1XEKQSTLPE2IRAU776', ' HRJX2O2E0EKFKTJ4S428TOY9AOUKW8K15M9 3TQGY42FOCU8CGB7KTUW509OK88KE45HTGLTDJMNJW14AUTVML6 CNO9JXCMSLFGAOW7VUUA6N6 ALSCW1I76JLOQHTDHM9A2XX271KBTJV6Y779FD61XU62KMU A9JDV8XLE2S942VACQXMILUWN1O 2 8B102WUL6BEYQ54KB3 KDB0W5458GKMHH5DVNL6Q42VJ4B7RGQ83LLKACFA8JMVHW', 0, 'MU46FJTVM86GFN5ORIY00YXUBIDSTK4OE83K4WVXNSXM8LHNTHTIA0N9B3TVUC00O52PF4U1B1JABBF4OS5PET EMCBIKLVXA1KEF037M9BH30K6RUUUQAVA03EA8QOO 7S6U3WTRKCQT08V6BL0SNF7YEEDLRR2 408A1NUBKBO473R7  8IVNTT19R4GS9HK1Y1MEJCQOP2OL9LK7UDYJUOC0DX 2OQWR3GAKC3OS61GJ5FQGMTLCLVXBRCUX');

INSERT INTO PRODUCTO (ID_PRODUCTO, NOMBRE, DESCRIPCION, PRECIO, IMAGEN) VALUES (27, '664PE8RI1WQGGJYXBCBJJV94UO575LHX03KDKV9NSS5RIRE186', 'NLXB316VICL0XY5LUL4PP51VTRD7DYM2EB1S544XLFTJTHPF15KCPRNN5H01J2A49VDUE707529JQHR26FC49JKW 3IENL7QUUR4VEO3GRA7VBSY SMUP1KG1PUD3HNCH8LUMRQG02W0YT1CJL01NVH3SWQR20W9VCHLWOSD3VWONDM4EH1N0E5UFO60X9LJCR66A6R9SREXLF6BK SLJT6GAJNUYE5WQS70D5N2D TNOSGWRM9EHDP4I56SENBD', 77, '5QQDI4SD7NMAYQP0FNIRS9Q2 N2F1K6VG0WAUJWDA3FH12RAKP5VLLNTBXED3TG8GIM876UBTY4U2IGCJ90UGCMDOQ9OGSCTAC4U TDNU5N02J5DAQWNCBOEPSGMJ7QSPU9PQSSIXN SLG7JSW95XUB31BYWDD6J44UQEXC5YA9KN04GGNV9KS0NFJ3UTHHCP8T9SJ4YEY96N6R1FI5J5SA4OYCVCERBMNRS2XB X05BATH1S 5 KYIL80TGYDD');

INSERT INTO PRODUCTO (ID_PRODUCTO, NOMBRE, DESCRIPCION, PRECIO, IMAGEN) VALUES (4, 'CR29PLW8DNEB5S6VWN881JFNCSPB8PJUOO0K1E28XL4NTUKOE6', '6871LCSEENFNJV OQQC 0IFPMW1EWOM55L44YFFXWJCINL4MUU04CDGXM0J9B5XIQDIGFIP1H U5ELX5 I6HELCMJ0XISPIDLHRXAFA25ORP1X3PH1KRE8UC54OA1R7Y9ASQXTAP89R6AM6 JL 43C4LP VVMFGQFRBTAH2NW X6EONESDKR0 5W 2K6LI8EONUL3J W1T7DBQBCMRFHQV2O1DAAG0PUS1W6LJX5SGMCPDEWGNQXEOYV5UCG3F16', 8, 'A6F6UHHQRO6R47VT8CXI8QQ4DAT611AQL9V8S9SP23S JYGHJ8VT3XYPNXI18GKF46WR0CXV0B M4B7D2GRPI9BLRLW689VBDUB2SYHT5H8U63WBA61M 997X077HHXAHKDV9G3DKDT31ITUCEQN5MXHE41P8AR5HGW62KW27KDKK27J2W4W23K42LCYQ  VKU8B3I5LJNEEG22SRR8K4EE8LCV7F4U 6711E4I8 YK93Q52C T4F599CA24G1U');

INSERT INTO PRODUCTO (ID_PRODUCTO, NOMBRE, DESCRIPCION, PRECIO, IMAGEN) VALUES (24, '15YBHTX0G2MIU2JEMFANUMLXRR OGA9T25 L8EA8DDLCKY63W2', 'XN0BFTK0YQWJ3SMCNFH34N 4YV1VNSTQ4IB622OXUMO7WWBH0SGHNPMK3UVW6I2 VV4PQ1PISQA6RBJQED M4F2CMU6IHI IPHBN2OVBYSCMW9M0 R3JDC14UBY4TOWBG1L4CH4TWL1JXK3CH8H90D2LSM1A3N0B4X87S0YYA2PJ60XCKXQ8X9UF1K3E2CGSYQAXPKEEC2B15VLBRSKU6VOPR3TWYXSG3MOT8R3N7IM1VRABGYPD56M LF7OTXAA', 32, 'VCTKL0VNY4HX1G2R5R8IK5M84OEU29QI0V1GPWDJHQ2A  23AQ5132FKGNE30IAV9QNSSUXMMUL8GBTRVFN1R Q13POX E3VOKP9L5Q 46LQ45YG7LFY4KTIELWQEKPGLDMY958T1W80VTQ0AQ9 4KOVP6LU70V NE8R0MITKD49VLXA7511OFSSF90FH9P JL7SMQIBW01UIKQIH6W9H1QVR0HO6RTJIP9KSXIVJAI6YEPQ USJ9SSUMM0MAMN');

INSERT INTO PRODUCTO (ID_PRODUCTO, NOMBRE, DESCRIPCION, PRECIO, IMAGEN) VALUES (82, 'SIBILFL63N3WVL 6FXS JTQVF7YHKX21CX9POV89K76T65Q9X7', '3 V7AKILBQSVUJHXQ LN14QTPCWOGKI6FBSO6KQ24WR995WT P7JNI4KCSY8OQQQL060UMDTN22L UX7VND6YR3KPSIYJK  9RO38OI7AQWYUKHF8HLJ79GKLVPCEXC0CAT36HFSMOAYJLF45MQY6 B 30N4DASP40UKN5E9JI4WBCCG7UWPWFMDNFWQ5GYLDC0I0O6BPTFT4FAUTWTA6NR0461C9B9Y YT NMJC6WCKF390J2N 9BOQ6VK5Y1DU', 94, 'YYX72D8JS1EA2UEMMCJ3DF0WS261L6HC5EL5A5C6K2RTV963JJYEI 9J RGBTM49YHCWLI1EK YOT9NH0T57JFN34GXH95W4V4AQKS6EO5IMSI3FBQ2QCMJ568GS4J3WVDJ ANF6HHV 37JTK5 98VWFYFU 6PJJHQ2LBO870FIT5 RM75XL1KVTXX6SOEYG5GLWLUPPY0IPUBWDA0FY44AFXK99MQ60Q4NXMGMSYRS6A3SYAX JIGXRH742UDR');

INSERT INTO PRODUCTO (ID_PRODUCTO, NOMBRE, DESCRIPCION, PRECIO, IMAGEN) VALUES (8, ' LI51FOYSVXAA8ASDX291VLG9B054GXLUA73S T5OUGV8MRDLE', 'HGFTRMBVOKLG36CMR4STAYFMEQPLSRXM1TEXL9  M9KF17XIB36Q 92Q4BRQFNRUF4F7VY681J0WNFWDW0PUKST139K5DTDD LDBK2QXIQQ0CJXRUGXWACJ439M3FX20KU1PPOUJ9NWYXYAPNCM1MH3OUXDU8UT2U0JNR57R817C6CVH E6AVX3T37NI79VJ6RT14V27JKW09CT26MWR7KJ3LBYWTEK5K1DLP8PPHGOB9JA4HCWI0LG4S PUEDYY', 27, 'HXC5TY11R67GE807S7K28HS SXB53OASVKKVELT WQ8UGTKW7DGLTME19XNKYGXQJKT2IGMS8CL0M0UIEN VB1DGA1I8MLNWLYKUNV75J491U1DQWGM0RSRSK55FGYSUYDYC1IOH8T6CF4RN  ETLC IG09XNF8K1168UL9UGQVUW6C8W9 D0IFL341WSXIR909YGR846OIM6UCRIH78QBXKUW4TON8TS759FVF8BEYM9NN3T193NLFKCGDH6BC');

INSERT INTO PRODUCTO (ID_PRODUCTO, NOMBRE, DESCRIPCION, PRECIO, IMAGEN) VALUES (75, 'CWR3RCQJXL2A YRBST5VXV146ORDSP 3YE 34BWETV2D2FWFWW', 'W60SQQL28FXGFQ3641E4OPXVD1NEJS2N8KF5 3ESH9RHIR41 IMRG6B9G B96DMS8UY6476 36S5MGGMD113V4EQOPUS6B U0EAHSK2BDN8OIAKXC0OR5UQMYBU7Y2VL0RNHI8LTHTQKDAM6TJWVI6EP7A51LGXF17W1 G12A3DP04HGXVVYS5B7TE59XBREPE43LHR8XU3A7TI3YF1M393K0FIMMSA2HEWFM5J87PR5XLBXV72LJC5YD648FBDT', 18, 'GUYGID1C1R AFWF05V08S65R  9UNBD20HYHWHV3S6FLJ C40AD8FK3NLYS DB3A4LWE1OKO2GKAPDDFBWPX27AHRR61 A4DSHQ5ITGNH8VVDLC5R4KQ9MGMUL8CDP3NFF 98APGOUD0AGB7I1XXTD6NMPC 95DNFTTS0J8648UIWXNM30 3M3TUGGCLG4PIWFSFW 6G0AY11CR0OJGODTOCE3GQEIOIMV G2V7SRLIEMVL101 AL8ALRI9FGED');

INSERT INTO PRODUCTO (ID_PRODUCTO, NOMBRE, DESCRIPCION, PRECIO, IMAGEN) VALUES (92, 'B48OWS5A0KC616HLH9RQK8OUD9TPL2L05NT77OI0IV5L4W6WOW', '7BGC0B8DJPK9CVJSP8A3YGVOSN4UBWIRRUKH9 9W8FAI4NUB1YW53A37KO4XD9BBLF 5F57BMQ98HKE031IM 16FBBJ9SJ5XL0FIXH1ULG7S BXY8X5SCXUMJBFASE4AB DR33MBUBNSFFV8RN6UUXL2DNHQ0OUWW8UOBXUMI24XV67TIXCMU4Y2WVXJXU W D8ADQPQHUMQF0ITU84M3R12232SHL30RR6Q9NFTOBSH12OLOWUEFVYR7FXY5S5M', 96, 'SS5H9H72KT77YVPBKPRXC40WLJ34WKA2PPHT7HBUR4Y5XIIDWOFENMQA60U6I18TAJQ 63C7VV1LSMQ00567W8SQW9178 3MN46H4AY9PUGA7ONIHWLYGQBVSPT6E5S83RERLGQ2K2MKSCMS429LCSYWURHRCCB9FNO5T44E93WHDCNGGJ339W640AXOJ0Y9R1YW90C VPVINXO6FNG7XE9QQCXVHXPTRJTW73J9JQ0TAFAYEHWTRFHYPFDV4Y0');

INSERT INTO PRODUCTO (ID_PRODUCTO, NOMBRE, DESCRIPCION, PRECIO, IMAGEN) VALUES (22, 'MBXTJXUUXIHXD7DU8AX 2K1I7 6AYIMT KAWV2F8570CB122V9', 'RCI9SGX6MAJAHE0OFYYRRS8NL2TU738QU8EMLYCYX4O2R12B1ESKCV1GVETSHQ 5 CKMJKFVV945EYENP0E2D7R8 87GHEA7AO0UTRTF K2J7VH5LEFHP1AHRC1 JH8MID2L NPBN34HHO7L8OF0H4518AA74GRM7WCE5YMIY6DS4P4XGVUNS4DUHEMGPTQ0WVD1PD1RAITYRDE9K0WEMYLXF87C4OKVVR8376UQDA6A4 PHGH3IF0V4WE3RU2F6', 58, '711RVWPTHKYI3CHHE6SRQGOS7BG6BFHE50LSMQTXE5HQRICIRLSQUIGNOI2SF1U07THP1CCDX5X2CG145LHEP3AMPVDUIXHBGXA10 4IVMGVYDBGB8YMC577SBBS0B5IQT0QMEVSPB3T15GSKRSGWM40EBYVV89EQSX7U9U4GRTEUQOAIVW1NR5ACOJ9VAD9Q HXIRQF3ADA2NXB1UY0O WJTCEXUAU10W5GR7T 6M9089OECATR1PH DHOFPPH');

INSERT INTO PRODUCTO (ID_PRODUCTO, NOMBRE, DESCRIPCION, PRECIO, IMAGEN) VALUES (87, 'CSFDRHHBRI6OHDJO54M5 WOLG043E7J430QK41VRDRCKHFK2YM', 'PCK8Q94D2LBILH IYWWTDPJFRS2MY 2KC4SJXMUVUBQ2KXRR4EY38Y8VXSEX73FRKPC2MYH1SRLOIGFQXYPVX556SN578NCNEJUOG4RG9DCWOHD65TXA42P1POO83BX8U6DU 1CLP4748975X332C3W HDIT8Q HMYPQXB4QF9M3NNXLR7INENAKUV32EM692QUIKMG1GOB98LARHPBSOL  5C2ADY8EGD502LU4M W8466TGAXWPK8MIGPI3FWS', 98, 'EGPW0F3YB7S VYNM56T0FENYOXQBE86T98GV4HC1IPYDBNTA4096PETIJN6H2YY3LDYUXTK17C9T4P9Q7LLLSSG5Q1UV9Y4YXBEB5YGJA0KFCFBT8TIS2RC0OYHRWO9E9TLICAF2TD80TC GY4ONUDMXY59EYXGE4NK3GYCHOKX256YA1LRMDTBCVY2QWFT17C51TRDDCJFMUPY2A2AKW3W3UQIU3WYFINAB8 PCKAOGWFJFUPYOBMQKJD1P U0');

INSERT INTO PRODUCTO (ID_PRODUCTO, NOMBRE, DESCRIPCION, PRECIO, IMAGEN) VALUES (28, 'BKFFVKIE27M7IMU7 KBIBJY2H4LNWDYBDLGGU YC9PC Q8 5JR', 'OC89IN2R31DCCC2K0R314GX0W19JMJVLEMURIO N45T3 UKFNDCSTRJYY8VGOCTYW7VSIM44LWAO813H911FA75FF5CLW0X A475KHYS4SAS7QLP18TVEMFB8DBIAI O2 KUYUB20Y EQ75V9J26NWV6UMQ5HUYSROL1AFTEIU2F5BQBMJMHG2PVQ2U5PGSRMLC57CLXPTTG264OENVIBLN6HMTEMN4TLRBI 8YRXI5 VG1ARGT9ECTSMRQDC2M3', 20, '6T1T9GRWE1M HKMCJYKBQJE4MA2OQNWMN8MNW2W3 7H P7I5G4X8OET927UE7WUFC5RMFDQ0BUN37XS8BQCK3PUAHGQ69YYAIVNGBT02MXU3YWDBYXPX8GJYIYVODXMS282D7ORSDOFISRBE0TL6JK9P1EIA6GHJ86LNVHD3OL3BY0JMN11401WYJ0K2RCU7GO9PSO7IK3RL4AJMT8896X6BIOXQHJKPH2YKRRKV04F7Q64KF6YB91MY5MP65M6');

INSERT INTO PRODUCTO (ID_PRODUCTO, NOMBRE, DESCRIPCION, PRECIO, IMAGEN) VALUES (0, 'BH4KJ2U9N0TVOK17 VWJB5E64OY9HO 0COS60K IJ4I7QF9QI1', '081KO7KVT3MGP0TPKAJGVGVAUB 0C8WM8UGQYM9G2MYRUHYR T4O8GSVIH9MSR8SXM4IY1IS7VW53SLQ1DYP2GE4WUTC799X2U5HJ0VQNF7A4UU3IUUERTW1ETNIVQEHMJXG8XPLSL35LMHHQD E57LJ87BG0QO6RTPI5 2A2PXJK8ICVPDIC49E8UCDF8057A8GM FKM NEOX1771N1G11Y5YNWU2N2626 CJ0OCORUD7P0ML6A4DIYJO9HFN5A', 88, 'BT68 E79OTEOGIW24XHAU4DQRJD3AGUBLYM9QS67S5A5RY5BGX2RD2WCAW6VXWKTEVOPGUW XDYRYG52XGOL8TA1V0QR39SKFETFNUB705EO53J0EUSOEC9C0IEN1IVFLPFOT50R8M51PM2IQITFJHXIW SLT5BDGOYRKN21OTCQC1YV6Q0UDFREG DT5MM2I3JND1V4T69Y0SF89B ODPOFI4R0QBVJPO3CIH1I1N1P I0TLEUY9BQ7W69PD6D');

INSERT INTO PRODUCTO (ID_PRODUCTO, NOMBRE, DESCRIPCION, PRECIO, IMAGEN) VALUES (83, 'QFTGKYA813F5GYNT3TKD1RU5BXC2M4KNUX1FQ5UQ65JJUPP2XJ', 'X5OSNU4LBX3I1WBUAS95VVIEBU17GT98H M0V5GWFAWSE45XYAN6GHQ5MN7T5TWEBJN9AA73CSJ6TF4W7DOJCV4SLP4OSTRDF11IW9LG8HES45ALFKS1ECAN7RYRS10BA7HIJVMOLDM8JWI8OF788DNP1V5E8RLEE7LH6K YMIUIYRD27EYF0OWU23WGL0AGQQI0MAFVK80 JFHQU9S2G03HQOKBEJP99FKR562MF104MX40FBVR6WS JUL8LXN0', 74, 'R12JMXKYHHU51R2 GCB1DDRWJ6DUXDQ8KLOBEEOEUFXU0SKP309RBLI 9SYGRVDUNVYOQPE5X1GQH7E3JURIG5UV71AVIQLI8MYA75B1SKF4 BLSYH55XIO8F 4 IRVAEIU5T4XCYP2X0UI4 2CRGC71G5GO63RPUS0KOGV78JFL1IOV2MV9DKVW5ARP96ERAQOC CS WXMAGW76N69AEMI5K3SSR6C3E7D1AEAISJ6YGJMBD30EKSWQBKRWNAM');

INSERT INTO PRODUCTO (ID_PRODUCTO, NOMBRE, DESCRIPCION, PRECIO, IMAGEN) VALUES (91, ' 65KCMHU LVJA2UTT56MKD KQ PLHEHUBH5QD9MHUQKDK11KW1', 'D1GD7QCOQNTT2N1XN9KVSXIHGAF FRKHGLTPO3586HAVNF00GK3TDF3RD9RIWBO0FJSWAD84HN1GXWREABNTILHPVPQ5A70 IYYP2S1HCF7G9FYUUG5IOLBE91YLT83TVGKD0VSLCHL9SKJ8 26PLDS4LBBOA6J2KEHFCNYSXYV8NDSF7YH65 E7716AXUVMC9JNDRSYVKSW Q2H4YTYIG3P9DPCEX1WKDRBFM4C721XYOIRSORS0FRY2IPO VD7', 95, 'JAP017LMAE68R20PPFUABTYRQ0VLUS POKWJXA7S1YRVERAT3I0IB05ISV13D7LCKUN R0VP54PWM9DNGUIO4QM3FBMDJ354WY765Q5IXTFRJ6D17HOSLOODD4P7B5RT1DH3LAQOIQR8JRJBIO8KG2J8J1UDRK730Y31H 0OSJH7G3CJ8O99VEIBEXMK8R7KVL3F5JXCA14R8G4XLWT7RM4G5GS XXFCIHRCY3YWQ22UMDPFUW6DJU6GYKUJ9BN');

INSERT INTO PRODUCTO (ID_PRODUCTO, NOMBRE, DESCRIPCION, PRECIO, IMAGEN) VALUES (5, 'M NHNHNA05CR474FHS5QL7K03MPW8JD0H99L8YIRY4T 9CDXJV', '3XL7DY0DPHATPL5TMFAP5F0IAMG0VJ5QYQI1WJ00C2B293SBEXYIDG16NSUOYKBP8YUUXWG2MUSMF SOOC2NA HINNS7NQMYLXIVLTY8STY78JP8VAFT1CIMVB77D6H76YU9SH E8V22LQHP9XKVEMPRCLKU0KWA40AH5APGSH2M5X2SNMF11NR99NM7DMLVAV9NFC8DR4B81CNJ1DCV13G2Y7FNWV7IAGA00K378EW39NH71ISO5QNPPAOY72MB', 11, 'TKV4EQ07LBXF4V194GW1Y XP820B14ITK3IEMM62W6PFN4HLXAH5XO QL44Q4VVJD7I4VG5HQR7SJU8M5O515351LXF4O80P5WJFITS3SNR5WNTWV3OT1N2KPXJ8TBQGN1EWSAWNAHYNDGMFDDJOJ1RXD7VHH94STMUH1FJRAO2 P770EG W6NRX0GA3BX G37SW0XXO9KJF08DXVR4F4VS7JOK99WL21OC0KBS5QDX4GI4WCXRLQHQXA53255N');

INSERT INTO PRODUCTO (ID_PRODUCTO, NOMBRE, DESCRIPCION, PRECIO, IMAGEN) VALUES (1, '4N9Q1UBQ3E09F3X PJ XA0XNXYJG49S9PEX2D69TK9SU3JS0PC', 'Q3DP1AD0H3AETC5XU3EMWC5DGJUW76EBQEHNWP9HKH32AA1AOPBODD5VY R409397LBARC71GEJBHLWM63RJLFRY3BVAI17GMKY53JC9IOI765NJ3X8KDC5674WP2H WLJGJ0AATGB4IFV6V719YP4KAHDOLSB5FKL60F0FNF0EXHVYVYRWG95CP4JVL 6POL5SDXS1K41GP296JUWMWPQWH6 OA0EVQKK8OI8I3EYC72X9YEB16M7QY9NR12HSU', 1, 'CR 0IJI0V75HEVFEFQQXU21W6MS1H0CEIVQPT3U941 2ROIW17DP26LX5RYUS1OPVTQNHE3UD  Q43J6JFNJDG646XKED9UWSDOH3YARTN36FL7XUDEBPB71AJ8ASIFYRNSWO8L9A1WU0JWPL5BRWAO6IKVSP5XDQXQGNB21FGY7EL00JH9966KS7UBE5W3QMFKPD4Q1JYC C0DL8XC4BGY6SRHW8 E56GLWBQHP4RKEDMOL95U9B5T64TTGOYV');

INSERT INTO PRODUCTO (ID_PRODUCTO, NOMBRE, DESCRIPCION, PRECIO, IMAGEN) VALUES (96, 'QYXOKY9J6FQN 0A9XGP7M4WMHWN21I2O 1OI0D4 LA733NR84W', '8QEY8ISV7KVBSI QLB2DQJ0LTR FTRIF7PVI5326TPWLPXXJRCM JUF7X3OVG3TK9QWR6XU2NPCUGH6CKX9B 41SPSL5PU6 SK600I YIH199J6IHGY1HXL00M JJ9RE6F TATWJ9 RVUWNIR5Q348GVQKVLY2JY MC9B6LWBSL339TJNC KSAATJMNLKMBGDKEHPSXQRJLWS8CIHLEARI0MTOXQ19REMKVR6MC1BS264OBY5BHYR 92788RSWSU', 23, 'P4P8P53GC9J64N3LGWSKPFSYFG0JNH2YP3AT0G8PCVC0CL1M2PGBCI6OOJ74EEC77DG3YKBVDMK4Y4HCDW3GPVIMTRONU2D5C2 N4RRW9D2FCJT49DANR2H NNKVUUS2MPP8897KMJTFA40MRAMJOES7KFE 1WA3J  5PSJAW9FW5A8XH2MBF4VTOCK FMPY3QOCIIG3VY2NV342ETXUPW9HTC400EWX57YQC95RL8TY5ORJQX16K6NNC4ALK6W');

INSERT INTO PRODUCTO (ID_PRODUCTO, NOMBRE, DESCRIPCION, PRECIO, IMAGEN) VALUES (52, 'O08 BF919SYQUPL5JEJMIMT50NTYMVUOH39L 99XF8CQMQWU19', 'TR8UNXLK3P32KEU4I62MWPAKT7UUI7W4S9N8X6Q2I1H4TM3WWAMNXA0VVG16HG1JVVC71LGOMMSR2TAD2WBT8QEHCWBPCJN9K8ROFNN41851K73LO1VJ0A104DJ85BRGX2AP5B3P3U IWOEVVWS BERGXWGC1PVJEBXIN8WAF20DJJB9MYYX1MMUD2G5U9U1NB3ODSKKVY6RH7XG0LVDWUBRSSF8WP8LIB8V71B1LKHVW2OSJBXBMJGTS4LBQLMU', 21, ' HID5FAS4D4YP00IMIOFD6GMGP8XY9NDIG662L JRW6L922U469YFC7AG IM5MF8CVBWT7YXUL6QSOUJPLYWI0QKJWGJDG9I23I5QC 4OS8MX HXV R27UMJ92N67RG1S7PL TYBXXI6JU0KQHBCJHBWDWOFEC9HGXAJ7LLQTORFKORYE4M83YJRNKO1I5HECJ4WXTV15SGYGWY176BSVPYIYXCYTJXEYV4CTLGV6YVXKY6WKG9IA6G943BUBLV');

INSERT INTO PRODUCTO (ID_PRODUCTO, NOMBRE, DESCRIPCION, PRECIO, IMAGEN) VALUES (47, '4TJFG 72UJOVNA3713IFY45DCWYBLK3CKKC6HY3UH22WTEDUP0', 'S VAYS63OOTUFFLSY5 3ADXX6VGIWAB7R79R1SA3AFQWOHWTQVXV62M9GSY1BWVXGETYDAYHLJLJY7JKXMAVSGF2QIGK24MEI BLM6NV2XUOB1 MGTJD7TIB5Y249768OWXRIVC8G666OO1LD6K0AEE8A5F4VUHSV7IU8XVNBXL77JEN1I0S9UGVR7JCHAFGBN7ER61 JYC9V2B9M8AO1 YJ6A3YXXPSWHO45YKIG309RDYONRLE  AWD3L5CC2H', 17, 'CRXI57Y44Y7VV6Q5KTSPEM0Y3X5E5DVQ59D8CVXVDUWMEWT014OIQP 8 YJ0H46H8W  923OM77D290639GJOGNGJNP2SH4E285Q5BYNPKQQQDEB3 48MXNCE T0YA95QJGB0BUK2DMB60NUD0JTA00QWC8RGA KQL30502BU22RL1HDVABREPFKWLJ5EN03XX2AKN 1MFLUN J5P3U10KT5EUFNYNXR2VKTJ095BEQRXMY7B7 8P73YF6F9P43');

INSERT INTO PRODUCTO (ID_PRODUCTO, NOMBRE, DESCRIPCION, PRECIO, IMAGEN) VALUES (23, '2VX5QJL1FTXUP68H0F0PB42QNJ9DETD0J3YAFPMXB4IX7NOE13', 'TY9QWYIBDRBOU63SAXFVP3FH99AHPPUTWA0CJKSJC9GCYDK K8J7NCELQA5JD4BWWT77OHVITG2MK5LL00C5RRKG1JCV9142EN4SU K335 N9K KHN12GKLJ76NK13 MOV5Y0YWUMRQCCDNP 9F6 0F3DOSK317FWX227WX3AFQQP9RYXUMN2W7GWWH2NV8A4SGJ0QISLM4QXG T833HEGG8NMHXJH40WKLEYQ6E7Q2D Y4U6CN63M6UANV2EP0V', 75, 'QF20PXRA2NCYYOS727P3PIASG2Y0VF305KSH7A8MVJU2YXE0PXHOLG3BD ONU61VNCOYH7RU09 U53FN022FGNR P0917TJMIYI2GWSJ1U1HPPDYDRKUM139BXCGWCVI5OX82A45FM H32SSPDXOXNV3O8LGHRWJD7JSQGXYPBPB7GEWA64DH8XP6QGPY7R3SO7SOWOP7IOTR1XME8U1XC60U84LY5LU0X629G8A8N0KD046FP4SF863TRYLDFD');

INSERT INTO PRODUCTO (ID_PRODUCTO, NOMBRE, DESCRIPCION, PRECIO, IMAGEN) VALUES (3, '63DULLD4V6E8KRRTY88HYQDQ171SYY1563UFYVFU0XUANGC45B', 'HVTAE56NXH63VP4S96CB6J7EOM7WDGJUGOGH9GACB35D201SJ0A2TYCVYL3UVD7RN6SBHV9U0MQD72CYGG  3W8EKYXCBOP02NUL1CY96G 75BDL7S B9OINXUAV6DGBNQBU73AJASGQL61J8F9SR5K24Q57BRLV83DDRTN11VQXXLW176QNTD8C9MW30H594P4LA8E2C4UR6FWXLB0WPOAP87P4O7LHEC66 CO7LM4F7W39AW8G O3FABFRTMBF', 40, 'G70BRHVTQ0JU85UGM8M0BNH5G8610VJ 9JJLCMHJBF8O1Q3VRI3QC6RHEJYMEKCNN65G4MX3DHUWOEJ6U0STGFLKCT  8UEIXN2HBECOEVCYQAQ4TKRSXLWKN4W3KQL91O8KUTG WY6CEUAGX0QCPO3WUCXWO1TKFXGGQAW8B28LS8NJBL72NTLF263JXL 7CYLHMGRLYGGV6BPA4Q2W661EI7UDXIX7BH1UW1H7TO36RG743B SNOMGH5TNN4M');

INSERT INTO PRODUCTO (ID_PRODUCTO, NOMBRE, DESCRIPCION, PRECIO, IMAGEN) VALUES (64, '0S3J 5O6T8TJLIGO 5DAJV90FV7RHR30E3YR5XRTDJEJOKK5MS', 'KA75W4FSM4ILFIPDS98ROCXHI3K9R6MXBGSQ14WKQ3FQK5H0C9LOTWHNMKBDXYEMVV7R2O LU4YS2UM162 EXU S3BBIADSMR74AIHJA769GEPB6Q3OHO7V4I2N5IL 7CCKJO8L5RB4SVFNM5QVE0SAT504P73H8SY8X SBFVEKXGLJUA7VQA1 RRGR H96I7PRT21OEOG0OUOEM3LFHSGOBS5IO993MARO1JQNWL3J6Q816OJUDIEF29RHCH4PI', 16, 'Y7KFL6 RFXSHG638IXD714YPJ1CKL1ET9V2IGJDOPYFH KCLONL Q8L1V4TJ5YCF957PGLCWGOEP9F380R6TQE6730FP2EY3M4N 3QTUX4 L4TFGMLH34IB6Y84LNA1Q11I I1QQ933PBK1X7T1IMA1G3H0C6U1XY0W CEJ04TIVC8BQAVXL62JD U1WH3W1NL8G1XSCBU  1TKDEE5SM8OPIPFEMX 6QNH6WGVP14DTYCEL2DTSUV87DHRDHGG');

INSERT INTO PRODUCTO (ID_PRODUCTO, NOMBRE, DESCRIPCION, PRECIO, IMAGEN) VALUES (89, '5J3S021YCRC I1P18MV54Q9M71O7RFR9RRF6WYYHL8NXKKJYBX', 'E3I40NG3JSBER3PK8G79AU2F4R766QWGOC8G9BRL5QQI7UUT9BC0MT7 PH22GUXI5QGEO9W33IBUU0NSI4TA8IMX5034THEQ71PT0C6U5CH9 53X8ERMUC2FCDYFHG4LKXW3XP9YRJUFBA60LTX1SROB96M3OHRFL87NDCNSJXWP6H7XB1BWD6VMSKMMF2XB1N9IBLEFTI9X5GJOUW022Q8OB653PW9DSF YEL36P85P5Q9 A97LU4TXDVYTDG5J', 62, 'F77B6IKWE4OP84TYI94SYMGJGH1A4TAQU09TUH46RFBFNMGW90 1EELVLF8U 4OAJ3QJOHRN3R7KF2O6KB0D5GIKY5JY7LA7CKJX5YGY6L2SPG5EWDP4SR8 93BJ6W9GF30RW85U1XDPI0A K6VTX1E90X2C20IMT MT0H4SU 7RCLHTIW3GGK0IC23NB42OG 0JE3V99SP9HBPXGYKR4400GSOEU0WL9FQBRVUNK6DDL7GDGHJA28SP 553WKO');

INSERT INTO PRODUCTO (ID_PRODUCTO, NOMBRE, DESCRIPCION, PRECIO, IMAGEN) VALUES (26, 'A6VEB KUHXJLULNWPT3FBJ03QQXI9GIDI0JQQEUQ98FHOGKCPF', 'G1FA0HX1GQX2W 8MM3N75U859R4I45SC5VENSS1SOVGV2AVYNC3RRET21VUOR5MC1QJKH96QDCJ6G25M6PQEWCGAT7R50XW3NL0HHQKUOL20APGY5BNN21KHO13FES5B6OAQ55S6E43DIPAQRB4EOIXEHOJMU2XRPEQLU 9OMN0MYN73DVEF6A1TR8B85PW6JMQP49J9EHR4S8O5 3A755 0E49T5MTO YX3W26T2DVHNUKCFXR1VAR1XD6UGG63', 9, 'R9PWK5O35780GQ1Y6VHK4LCA2D40KVUR8WJ8M1XMXTEWK36I7Y3L2TD E2M43QVWQ77HGTRJJ6W3UCICS811K6IAIFKAOKAR1RQOSE3RU6RQBX33DVW6NJ0MNKPO0T7KJ7JLKCA1U X3CQTEGA5RNEL4F1 J5R6LDFF4LLVAIC7PTNODARWY6JV2K0LIP611KAER3R TNY8R 9PRMO9H43VSJJBBEE9JW FMY2DDCLORRULW9V1HIEUF42MCOSK');

INSERT INTO PRODUCTO (ID_PRODUCTO, NOMBRE, DESCRIPCION, PRECIO, IMAGEN) VALUES (77, 'MK7AYHCPRFIR73IA3IIDGF3298N0 TYBLFR T2GQO9AW1P4X6S', '1QXB1C9I617AQ QUV52 AKVH4IP2JDWKMEP4LFCNF92 C76MHS5RHV4MYOV0ESKBUVDBVG5E9R639V3938MBAEU9B5JJREK3M9UQC17LY7Y0V5QX2KN86DWFWF4K3QXACB79R3KUI4OX7Y3Y 70 U8I4CHEQJ79 0JXV914MPUCGK4NP M3MRE1CSS1D3GAUM8EHCK0OU59ERP J3ITA53ULHMDBT20LRURBRJ4N3G6YX9 Q73PCKX JSNI70FYW', 60, 'LN0W728GCIFSBGI2BAO4L3GN5RH7CT0S0HBKL13AWF8MJV38TYJR7Q1GQ63CTOCFRRGWR0WKESDOMXBWTTCN96 7W 9K0XH43HS2IWG61B  RK3AN0SLPKA5J88K3C6K2Q8QIAEHN0K5GQ 5NAX280T3S6Q94 GLY7CX7QNX0NF3JH6VH1RMO9BJV92EXXCT3HHYGV6POOR0P9D 5EEJDGCRUE6OQ25QHIPV3ADUBEIA8V0 OU5T 2B8J0EBEV2');

INSERT INTO PRODUCTO (ID_PRODUCTO, NOMBRE, DESCRIPCION, PRECIO, IMAGEN) VALUES (97, 'WYJGOTB31X48RKIAG2HT8760JT7HFA0IOLF6VMLWN32DDUJ699', 'AV09LDFQ84KY4B6IK0C0E1LGIU94YD9 OSPC17YX1N2 G WPT5355MTY234IMEK8AY 5GMTAKEKFB5 3V1V8JTPEPFOST0 1U8Y2207LOOXWLHINGNJIUF7FMX4YC3GLNKV0 0PO7G0U7LJRBWL9G89CIFJJRQUS48UIE2 4VG GQCC3BWQEVXYRQQIPQ2IBP3F5 E2DSPOSQBOWUITSWN4DF242D3VJ06T NG2NWSRTE3PPRMX67YWEN1 IOI1N', 56, 'J6GW2A87CRPVMN8CBF UXFCPF5F3AQPGNU5D04KPLJPRAO4F03ELMBSORBFXHHS57N71 YHID12UMPNRLETJ1 BS2AVIX CIR778WK0BJLNJ1N8XGNMT3MUW7EEN1XV1EJFUOPCD9RMIILC7UE0IK6OGSKGNRIU 365D2G2NPV1EIAUN7PNACISNDWT F8 027I3FM0T6HAL1I100GHSMNIGL994WOE5R6EWMLRUQ2V12SGCEU1 H0 A6B1KQUF');

INSERT INTO PRODUCTO (ID_PRODUCTO, NOMBRE, DESCRIPCION, PRECIO, IMAGEN) VALUES (53, 'AEMEGG4RUB0WNM FXEVY794W 4F8YEHA9JJ7NAKX1ANVM4CU79', 'YT4JBMAI K4BWV6VQ76G1OGAPHXGR Y74BO0XGT6AN8TU RWJDUJ4JKI2XY8HQLVNC135RARXMD4DIYGKVE0OQ9HSIN7Y1AHWJPS4YG OR9VF1NP6AONNJOG9VEOR5L1GH6BIVW324IH0KSBX XLBDTGFQJIDY4GUY9OS725PMPMLA3IOYV 6YJVDI8EJR73BPIJ6ABMYEKHA1FKRSR70DANVR97WK292H2ED6EKCMLHUK03X6H6OCLQ8 QYT8 C', 36, 'L0JMWP2HOPEIHRDY9 N9A0XDGYC76SUJ69LSQEDJMY3709X6LNHAJ3D36JA 02O9Q9PT38EVA0CBO9U1 BN7HHTIFVK92RLP58MS01QQF60H6U86NG44QXO0XWUSLNH8QUX25 X8FFNHCMYSPFRTLC1YWH4KFUKNN0T1GKJM3VSR9P3YWSD6GEXAUMM OVQ0D3W7YEAKM2BJ8E9KNG3XPCBRNJ3D6PCPMVXY8OYW4BS9BWQ311Y9 62DO78830R');

INSERT INTO PRODUCTO (ID_PRODUCTO, NOMBRE, DESCRIPCION, PRECIO, IMAGEN) VALUES (99, 'CPOSE335H8 WSNG7S6TQ45U DBQM5WEIA8SA4 FO3Q9BPO1XGM', 'HI4WB5GPBULDBQ FAO0DQE0PF6X4KBKG34HSEPRHWM 7NEPBRSYUE7320RK OLFEA9QMVA 0WLO5YK4ENTKETRGUW70X8ARJ1MEVFRA5 DEA442 QIGEVKO12MIE7JG08K6BM9E6Y83LIFKGXQ25T7TTAFGLN2K5HDFDYOOHEIG 3HRVQWIGH31JKM1DVHOMXM BYGDMIUWE3 CVH8K8SLQDETFX7WJ606DI GEC0IKNLQYELCGB6DLJHX LGBL ', 80, '6TQMR7TOONAM0YNXT3GBQI1OG8RCX2H0C8H8TEOKGKYD35U26IXGI2CSMOC34MXUQ3DTVKXTXNTK1E5 B8DGPB2HUQYJDDXJLDG93R4S1DXMC QOGQ37U5WAGJP6A3CD4A7428M4Y5AM0 UYWEVHO2Q1SDXU1PVEJDYAD77VGGOYEQGSWCNYDFRJDNEW7NI SWQSD2IT76NAFA TOHHTQ4X9PR 0IC6BILK8QXYBS486FKXT5P3S7SHGF08YTYH');

INSERT INTO PRODUCTO (ID_PRODUCTO, NOMBRE, DESCRIPCION, PRECIO, IMAGEN) VALUES (2, '00HONGDJRDKPCFWCAEG1R6IIHT8032N35HO0N3KCHKH567WF8L', 'T6IR5SHKPVQ3GSOE53OJ338BA8J04MTWPR1VG95 I8YK9T5Q391AXW H0 Q EY1O39ADX73F09LDLXY3QL9W 78XCD0PDWYV7R2TSIOIIDUG KACVJ7UY 6UQAK020W6288NAI038REFY4T1R18CW2JNWICDLYCYV4036X 9AAX3TVIX USL WL199E85GIA1PDFNQS H9O0JWJ0GICLLBXF 5P3YK81HJAQVNQFLKLLSRO277DAN1FXERLY4VLM', 84, 'SU472FDB9FJ4VB11D186MOPQ0CAN37CPV0ACWHC02SR47YAHECW7KW7810UBKGOBA9IE8HJS6WOPP37NMOM6 6QSRWPA77H479HIN1Y82GX6FIRUSTBQ0VYWMCEGQB4I1S750K2NUW ICBL2OKUR44RFXB9A77WS778Y3 32NVEUPRKRDVQU6LYJ2XJY6O4KMAIL7R6 M6RVCIK8EDTUMMORJIX4 DUT5BRBD2MJYC64GP1J PTAVOSQ7J5BRU6');

INSERT INTO PRODUCTO (ID_PRODUCTO, NOMBRE, DESCRIPCION, PRECIO, IMAGEN) VALUES (15, 'X6TROAHUUM233CSXDKW51PW7BMX52WSRWOYTWNCCV2SI4FQ5PO', 'DV 3B9J2B63Q54FA0A0CUPE P1DU9WU7QPCBBG7GLALWYDS3JC1CPCRB2M75J4E75VL7UUK U4F3QWR55JMKFOSJGGTTRSDDH4BNJX3SVUP1CBN2KQC4UVTAL37AFI3WCHQGE6RNM1TUB59I85UEGG8U7UXE0R5OKH 14CPSU6H2MKCB9GH6PPP2N7B8BV 59V99DWQ9MWPK900NGG2H6TIT VF7S7MQBUJ45KFN9LDM4KC69Q505JEWRHBI8CD7', 6, 'HEJHCH8L5OY31IYAH6U7VT59NQYAKV3QTI1OSP86D0UPRPIX8FLCRA574E24 DJSYXPYV1OO QL34KDFAISBRL 3I3LT DD2NVW8BL4MT4VBPTMYKCLFP8N2 61B2KTR1V0WJF17EN1X5KX6S172V17J0R2J9JJBCKHIOT9XUDDWKRY8VRWJ44 J3IOKQJCIFOQ1FFV98KR U32P3D2UJ6PB7YPD6O9KJSLLBDPPOMLNG QTM5OVD6VE7LXMJRU');

INSERT INTO PRODUCTO (ID_PRODUCTO, NOMBRE, DESCRIPCION, PRECIO, IMAGEN) VALUES (54, 'PV2AK3RFJJQL0ETOY0484FHIRTY8XAJW 90EMRRFE5 CUS9M H', '4VE2C2UYB1P1NNM24SWCTOUV K776IT3OTR XC2A6SEO7HDSMY60F40NTT72ILP6Q39OQIKB JC9UEN GB5GVG22GHSGONBUSS6ASV H041SXE4BCUR6WX8SHBVDYHLY3B20 MIQQNJRJBS067IU02TJCQMV98UK8KWLP85NPJP23 TO14A9GR43W66G4X7 O1TJELPLDV8RXOS01GM4EIR60 RGGNVXMVRCB0P PLIH8AF8QHR7XOCPQSJIR 6O', 68, 'EF2KIYE435S33K3XASVDPA3KNC5952K0YSDK5CSM9BC1UF32VKBP3OQOC92LR5AQXO2D2M20VIXV7GNATRD1OY54HM8URRTJS53YJR9BJVM8FQNC9GWPL7XAS7ASGN6OTM4YI41JK2JOE7M44KOG3YDCDMNN655FLMOLNXG863FDBI4C8BR2XPBE4NSDOO86L4XX8K6HRG6WRD4OR013NU5WF5PGY77K6GKQDUGQJ4H9R8F6LQY5R AGW5ND9LT');

INSERT INTO PRODUCTO (ID_PRODUCTO, NOMBRE, DESCRIPCION, PRECIO, IMAGEN) VALUES (58, 'X0BXFT8V28P113JW9WQGCDB DJBFYKV8LNVTQGDX7GAW44JYIU', '9ESVI0N43WLYB98J4USDYUHMN5OWQLLEQ6BHRJOKVAFWBQXVIH3MCA 0G1H7 K850KYBAQ9CKA1DF6D0RT06B0BXT964EO3HM0A3KHYC1FDPDQ708V142V3G5JQVK9GTLS522LJTK4 H6 0NOAFMSWJ4SQCBECOISGCSCL4UWJ248D0FNT7KO6 7WUJSD D7 2D7VVI DOY1IYVBMLME9ENY12WBK9GJ3YUG41W0BU3JBJ6V6E0TXQ03HFT YNAS', 39, 'R9CTH0LEQ5XISBM2M1OYKQ5GMIOYTHADF RAJAV11XI1W6SOGCK48VQHH9DDD1B1SMNY5WMB69URYSFWXFKOCK66WGP6U7RWTPYEYYGX35PLTUN 7HISDOEM5ALGAPVYA23JLEO4DV95G0A4TCHC3E E7WH4WWN347O032G3QFDM8EVVGLG7S WG1ADSYAYUEO4Q2JQ1P25LOJT3U3BCBK9DJNPRJ7QIT28I0M37A3RYO7BXQ4YNN9M 2JWACUJ');

INSERT INTO PRODUCTO (ID_PRODUCTO, NOMBRE, DESCRIPCION, PRECIO, IMAGEN) VALUES (59, 'MM6X37B7YL8M6PNHV3T30KTQ2  OSJDKQU7FOD B01WD8622NV', 'S54EUO4NWIJSK8FJWOW487U0Q4C65LIT 77ETPDO73VXQSQ1 OFQ6HWV5AL7IKUFVHHT5JMB48NY6RDM 9JMF6ME 2W1O5PTWKOTU7JNFN2P3NGJKBWTLHOUX7MDL 62KI8LXHG2CLXT66EEFITULYPQRPC 6VBSOX0AT37A0MXFS4YR65BJAD2XITYBTES14 OSVXNTIYVJRWUR2VO2AN4O 75ISL065Y T8PDW Q1PTT381X4T54I8FYPPDBMJ', 79, '39H6QCV1ENPWF5CUJ2HAVOMTXG5X40KBEEEG9WWHJ8M1F6W2PTIOFHSI7316 ASVXTQMPJUJ3I77UABKK0FNUSXRI63KCCCTAGTLD4MIA5XN5N4GE7BWKK7PIASH2YYD XG7F N61KDRPB1Y7AMM79QJHN3PQ 1FDRJ7YCCB1NS5RKVNICKX XCECOI37DH5T3DD525YTFOAG1GLMCMDDG55N0A069RCD391BD1BR5QIJTH6ETYBICYPQRS5EMR');

INSERT INTO PRODUCTO (ID_PRODUCTO, NOMBRE, DESCRIPCION, PRECIO, IMAGEN) VALUES (17, 'FMR03DD7JW CNG8QGNMT4Q2DS3P2IUS00C2PJIUIGIX3DDGTSM', 'KKYQX9V4SBKJMEE8IP1BF6I7FOI5NMITMCID AFXLGRCFW9QQKTGC T2 WUWY2 W6NNF8JI6IBNUTEOYN9KOJK5XK0CPWL9PWY0T5IIE2BVSUC4YMLW0FG1QBPO89CJ6HW0NPLURDL1Y7AKM005 2KIN6B4WH7LH548P649Y HHOXI5721VDCPT3T4IVU4WX742V8DEKDS8POCKHEDCJ7WM8PRBJWVO54AD1AR220LQRQHTKI PSG96HT3F0GDK9', 22, 'A 0TLBPSJ9TA3 EWA C 3D0DVQYME4N1JA611DLDVKYWQ28QT6YBJ6AB647P6D9HSOTWMVTICLH37QEQKURCKXPTVO21V70P2IAG3HTP8AWU1CSQPY7KN36CK939SY6HI7IYXS EHHP5JEPIJJ6U0V1P1OKKAY2NC6H5FD3 R0JJT7ONJOYWFQ3E9W6XVXQBIO TOWAHVJR82E1S4J04Y62CH2NHT6TEOX4V4LV78TXYABQ33US2XUT4K55LS43');

INSERT INTO PRODUCTO (ID_PRODUCTO, NOMBRE, DESCRIPCION, PRECIO, IMAGEN) VALUES (45, '62FKXJ7CFHKVB1C1VI7 TN5K600G8QVO1 29TUTLTNN44Y1NLO', 'QO041KYOHSM5UUJ 95WF2MUE7RWJ8HLPV4K 3 V3RPRBO2908VP8DGMN 1BVAFR Y2UXO57GE7R15ER10DT206TN412LCXTJM84ARKQ7GWS2U7EWG1X2C6D0BADK45JH0UCK8QAKIF2EXX0O8VQNVY4RKWVHD97BHGOD0HOI3W86C4366KSAVEOERCVI IT0PS6SXPVI4QDRU67TAXK3FMNY 2W4Q41GK13GTWB4VL0VA88LQPSQI3NC 39J8SOP', 65, 'HL5CXOGY7J9C7JKIEAYK3V7K0HEQ37H878DRW7XSBM24473SIU2QUVIDOCR34Q7EY4NUGMXQGI9R Q881ITKUOUINM5B 61FQDYQW9NJ0DJRBDB14O9FSCOGJ JLLJ7OV9VONCQ2B8FO7V1S42B5 VC0 R6KJFTFPSV8XUMEV2GYEU2BDTPL0431AWYT9GNIBG1B11L10JGBC2WDP959NIKF0JR65IO 4F6M6M7EAPQU84RV9H0DPPCP94U S7O');

INSERT INTO PRODUCTO (ID_PRODUCTO, NOMBRE, DESCRIPCION, PRECIO, IMAGEN) VALUES (93, 'MY1JAVSEUN0KUIDTPV72T 7BQ5PEX9F3PDENT6M60PIIJGGA36', 'SDBRWUFMOCLGP KBEDRS79WVH3T8MFVHVW5GNG19M6YFTPMBQQVBHH1G4XEHHUSDW8PMIVT1BHA6DPS14J68M72BKMCMC31QW4JJLL5LQJ0 KBBP5RFFTWD1F L1J1J4R3Q4NUWQQ1 T80 R6TIBA5XVH2VC1AP L4XCKGSSL25W6NFB1OOSUK L6PD H661R29PCNTBA6XFD EW08Y8P9DEWD92EA2A I7P1FSDQGBAJJG4T0UTT6L3D1UYMW7F', 50, 'JGY3QK2OPS6J1CDJ1NU0EF172QN9B1BK1SACSC1PWROIAPOFAWM4X SDLUG2EUJ E1XGVFSFOKP3KNY0PXHHF TIU2HGAK0NN9OTOBBN7FN9854DWE8G8VBIMQ6L6DQ0Q8GPQH3AVYR45UUY BPSTO81OXP89731999A1P955MQ0IGISR8B6C3D69JRVNQ XD WPO8BGHOGJWOLPN9J95GR 508B2TE2MPN35IUETF4580GSDHV L2VK50BUVRA');

INSERT INTO PRODUCTO (ID_PRODUCTO, NOMBRE, DESCRIPCION, PRECIO, IMAGEN) VALUES (86, 'ILVSBJ7T2U5R5TPHO4XLQ6DXRWMFANCJ2K 8I3Q1O3LGLSI3P4', 'UNVKNXN8V0S1U3IXFW33KR9LCB10PWESW91OV7Q05 XFAUXI2DWU1IHC0AA5H834DIHRU5 3RS9VLNMXH4NBHHDCGBIEQYF2X0OJQPEYIXH1HXPWBAYUX4LS7Y1I9JS4QX6VB1W7C0IU2QH3G1JDKH5AWBRVYE3XGYS6D8DUB3XYMCVCXYI0LDO8 S STJ08KN7EY1D381EM 993E7EPP9LQ8L9Q5L95RXLJ3XOEKK6KY9T2E7O2J2DVJ37SQUV0', 13, 'F6579JO5XVP2 E1E40G0 G XF73I6LJWCYKSC1D 2R22O5C9B0JT831NIP31V7X13N9I59GY34IESSDR3QL67HBPGQWGACWUKWW6T8N788UOJH9K6UTMP5FYN 1MM6G728R5PT0FINKFL2OA511PGFDUK3B0P8N83GCSWX7399ORPMIE7G2LR9DS3D0G5O0NYIQJMO1DPAXP1WSEHG X1J5624JIIT7NXC8RRMVTENGLN10B54FNXXTEMWQYY6Q');

INSERT INTO PRODUCTO (ID_PRODUCTO, NOMBRE, DESCRIPCION, PRECIO, IMAGEN) VALUES (12, 'FMISVVG5SUOXT2Q1RW5 0XIKMO93523PBO4MKX0S16542BJAD ', '1TRFBENBALUX99IR6QDEXNGRP76QGPFQ0Q53EOTYDILN T7XBLBYWJ0QF IAB210D3M 6F27RT5LLU5EV43WESDNEXAJ4JN9DEC7UDT29YDB5JK7CFHPXIIXDOO7PRP7O2TK K4KP2V2QOBU05AXE7LPOFK27P6TNKJ7CFD3YYPAP Q53NDOFRW7QQFQQMQ40KF3A7QVRJENJF8JYSBDH04TB9OFVUSHO41YXWG7TM3T5QFRYRMIHRPTOB3RCPGP', 33, 'D0S1A8 V70S23SA1NNC5R1X8PUGFHM3EI1CCAT9H1 O540E0NO3DC6A8WYS98Q83 V0815S9CA WM7729E5EGHVM804N5DA2KC XDT7G14WO0IDDVPEM02C1VHXKO7U8VQ38GLRUCA6BM L4H4M91RODUAXC83047J9NXN6WOYT0BBO82V1OW3FM1C6X9BJ22UU0LTGIF80R3SJRW6NA6DYGHYWJI9TUYAWKEOUI1NLKEO QOIVKFFI0DHWIY95');

INSERT INTO PRODUCTO (ID_PRODUCTO, NOMBRE, DESCRIPCION, PRECIO, IMAGEN) VALUES (81, 'MGGAXMNXFI62S3OAA23ITRXPWNFM5Q9MTL0NYY8 VOYJQIB63C', 'L1HMK6GQKLWPY15 CMKFW69XB5X450R95JXCERD8EL2RJN5KA1L6W8QVPV2CCO2LQHC1WI6B3WGGP OI46JBHTLF02TYSREH673MMGGX3MJEFYX9K71B 2LFDQ90W9I3EQ4ODEP7P8RU4E9CHWTXJYLFLTE8UCYYXJ5GFTP6JQOA1RPOFU9HQ8KODMCF9F2EKRL1MCDTAPM3WG2VPL BYF6CQEOKA4OW81N7AJ K7KGR VVPET44MKD3 EG2VURV', 54, 'L9R2 6S23S8K74LLUCS60BVSFH5EQKF6DX9NVK7G8P5NRK6POU H3AX4FNBXBX7URHAKDR96MDPBA1XR3HWRA8 KQLTP27IGB5K767O0 5OJ UA06R8 A020PI26RCBQ0TA5KNML61NFRC0T9T3KBOCVP08N7 FI2L4SA0GGN99S687 6KB3H9RP4VBV3DFXSNPWCI0YL1NAOK4HKT QXMUJKU59PL6I6QTAFPMBSEJ9760W2CM56UIKGWPNGS ');

INSERT INTO PRODUCTO (ID_PRODUCTO, NOMBRE, DESCRIPCION, PRECIO, IMAGEN) VALUES (76, 'R5TOQUMV 968TG34U9P7UE X0027MI2AIECX9NV3X2MXFBRFFC', 'BHMVDT94FFAIHS60URQY5NX5XLQ XM6T95LT5DH01FX3YL MXTAPJWO89FNLCLBJ407FWS29OASKBRIG84AGXMNB87S9CV2OSSSJ2GIVRBDP8VQL682BD MUVDLE0UCIJTGSI3AXHLE2RDCX0Y5FB9GJ6619EEJGSM6U1G849HG4YW3WTBCWD5M94JPGHBLOMVYT3CJPCJ3HKUKVOWGTO AH9 D7OJD3LA3HM8 MS589YA6M5HWTBRS2HNQ2E9N ', 30, 'MU8EYI  IRFSU6VYY6J0H33S 1 4TH6LWDPK83JS1WSL9IALTWFWR20T4QGOSJMO07L60BAX7K1 JOR960AC56IOAK6 UDE7KHIDJBPIH8QWQLOGKAFBPGSALRPPD314 8O69WF3CQP0VHT6QBKBEIMMET JW3UODM0HRGXAQYHKCPOCQ6FIDANB8VX6L5PKIFHWGTKX5FC5OF2VLVIUGNJQMAOIGEJJSU02WX0D00A7MSTPSXK6S8K771DKMCW');

INSERT INTO PRODUCTO (ID_PRODUCTO, NOMBRE, DESCRIPCION, PRECIO, IMAGEN) VALUES (38, 'GX1MUJYU3JGUJYH9YIQ0D98GKRF6QL380LXQQ23KN0EAF0W QM', '60PF3FGA1RQFG8AODQLPR2F3P4HJAAH8VYYQM5W9UEYCPPF1OTNVLMRPV 8U8V82EYKKGVPCTM NP6H5RU131MINF28IYIMX4HV0 QH4R9A44PN1 PXDU31LEL6DRVGF5J A4GS3WQGA01VW0LQ7GPFRLDCCGU7LXBQ0PRH9B856O1CREUCF76EN2BWI8M3TBYH4V415CTP2C407 I8MJXTYTDG873OSNQ74SBB8JMEYLATS9JQ3RAUQG12FGGBH', 72, 'JM0QFIOBPJG 50V N5F6UH0X3VSKCTRPWQP2J598Y10PGOQBXMKMOVAUSCRJK77P0XSV 722OO91LR5304  V7LAUO1IDPP6OKNSOCF2GDVPMLHWEO4AJ9OBJKCE8CG11JB4422UDMKY8AFTV6P4OCJFNJYTI9A99J1YQYYXU EQN1J7JNCSGHVUN5GCX NLSERH2J4F13V9WOB90NJDG86 76CCXX5QA3976HXYQ2X6TNQDD6GPC7008S5EAL8');

INSERT INTO PRODUCTO (ID_PRODUCTO, NOMBRE, DESCRIPCION, PRECIO, IMAGEN) VALUES (49, 'H9IBR4FSTIE6PSFP2W7SR4XBED71X5GSL0K80ASHC4PCMTEWOA', 'BUF4 B34HG53R2WPLH5 BQ85P2EYWJQ0CDD5DY74EMRIKOOOSFLPURSHK71UWB3QBHMT99H1D9AP2WIK16SJGMTB67X2G1ED9VKP9FCVLMA3582F02NP8N4X8ALO6JPFV54F2EL7H8I1UST56TWNP8JBU41V XSL4JEO8NACQX8XP8JY1N5WAVQL622VFC47MKV70O8ITDWW2WISVKKEIUJAS TWXVEQWXPDX5Y39NJTGCYK1G6EYK6U9UGJT2CT', 14, 'N6P9KJCTC5BESK S78RYTI84SCY93X6WWIDMBEPM9BPJ74I8DSIFA0KRSQAKI1G2VTK946KXY9W4QUBS NLYHGMORM3EQ 1LPH 6 3M60P2ER75H C2RAPCXL ED1KV1L9YSK3VSKNKVICCQV9U OI2 MJKSR EOOJVK9DXIEK45G2QEJYRILCRPQEUPJH4UFO8UCA6JRS85F7034A5FOBENRJUPQYR KPS30F1F12OGV5QU7JYA949DC6IBBWY');

INSERT INTO PRODUCTO (ID_PRODUCTO, NOMBRE, DESCRIPCION, PRECIO, IMAGEN) VALUES (78, '2R26M3H2NEMA0B4IWP0JVHEIPDCXGIH094MME603LTVMKMEEQC', 'UOC2FD2T3HIYTMFVF4W8L3ASJJPOM9SCBA5W1XNAPORVHGJ5K8NHG982YJFASF PIYL5BVVP2RXG63PO9DPHO9QWS64T 4JT4F3PH0FBNC8GNA2YN5A9S8S7WBM K75OSV4NTKF232EACR0MN FQ 521K2E YU1 6A5FIU2CERJ8INPNNLTEUQRO7589GD6FSOEOK2IEX9UWLEVS1HEUA4CJ9EUWN0HM6SF4DH3PJ3RIL9R0FIOFQELH272DVJI2', 70, '1PJ0I61 MORA3TBUJW3DDLV1S 9TFCYCO0EQ916GS17BEOGB P9KLMX3KVVEQ2LC3FCDW75CI9HXKW4HGR4JIBA946 VD11096D83 CN2SRNS5MC69339QH0OUKTRNM6A7OC5RMIV77JQPU8V6RT3RR4UFD OH H6S ACNJ7SKH4M4MNOJRI4 LRFKDL4IENX3186KXXK8AA1LLJRK2NDMWBXA049GATIRX7O2PWARK35CH0UTOTH 143N 7 89');

INSERT INTO PRODUCTO (ID_PRODUCTO, NOMBRE, DESCRIPCION, PRECIO, IMAGEN) VALUES (72, 'JHXWYQ1GHJ3M SUV8HKW3O24DU98M1SR1NGLE50BRW9XT02SVB', 'CX7VO43W VPEKT9GHHY45L78LWLEMX5GRXBYNMD2EKK1EEP4WOSX5RHJPOF8A2WOH83MVP4B3GDVD2DQ NEMNARVF5LCV425FXKCT265851TFO490VNCIFNP3D530U664OJ3OQA86T257M LX5956U6PEJ58M2QWT0X7H7AVQXOSW1J82IHASUEJRX69NURSBY079YC9CG2APCUQV7TVNYXDPLQW702RYX1OU1 DD26W7HW0QTMMK66E4FPSH4HU', 82, 'ILAC9BPT8RV1J9FXCTVJNLW3GF4BPJ5T9A0LPGU0YVEO3XU5J1ETRMP3D4EB0DSLR1Y63N D8UFOKO4VB02YNFB5KIWH7QV2VXCU3UT14VH0UEYPUQ97B K70SOYU 1MGJ6I39TFOJA3 Q URPN9XE91J4RKIKKH9 LC89L K2TSOM5SE9SEB8J1O1E1HGA86C9L3QO51PGRILYTMOJ9QI2N7 KU123BSCQ96AIHAS8EE80C0GHEF1TWV832PL ');

INSERT INTO PRODUCTO (ID_PRODUCTO, NOMBRE, DESCRIPCION, PRECIO, IMAGEN) VALUES (31, 'OR7YSCTCFGRO6PMYQIOQW6DY6GGMWNW6BNIM5I54760U8ABBRV', 'YV4YHA4PYXM9ENA35C8IPW3QP  1KLVHY 316N7O28QWH PQ11H7 KTACGJ3W4DQ0IUPXVO1AVCW42Q4O8UIFXBA1RMXKGX88UPJLO2FXY637C6PUU8K 4QNRT40RDIGY IG3NA42EJBIAJY27Q1C7Y9MW1J1MSRMA6FOWCL7SM25756KRBV3TACQ7O9JO1V7AEOI5851JUBQVNNJFVIY1TWL1LBWSK8C92OQ7WOCX0PGGMJKV3GDPI9I9EI3LNJ', 49, 'E03TGU5JWMHWW7UYV1A3Y21B3GPPO71N5X9W3I0UJO401XTHSIIFR1JAEM5HXRIWFHRIF PDL4TQENMN06RVH71X07D154PHJWXXHNPVN646ITNU2MGX NGGSVAJC7 A8E52LWUIFIF8BYEMUGAUM59ABD ITCY3PV7JBM2YUUIEK271OEPPG37EM3YMSBKU4FIDR0LDHJG52B FN8VFB7QEJX02C8QMT33XIGW5UP8TM714GMJ3PUJDL1AEWW2');

INSERT INTO PRODUCTO (ID_PRODUCTO, NOMBRE, DESCRIPCION, PRECIO, IMAGEN) VALUES (35, '5F0PT626JD4KK563VWMESTGWAHY88G26HU1I4XBMO3R3GN1GH4', '847NKWALJ19XUDBBKOMLT0BGP2UCX6WOL6X8TLN3J09N8AY9PVU049G0FYUA76 AEPOTLY17860W9VOK4SH44POK9AV3UPPUA6E1E T4VV GY R QX2JHY8T7GQ4WOE4XTMBKV405GGEHQKMHG073YU3NFEISEPF1SI0642B78XAOR TBPJTTC8M30FLS5O11T8 J8VTAJ1132S5SHLB2SNEXLX5H6C7QKFDS7MM6OBLHMD6S8FPTGLQ7AK4 X91', 25, 'DVE4M5O6D543T0B E 9EWLTC3SVC6JS6DVL62IBBTWALKQ VW G0TNABBXAKQN5W8KN3FTNHWHXUFN1IRRXSEWNAW5L2U6STWHPX144MJ2DNSDT7QQ5V 76WI17LRFAA74JB4PHP5259QY7CWFFE BRQBLIYAOVA44FB8NWDGRBJGYQ8FPG3VCW59FX3PP8OWHAU5AF01320300UOU 87H3T1M6BN 3WKUUF7PH63YIVN45L1BDE5KJ32RPQAWA');

INSERT INTO PRODUCTO (ID_PRODUCTO, NOMBRE, DESCRIPCION, PRECIO, IMAGEN) VALUES (90, 'BDV3IR OIN5OQ7 P2DM8QPG66I8UST7A GKBXHQ44UIY9R55YV', '441JN72E337FW43MCITHOVFX1IQOMTHAG9KJSI5UDSONCE1POK5JSVXK7ICIHGBR7FB92NCPAPC8R2JKOGTS2T6 VPLXUDITQVK2ORNEHE1J8LWYAY119QMCHCC4VJN90Y4P1SA8RFYOGVLN3 QYISFQQHHYNJ8H 2LVJSPB4RH6HH1Q4DN348OIXIYXPJ1EW 5E1TXRYJAUIEI1BP763RXY67UG9RP9N52ASX87GNE9C6UHV I23BK4MFYOYCGS', 85, 'DT33KEELHP7LVEG9APBRQAWBPJKN525TELOKL9G9JX2GI90 N8J3F1M9K9KMDQ 3V8LINA72IE53O2MB3L53T4MBYRUEVXCP8LMD5H1T0QVLO00C X9X8Y8X966BD34 YMQ VO2IBO1DCLXKWH5GFTO NBNAP2WN2U51HIBUVNN2W8DRY7FKP0KUCD0SMXRF0943OP7UIWNT1O 1HXR PPK29SUQ1U7ELM00H8YUY2P4GCQMNF DAL1QKHDV6UQ');

INSERT INTO PRODUCTO (ID_PRODUCTO, NOMBRE, DESCRIPCION, PRECIO, IMAGEN) VALUES (65, 'E45J40324I3TXJWE HFCLAG3LBY1EJNY9E1SMW6EI3H1H0BQHW', '9JW WFBO0FJ6HQ0ID7XVUA7X1PTK20Y37QPRLLC1CHY2NW3FYVJNEWMHU41P379SSE2PX  LHO47LSJK4QX09NY02AYKY W8W13XWFO GVMFUUWO023UPSSHKLRGLVWVJCWK06RA9N9658YDWAFU8VN5WLVIFI1LQ7O051CLNTNRRO9BFEFOANVE8 1Q35RNLWQ MMP437HNU07OXPYXP112M51C2882MM7M90 KIIJC2KDVPM5Q4AVCNL1TW7B5', 66, '0 0HIOJXSUU1T9699D1RMR5K55ICJXHCW3R51 GX2ANOAW28KUCW0NCN70VNFW0UA97KVG2Q26H3WD51GFRMOAEHKKYHL9PNW5FWFTVSRCVYBKYHX9DVJJCJUM33KWQMR7YLP7CHTQGY VMNAXINQYJ8QACLBJVWFSF705WT84JI2Y5CTOGC8OTXRYPP25CRQXRSY8WXV2V514D3MP9UTEXN5EFA30Y38GV8  FJN02 4Q20MGEL8OVFU6291OA');

INSERT INTO PRODUCTO (ID_PRODUCTO, NOMBRE, DESCRIPCION, PRECIO, IMAGEN) VALUES (95, 'DCKX4BQC4QCX3FPR5PLBTBMRXSM0U0U8GVNBXOF1LP19CP23AT', '8LGV5MJYWRHCGKUI4YNYA7H38F0L110NYT0M02WUQWNTKM3KI73J575V0HJGG87C1EU5SYXED7U7SWYSKTD305F0C7UGLRRN4X4PQWMURGKVLWGS6TQS7U3O1 76T7OC24S 5NK1SGGBMNDFTGWN4RA983MJO9QTPI5D7DK52EW13C QHWPB1XXQGY98GDYUCGXYPBC38V1WKO0PX6W NQOPTUM1MRWK60UMTB377DXLJARVLKKK8YVTCP4Q1WSK', 61, 'O3D5GUM3S7HICQ3R71CMCKL981WA8 PLBYJYSGCV7GETIEH1J9CO3QXOKFGBLJX3I4AYHPDDQ3XR1S3WJPLN GNU5U0 O9JHNQ6NHIN39LSY TS1QFG7R41 6RK6HSR2PE KJUHAO556P0GJQMF5X29G2FI0B8VM VXFLS3 V4Q UPP64P2IG2E2SH4AQAAS5VEPH3SMOJEE9 YGV4ALDLX5VKN3WH F3TGNRK IYVXH63UI8NNPAEQN6YGTUGQ');

INSERT INTO PRODUCTO (ID_PRODUCTO, NOMBRE, DESCRIPCION, PRECIO, IMAGEN) VALUES (25, '3ICC1JO8FNIO9FJDT7D5RS4 NP28GQPXKMG2ACRLM8NQF8CE4W', 'IF QB6YDJ8KTL9UN4QCBRP1XM7DDLJOOM8QOO A5BA 0DWW7WW6O7CRKR755QGPV8RQCXU2QKDW7LM9S79P7S7 UT9YSI0I A1QFS0GOA8RD4XC8HDE332O1L8DSC1QPS8PNVJE2FV5CWY5P706DT GCQOO1R369SME5UTLSE1LBL33XGUEPII27GMDJ4CVV NGLL8OTBHWOF2H6DNSODMCL154UFLNFWUSHE11U4IHJ5XUUWXWYQG33WKC8I6L8', 46, ' QW6BJBNU66D7EURK8G241QIALVSA BSP9UNUAT75R7CT 93SOJX ISJWC5E0RVBY4II73W9RQPOPUC867Q3NUKM VMJ68MY0N9AHTLY784F THRGXT7TJPVDV1PLDYJ80M0R2M8L8F6VR7JJ6EIWQN7K L6YDK0KT2Y25SACQFVYUM EJJJJR WKNE4XIYKVV81V7KT7BK5MVODKJD3A 6CEV JKQ 8YXQQS3QJE2NLKW2IUR65YBI9 3Q5XU4');

INSERT INTO CLIENTE (ID_CLIENTE, NOMBRE, DIRECCION, CORREO_ELECTRONICO) VALUES (11, '03V56BRU3UQQYVCJ5G35GE308SA290DNO8AIO737VTQ PCQEPM', 'O44 9EA O730EOCMUTIXD36WWVGFB08L Y8FHRODXRJACYS3DC', 'JE1ST5NMBWF0J7BA0RG6SLP7P7O0YO L8XEHGUI1PG6HJ6TEQFEH4KSAT3WD11B0UR1INS');

INSERT INTO CLIENTE (ID_CLIENTE, NOMBRE, DIRECCION, CORREO_ELECTRONICO) VALUES (62, 'G8XKYO6E0HDCSPM6TA4I58OXRHLFSQHLVOM7 AF4C0UMCB36P6', 'JQH1JK1I4XGWT21L2IAE6OA1GCU1MHV8FQF9SMONSCOFFW3AB3', '43UIPQ1M9BAVLLL 8H 93RSS8 AIVC73YE6H8WIBGXRE121FT2X0WLWAL4SCSBB36HXRM9');

INSERT INTO CLIENTE (ID_CLIENTE, NOMBRE, DIRECCION, CORREO_ELECTRONICO) VALUES (49, 'YYECHS77FQ0D0CNU0 BKNAL0DJSV1ITLM2D3BBQ3TAU4YOYQ95', 'RNVX2SQYQOQ0GLY8HTR85XUDO5J6Y3BM6 V7K7 UP0UYNC8914', '9OS9LS0RMVI7DTTAB4G20PVHTVMRL 6QL6M1MDVA9B6CAIQ1505UVG0L0UJLDD8A8R 748');

INSERT INTO CLIENTE (ID_CLIENTE, NOMBRE, DIRECCION, CORREO_ELECTRONICO) VALUES (54, 'U72UJ1LJVJJ23RNJSNVANBDT4563AH4HXVWEKKRK15JP94N8 3', ' UE242YK91FK4TK84V2RR5LIW4GB8YGJ77WTQTT52NXUF5I3QE', 'LFFD4TYGDW2IIAQXDO9THRQWNIVCK268RQRE42E2T7PTR53PTGCHWGB62RWS2FV2Y R00B');

INSERT INTO CLIENTE (ID_CLIENTE, NOMBRE, DIRECCION, CORREO_ELECTRONICO) VALUES (5, '5HW5BVSF5KWTY5R902KOPKW0X1AUY 0HJMMYXIKXC923S4NELX', 'QQJE3QT0CUS4 LI9QOHN39RQDGG56YRO33TB53D962B9UC9YJM', 'NCB11H7W21U84LOB24NCGCX388WGMJDGVDB K0W6VILOCTXBGLL4Q83RL G5 0 VSC7HKF');

INSERT INTO CLIENTE (ID_CLIENTE, NOMBRE, DIRECCION, CORREO_ELECTRONICO) VALUES (80, 'KHKA1 0HKPFH650UQAPCEUYUKAPPWEVF I1KO7M8GN4PGYKJS7', 'CKN8CDQBSQXK2S81DG4AESWQH17UIEXMGJA9OVQDD00SWMN5PO', 'Q VHYR0VE7C8R05MJKK8DGWVW SQSGFN48H41QANFXK15I3X5VALOJJEQYKM5C98V2TRVB');

INSERT INTO CLIENTE (ID_CLIENTE, NOMBRE, DIRECCION, CORREO_ELECTRONICO) VALUES (21, 'W8NRQMH5E LEPCUPMNRPCXDQK9SLPUVR3GDJNAL0PI0VH3VQ4H', 'TJ492YHE46SA7SQFBUA5 FI41A9WVF33TCW2O2KSPBLUPJOC5A', 'RDWH70O8V FATE3MJA1DNBFKKD9LPGAAC024CVADJQU5EERYDQ30VYOKGMB7EUPHMJQQT5');

INSERT INTO CLIENTE (ID_CLIENTE, NOMBRE, DIRECCION, CORREO_ELECTRONICO) VALUES (73, 'GI5370E G5E0CVKRBN9M6TTWGBUVSP6V31FAEUC8MJV75VE6G2', '0QLIXXR4 WX4FFT8LT 2A3SWYY0JM4AM1X JPTNBDOOMU RYFG', '6WH347M75OPPJRNKWPNW51U39170P573KYIIHKERI 2V3N19XNT6Q5BBQ7AELWGVIPJBY1');

INSERT INTO CLIENTE (ID_CLIENTE, NOMBRE, DIRECCION, CORREO_ELECTRONICO) VALUES (17, '5NM5HAIR986K9IUH0C46LRSYCDT1E0J0PDO02FX7KH5ND3XJWV', '3SK20KI81UU71UBJHSJFR KMP6RYV875R4YJYI 8G8O6YOVTU5', 'PYHH2VCAQO9FMQ2QNA3GT6W214M 29LPJ4O9M03Q7ILPS25C4V2MJAM4E3HUVIRYOUFD99');

INSERT INTO CLIENTE (ID_CLIENTE, NOMBRE, DIRECCION, CORREO_ELECTRONICO) VALUES (4, '9FG NNU083XO2KR19KRDNDVRM4W4FJN3VP799WXTOPUJAUO8L0', 'WXXLUM1MFXDGJGX213FVAEAUUO0DQ9XS3DEW9TWLWOU4CFGO 5', 'A4XPFWX0OS7M3HQ9GBYLDPNS9A861PRFNXT QB8VW804MH5PJRVHTHIPO6GJOJWREQKO46');

INSERT INTO CLIENTE (ID_CLIENTE, NOMBRE, DIRECCION, CORREO_ELECTRONICO) VALUES (35, 'Q8S6BJY07JRWKMN1K60QJJX5GJ964G0BF53WR96XAFYKW10MW1', '2B6NJRG8P2QEYXJM7NVET6ISVY655AODB0G64Q0X1ABRP17XDH', 'FGN8BLYOHM750NSY1JE2JRVHYFO1ATQPQ32JT5Y1EFJS4AN24087SI0J1ST09 RGED T9 ');

INSERT INTO CLIENTE (ID_CLIENTE, NOMBRE, DIRECCION, CORREO_ELECTRONICO) VALUES (16, 'IKG5CUKKS60BTG1QGF9TL82IO10G1GDAR4F0NPOAAL0YSYF7AE', ' KBOIGK06C2187WR0HL0NK5WB6A 2J3T62WJW0IKWA4G57VAY7', 'FUN U09IEMY69LOILQ05CSRBB 7VV5OCQMURT9KBC691TVNT7F8B7P85J126O0S9JEDILP');

INSERT INTO CLIENTE (ID_CLIENTE, NOMBRE, DIRECCION, CORREO_ELECTRONICO) VALUES (45, '8E 7CJ4FJIBEVI7RHEW 9NK7NVNYDO9INKCQT5GLQAU06UA89R', 'UFUJCDTX8F2VV11J CJUAHMI4UNAA9E78KHOKV4RQUOQBGIP99', '8VCD3R09L6FQAJ7XU1SX9OT2N25IJUL1GFYR 8OE47HP AEIK XDC9HEFIO07 AG6NFIM4');

INSERT INTO CLIENTE (ID_CLIENTE, NOMBRE, DIRECCION, CORREO_ELECTRONICO) VALUES (75, 'P13AD9IXHKU4KG5JTEYNTMP2VRG1WRGRPWMD MVEPK51LGWG0D', 'L9VGYMY9WCLDGJXBVKW0BVXKQQ41HLYPHNW2YR1 N8J3EYOH 5', '35UY69ORYMXHIA8RS28JXU1228IX W0PKBUQFDWD88XP9U BDDYRA5EMPLC9K1N5OOW0UM');

INSERT INTO CLIENTE (ID_CLIENTE, NOMBRE, DIRECCION, CORREO_ELECTRONICO) VALUES (74, 'KVCWQFNKM95AULY483L9P RG86DRG4626 YLUGXKJMJV5CW66I', 'ERATUUCLS30 HQP8WLQGS7MQ0NVKLMGN7 BC8KP1Q93VMGRXC0', 'JF0MHDULTN8R4MQRFTSUCK25J2WMHGQODD6G8JTNU221QPMDKPT53XTJHP7AYB9P H7CKP');

INSERT INTO CLIENTE (ID_CLIENTE, NOMBRE, DIRECCION, CORREO_ELECTRONICO) VALUES (76, '79FHDTTBKT 7SUPCQGDYISO5492XDAKB00E63 2UMM9IJ85YOR', 'EQ4QUR5YOD4TYG27KK4F1D7806QQKDS4FRI3RK2RUSGBCWH9PW', '8PFH1FHVJ5NCA8T3T5QGVJJY2YMHJLBDCILLKMOH8N WXC2YP4OQ4VKOINL1UAEIOH3446');

INSERT INTO CLIENTE (ID_CLIENTE, NOMBRE, DIRECCION, CORREO_ELECTRONICO) VALUES (36, 'VA0PAPN8N9JJLHXEBUAOKO9XAGQ00JWICBYJ85W1OTSVPB8OU9', 'XE5LTB WS26CC2YVJL8VJXRRLUNDP9ATTA91TBLNO KQ6Q QFF', '59JQLYSLCYGPLWODGXBSF054YPOB2D5U S3NT 11T40J5 QFFDQJYOQ281BUAJP4MG9 HW');

INSERT INTO CLIENTE (ID_CLIENTE, NOMBRE, DIRECCION, CORREO_ELECTRONICO) VALUES (6, 'AJMLFUTMESOEEX17 3VE08IP33J25JAFXK0J4YOKI84O1C8MRK', '44LTKR56ICSB2V2GO8HEWHVBKB17OM 8FVBQ8H93KXHATJYNWS', 'DSHU7RJ80X1FAU5XMN5J70QHLAFY5COUCEAUDTISRL40YUU2287Y 9I630DO5J2XQV74D7');

INSERT INTO CLIENTE (ID_CLIENTE, NOMBRE, DIRECCION, CORREO_ELECTRONICO) VALUES (71, ' 6 VXWDG0VODLGPL9BL56EFCCCGXHVBOR3CD5ECH7IIT1T HIB', '7B0X5LW0QRTQMWDEXOYL7P7FP2UB2JK4 0T95833QIO72W8EB7', '5QQCA26OEQV9N1CL2N9SPCJMUY35ICTDVRDIQRM3UFPLL56 T5QIM74PEGH92ON3BVO95J');

INSERT INTO CLIENTE (ID_CLIENTE, NOMBRE, DIRECCION, CORREO_ELECTRONICO) VALUES (86, '3PXEY7YLFUPQXF5MLR3VGU0IJMSKIIH 56KH9AIUH8FY5G5I9C', 'GTMLXN2F2TOE3JPQHPM9W7KWY8FJ7TTA807SQ4KSOL0UIL7FJ3', '15JPSNOT2UXM7KH9NWAEFG L22CF5MS1R5W9INTB2VBPGS47E59NXH0DUJOSQSBJGWCS9S');

INSERT INTO CLIENTE (ID_CLIENTE, NOMBRE, DIRECCION, CORREO_ELECTRONICO) VALUES (30, 'XTJ5LUESUGGD PQUR 6706 3BMUHNLPY9UIG4ODQ3UGUBRY5JT', 'ASTF57J4YME3PVM72WH41RI99H4L589V5U8WI04MWYTL8MA1N6', 'I6Y3CXCSXEN25JL PE1H8B XEV3TRENCXDR39CFK00UQN6FI9RUM7U CDDVV4O223F2LXH');

INSERT INTO CLIENTE (ID_CLIENTE, NOMBRE, DIRECCION, CORREO_ELECTRONICO) VALUES (8, 'HWGBYH4YJ7TPVWKSTDF0VOW99OK5 73UL3FID0AGMM8VFIEF93', 'EEEXOQH8OAIMO7O7I9QJONIA5RYGVYSM79POEGLX48RRVYT88Q', '4S3GPC90B4FOHGGSYUG0WBBJG0S08W81GBOXL7MGYIU1IL 2HLUHOYTKL98GBXUI3EHCV7');

INSERT INTO CLIENTE (ID_CLIENTE, NOMBRE, DIRECCION, CORREO_ELECTRONICO) VALUES (14, 'E CYVJSE1GRHR80RMK9GPIV 8BGP03WFER0D1WAUQ8LR1R605M', '47VS0UOXLHQEHA2D F9UYQJM47XAEK0X182X0N7FG0IBWXO8DA', '2YM2QF8S UJNPN PWTWTX904S05TK1XSTS HRSR74F0EHPF4CMHN49FRVN8OLM5XPLTRQY');

INSERT INTO CLIENTE (ID_CLIENTE, NOMBRE, DIRECCION, CORREO_ELECTRONICO) VALUES (0, '7 PS0BWU476RFAAUX0E5PWI8OVBW2W7P  HEBBB IX0YP0RAWV', 'IVVK6X291XF K9P46DLMPDOE44REBCSTMQIAWNK4KED9S0M455', 'IB76QNQJOY0R6NBK3CKGL0CMC8OQ26BK0YVBB8C FH3KS33YR1QC4I0HNHKFGXGU5BX9QR');

INSERT INTO CLIENTE (ID_CLIENTE, NOMBRE, DIRECCION, CORREO_ELECTRONICO) VALUES (37, 'SY V9I5K3Y2CSYHADTI5148QVYVUQ5E D5 CB1CXQPLAJJSSHC', 'VO 5I2SUYWIS1R1K 5HLJIBI0FHBGM19GBMNMIJYENQ7NALSMT', 'XF0MKHAAI WSPCJAJ1A51OVSCD4P3TPO7Y4AGU5YS1K2DWSRQLNJ6AIP5Y65GHVIPUSB55');

INSERT INTO CLIENTE (ID_CLIENTE, NOMBRE, DIRECCION, CORREO_ELECTRONICO) VALUES (50, '04LGGCWX9PV8I19JMSSYOIQA9XJNMASUUTC1 NVFOY3GPH0DDI', 'D2UHD9DY5BVUXOXSBS VUAPU1JELB1UGEWOS P1Q7V5TOSENU ', '5YLX6M9AY6RB5XNU7  9PB7FJ9NQC3T4C BOOORGI3 S1 VR2BHH1XUB9NP4S8JHVMOHJI');

INSERT INTO CLIENTE (ID_CLIENTE, NOMBRE, DIRECCION, CORREO_ELECTRONICO) VALUES (34, 'ARJP68ULTEOG0T8HWUXX9J215OQH3G710SBXX92Y0HUPXXQ2RK', '5V2TC8VY49K9B4EDAV6XVI1GW25EMMJB1XK869DFWTEEAKYISH', '4VKUP9RS9A49OJ 26193GNOLBDH4MJDG9ETW8QLJKF604X82XASLO1D39K6DXWQL7RNNOI');

INSERT INTO CLIENTE (ID_CLIENTE, NOMBRE, DIRECCION, CORREO_ELECTRONICO) VALUES (66, 'NKDHYBQP4NN 06T0GRR 84PY3XH6NEYH52L7CO33P5AM095EQX', ' 7CL KXUA5K0MIM4 T5QXOX6IHMGPHIGVRRH98448P6NU1M8KN', '90OOV9HXRIMO 95 THY1ODS4O5UHBUWMXJ4AFQ5TFWQML1K3NXLG74P8ADV43VPXLYLJ9L');

INSERT INTO CLIENTE (ID_CLIENTE, NOMBRE, DIRECCION, CORREO_ELECTRONICO) VALUES (57, '82AJRM597U9DL4DL41LTG5OB7H0W5RPHFIPBD6X3EJWPAQJA77', 'MKE FX00U9RXWUQU7W49TR 3W4BM976XA9KHLK78668XM0TGK4', '29KE1WDS815BL5X37AKH9YM0RERITP2JSJ51LO3HECYR XSAGBL9CWMEWVNVY53I7KPHHU');

INSERT INTO CLIENTE (ID_CLIENTE, NOMBRE, DIRECCION, CORREO_ELECTRONICO) VALUES (28, 'GC RO64FTFKN84364NE6W39 M64S086 IDU V1H0OS2BUI04CB', 'DE6R4R1BD909X43LRMVNIVN6DKDFV Q9RY2WBD49IHQV4976 1', 'PNOV S8EDTM9MMSK3UHP5SMKG9Q4NQ7Y01GF4I31NAKVE6B6ART8Y6814QD4HIG1QH9YNG');

INSERT INTO CLIENTE (ID_CLIENTE, NOMBRE, DIRECCION, CORREO_ELECTRONICO) VALUES (93, 'GW6632LFR4HP28TLA96II4HB11AEUF0K8BSH2JC42CLBRC8DWH', 'WCL4BJ2F5P H3XG3L6QKJH3ACGJ3CBOMSOC8VBE8FCFR3S4M4V', 'XC9PYTY20J43LF018WA7R3MCORP3LIPEDN4ANEG7D10KDJ682GNE4BCBXFJEVXNTJ 40AI');

INSERT INTO CLIENTE (ID_CLIENTE, NOMBRE, DIRECCION, CORREO_ELECTRONICO) VALUES (70, 'LO9LD7P WA828V19Q54 TFLK53TYH9SH0NOYN0UR3LSHKT69E5', '80VKC UMDUK94DARXX49TM 39T3BGNCSCYL5G9OBGSC4X3 D0O', '1P 7OFNDDG7VQYB7UYX1UQF1PEL6VI8 9U1C7QWKW2X5FMFTNRRS52PRK465B5MN 2045J');

INSERT INTO CLIENTE (ID_CLIENTE, NOMBRE, DIRECCION, CORREO_ELECTRONICO) VALUES (52, ' 3L4K7 RHBJWH1198USFKGTR2OXKVWTMVBB7VX3300EUIIKG4J', 'WV61UVJRHK0YCEIAGR44VJWGNPCLHQHR XI7TA34PI5IGQBC5K', 'AXLVWSX0ODC CJY7C5CLNLTRS35IJK3773CRRMMW3IKVDEM9HILUB0YMWET OL98DRSESM');

INSERT INTO CLIENTE (ID_CLIENTE, NOMBRE, DIRECCION, CORREO_ELECTRONICO) VALUES (99, 'I0GO0STF08 9LSEIFUL07O45K7 B885CIDN8KXWHVGHW5SK4RJ', 'V6DY25OQ7 CBDHELP1NUHO5VH66JVYQK1QL1662EKYGGWF9Q80', 'KNDNLJVVFMRE8B6CWVHN20RKBE9M1CLUYSS47P8I8 ML1YT1F2C18QXSE1K0EVX63YM1PY');

INSERT INTO CLIENTE (ID_CLIENTE, NOMBRE, DIRECCION, CORREO_ELECTRONICO) VALUES (98, '1CWX7YROY4B4 IQ1 P0XAB2WTV7RN4R1DGQNNUX9SUBY29YOQ1', 'RLK0 QR8TUFHI6CNVSO1T2OWYSL6AABE3K9H5IW2S0YRD3N564', 'S2KUW6A1D3DGEK12UVGL5GXJQCX10XDIYBJQU9S9L HQ8F5H1QLQA1UXGQ27YJNIVNRXLE');

INSERT INTO CLIENTE (ID_CLIENTE, NOMBRE, DIRECCION, CORREO_ELECTRONICO) VALUES (55, 'NRPS1QWQG8UEEXW67Q96BHB319V AO4Q1TW6YP9W9RI6R938L8', 'L5PLIX28G68BKE59MRO0BC6PEI0C6CX28297EPVF8APG49HVYU', '8QGX9 AX95GKRHRYPJNSABSBW5A9E0J2J8TAX90IWMUN8YCLUYTUTLYWFVHCMJXO70BV9H');

INSERT INTO CLIENTE (ID_CLIENTE, NOMBRE, DIRECCION, CORREO_ELECTRONICO) VALUES (97, 'LV6AL6IXBMV6W832N9B8T3TM31NF7H2FSM8KBTG6DY25ALSGF1', 'K2URYG7LB63BMWOQDG85KEPMLE24RXETFI0PSDAOFH47VX83A3', 'G6UGFIGQ6H44 PU 6AMYJBNDK0W25PRUWTKBYMUJJ6YBAGWSOLG2RJW82XMFTEC9EJGORW');

INSERT INTO CLIENTE (ID_CLIENTE, NOMBRE, DIRECCION, CORREO_ELECTRONICO) VALUES (78, '280VJ72DG0 MQ4EQEIN49KSFCLKKVCO900KDKRXL2DBR7G589G', 'NKFF72I2NN 38RHILNKSHBM76P0880U QKH15N3ODITIR7EY42', '97GOV4 JT3DBCDE5 MDT GW4PCBD28BC9MSE74BM 9BK9P7JF6OWVAAGSSHFSLC359QNRB');

INSERT INTO CLIENTE (ID_CLIENTE, NOMBRE, DIRECCION, CORREO_ELECTRONICO) VALUES (40, '2KUA482BAQ38PQI2CPN6LRHO ERY16BQK CHGQXCQDTTWI4E4E', 'SAQDVRKG9EPOHFTOBP25SR4XQ0LKGTFQT 754PXUVLVNKJ0XE9', 'E NSGRTHLN3EA TP2UCBP6I9706G6WYBYXVCM USX05BCJU732BF87PMRVG469GR44PBQD');

INSERT INTO CLIENTE (ID_CLIENTE, NOMBRE, DIRECCION, CORREO_ELECTRONICO) VALUES (31, 'RQQQA 3HJ3YJT6EBIL9APDXJNHCDRFA2709K3HQP18J4C0F4IF', 'CIUVR7 6XRXR74A5JU8CS34T16W0LJE75PGXTC5WS2PO2KOJOU', 'K6X53XG1PEXHNE67A670WLDN5IDILBCJKOBA0VECTNFSGIJ68XW1XUFY04LS108E6NPNDW');

INSERT INTO CLIENTE (ID_CLIENTE, NOMBRE, DIRECCION, CORREO_ELECTRONICO) VALUES (23, 'N1MXYP3X5F7D11J7NMGR9O0WJMOULKSKDWUD11NXKISOEKNSK2', 'PVFQM491STNDKBP06LAMMMXV5EJAMH 31UGOEF4LF75 U1A05J', 'VMK 3RTHLTL0UYHTH74U9O0P4UN4JGOBQH3 Y2PAKNAI8FPMN0HLW5CPWHKATPT8XMDSKR');

INSERT INTO CLIENTE (ID_CLIENTE, NOMBRE, DIRECCION, CORREO_ELECTRONICO) VALUES (24, 'HC3DMLT9HM EHT5944JHDJQT4MUX2YG FCG3K0VSK7QA68HMJD', 'PHOW4SKMYFXPH4FAFN23ED6X69BA2AXAP15FKU1XDFSOM 30IS', 'DKFB1DBBM1J9FOFN7SA7SF O ACP464CSBSX69SBHJ5OT9MSX FB8V5I5FEV D0FVSI441');

INSERT INTO CLIENTE (ID_CLIENTE, NOMBRE, DIRECCION, CORREO_ELECTRONICO) VALUES (47, 'RG9TSNWCDVG9BQ3RS4BR06 CV3YEX2XD5NLELWEQGBHILWCKQA', 'BVJEY1LJA4IYT59CMOH3XP6HOTHTQAFNOEA92Y6G9PUSPNP5XD', ' QXMD6XO J859NESWOQPMS36R0MQBF0M7 JNUJOW526JB9083W2IS5VDGSNOD87XIVVBDK');

INSERT INTO CLIENTE (ID_CLIENTE, NOMBRE, DIRECCION, CORREO_ELECTRONICO) VALUES (60, '41Q4UC0DIOQ69 KHKK87XUXBMN3S 1WJDRBWPGENNYYHU3RC3R', '8F4AGH3J6THX5I6PN38H165SV8HSSO86VIVPS1O2DXCKLXJU4H', 'FC0XHL6RHOYUTWA2713954N1KHA4T42DYR9AJLD9VSD2YVBID1MVC 2ADDHJNDSQLXXY9Q');

INSERT INTO CLIENTE (ID_CLIENTE, NOMBRE, DIRECCION, CORREO_ELECTRONICO) VALUES (10, 'T2RLD4P3L T FL30SXQRDAONF6OJY8HG7I9A6 F7 0P6XH11T4', 'W36MLJPJ9TJW0Q4E3RIELLJ 0C466ETCIMFH440D3484WEJ37V', 'G707ED92GE94FQCHDD0YLNDV55AQUD1ENQ2S1SPIV8XF9IJ QJJ0X2MJ4YLP6 4SO2JX88');

INSERT INTO CLIENTE (ID_CLIENTE, NOMBRE, DIRECCION, CORREO_ELECTRONICO) VALUES (89, 'DSTC363C32RSGCYGEGQHWM3V589ICGXVO8951T6T5WA3VUR3U8', 'OGOG4SVQPB6EQXU0M345SP9C3MGSWJF6BUC4I6C7WB3CPGBAD ', 'NV93546IKQR60O7V8SFB04Q15SJBFGV3 K1CVF830T86M3NFSKMFV2SE8KLD3V7TXB1K4H');

INSERT INTO CLIENTE (ID_CLIENTE, NOMBRE, DIRECCION, CORREO_ELECTRONICO) VALUES (43, '15R27AJ9EO7891 CF X0JD51SVYMEX3INNASQ3YK E612F7CI9', '5MRD864KBQ42RDOJ8HUY21W1ITT94SH6CVL6NRID1KK9PGX C0', 'F4T7GHIEQB0K7 52UCM2GY8FLGRNJ4S0XBA9YGFBK1K6 FJ6XJVAQW1YS4QUXK3BWN8T3M');

INSERT INTO CLIENTE (ID_CLIENTE, NOMBRE, DIRECCION, CORREO_ELECTRONICO) VALUES (3, 'M07MKP1UPB6RODS1XBMLLMMJA7EKI1XMU6B9BJ6 YLJO1776KM', 'P6C02FJ5Y2APW2FKYYKOP2L 1N4CXJCNSNBVMMMUS6YENNRHFW', 'NHPXH0X0RDXEPPQ5XPG55F2 TEK93B0KXCVI 42HNE96YTXFJG7XBXMVS3D2IJPNEA3MRF');

INSERT INTO CLIENTE (ID_CLIENTE, NOMBRE, DIRECCION, CORREO_ELECTRONICO) VALUES (20, 'VN2UD5WJIV5 UKF36ETKSGRTQHW34SYPDHP6QH1BVRS1DQHEU7', 'I4OIPKTXA9BYIJAMSSMQK485NPFA6YIQSPTCJ80 SFLB04JBG2', 'NN2EC2IXTCBBX87PBDNBE YEAU5TMBQODAVKY3Q3FJRVJKTW5RBU5JXDOA3G2OGFJWYA I');

INSERT INTO CLIENTE (ID_CLIENTE, NOMBRE, DIRECCION, CORREO_ELECTRONICO) VALUES (58, 'J9VBGIA2VDDR0SU0FYHF6EETE JFK1CGUKQMCALSVFYGHWE9SQ', 'AE2VM44AC0FWILB3QPAKHJ095TQY JNY2Y924O9EXWUCUT6IL1', 'X8SIXGHLUTLGXI383FMXUS8H8K77A0O2ERJF1SRIPQOCX8X8TDOAM30J00AJMJQIRJEMD4');

INSERT INTO CLIENTE (ID_CLIENTE, NOMBRE, DIRECCION, CORREO_ELECTRONICO) VALUES (94, 'LKIV7XEJGTNEI615AHQ1QD78US29ECN83SGI5I0J0ACW1U3K63', 'NX8I13N3LURNKU1OOK0GR PXSQEDO2F3MEVKM5 ACI7QCW44JG', 'KQ7YHSOQBY5CYB33WBIYL4X24C59XR9BQ8Q10E4XEXLLNYMKN1JKOBRCC4VDDCVQHAYQ 5');

INSERT INTO CLIENTE (ID_CLIENTE, NOMBRE, DIRECCION, CORREO_ELECTRONICO) VALUES (7, 'NBHKUGUC1UK1M90P0HPRM3G53WT9ALP 538P7H639BT06AXVXY', 'F2 8MB2KIMES411SMBX7NVCGKXVHNK66H6W3W9UTVV DNLX0GW', '66EUIKD2OFXK7 MQ FD7948BUI91508C8448J5HDNFBVIX0O8RC5YV02HM8XK5XM47NQUC');

INSERT INTO CLIENTE (ID_CLIENTE, NOMBRE, DIRECCION, CORREO_ELECTRONICO) VALUES (72, '0YMGXIPTT07CLT6YSF06VRDYIFNOTWA54RXSINN3BLW5G3N7LB', 'XKN41O69WWGFT6VQGT77WSJWJQIL62GFH6XOJ7456VARQB4HFC', '8 4VSVJO4PJM8PHCUOUEIO72BFG90VUOKULR2PA BG2WK26QEKRV42VHUCG9H1A74433WG');

INSERT INTO CLIENTE (ID_CLIENTE, NOMBRE, DIRECCION, CORREO_ELECTRONICO) VALUES (38, 'FWABIPX SC 3H9L8WD9JVKBIVDKHRG67QS ETTSO7E1B70X0L5', 'LY6RUUK7X77FAYMRSS83QFX8N0RXDIMK5DW969K XETG3BDSE8', 'L3XCD1EKF3MUXALQ3KMQMU37BG0C1G0UFVHP1XNQCX4 1C4KRNKYJD5G2L3VR24 UG4NQY');

INSERT INTO CLIENTE (ID_CLIENTE, NOMBRE, DIRECCION, CORREO_ELECTRONICO) VALUES (22, 'WWYHFNGVT213SFP9J1W1G1F5GCTQK8PJ8SJPM5MLMDO0NXCPSC', 'O48OYM8 1BNFODS9HSH284TUU4P5SSTOA1OEML9WUK66O2H9SV', 'W7L7QOLWJXLB3TW2AWXKYIJFW8N9C 5QHWOK UQMQ696TKQ6X8V6Y32GIPJKV982OH5JR4');

INSERT INTO CLIENTE (ID_CLIENTE, NOMBRE, DIRECCION, CORREO_ELECTRONICO) VALUES (56, 'K28DADEMK4QEPHX69YG9 IDR0C54026YA0VQ55LU7OKNCQGVHW', 'KY5G6TK3CW0NLK27A307J2OG8S34JSNQI6SS64ATFCB8PCLRPU', 'OK0JKUK3E85MW0Y COLQ7IASRB70HP128W4FFAI5RX2C5E7SDY99CLTKXMV8MGK39 YNH2');

INSERT INTO CLIENTE (ID_CLIENTE, NOMBRE, DIRECCION, CORREO_ELECTRONICO) VALUES (81, '0H9116D6Y4O9 H2LRYAQI2392VKKLGJ0PWQ1DBADNR854J2XM2', 'GGSYPBPF5C7OW2RH2H29UIAURLLAY4KYVGBAMIU3WCMEHXP0UJ', 'EA39K5J2VYBKRDT66JUM63SSUYO7QT8NF9KAOTRU5VALFNGF6AT4T6J3OTQPQMV 3V0N F');

INSERT INTO CLIENTE (ID_CLIENTE, NOMBRE, DIRECCION, CORREO_ELECTRONICO) VALUES (27, '27BIRY1DHC9 UQVJ9USFJMIEHNTIQA DQE15FRFMXN5OI82M2M', '3GTGLLJT1DAHNGH1Q6M4SDLTMOKJI50QREGE3X6YLD6X4XC5J7', 'VO4NSMSG8BXFHH8OPOFUEXRKC4022C6RW1QNJRHVF3YU7Q4G8GKNKRV ERMR9Y4ABGNH 7');

INSERT INTO CLIENTE (ID_CLIENTE, NOMBRE, DIRECCION, CORREO_ELECTRONICO) VALUES (29, '2THYAATQG YDF4V64JO0P694T3U4N4MSHG6PF3Y60DTTJN0XFA', '7XWOQAC0QUAP2CPSAKG CGPME952MMW4PUBP0ON6R6F4OE8HEG', 'IURR3IUU7T ICKO9MSD2575OBRF3RSSE5M2 MLACKXBPXIQ ES4HXR3YNRJMT1GR6ANWNA');

INSERT INTO CLIENTE (ID_CLIENTE, NOMBRE, DIRECCION, CORREO_ELECTRONICO) VALUES (2, 'P232HQ 0GO3GT4K0I52EWK0P3U 4NC3NC02EOS5D369L6U8L3W', '6QH4M I9SE9 ASAPM R1 PMV9FCXJIM Q7T UW0LYE9SDN8G18', 'T8CRIY 979FHAMBIOCTKGD9XVS5LWPT2RWST4KFRD7TK8W NSDM4RPCNVW74J6Q79 AFPE');

INSERT INTO CLIENTE (ID_CLIENTE, NOMBRE, DIRECCION, CORREO_ELECTRONICO) VALUES (9, 'FQP D4Y6RX7YXE6RVBI6JU8M8RIQCF13GDHOF5WF9LK4II807Q', 'UU2WJUJGERS6P382BBSGDH5E8AHCWF31YVLWIQGNHBGRP S03X', 'CI4N2BUYNGF6Y4Y670 HHJU1APOUU PWH11ASKV7OTDH 1BM0BQ9L5GJNGVG8MTBMMA4E4');

INSERT INTO CLIENTE (ID_CLIENTE, NOMBRE, DIRECCION, CORREO_ELECTRONICO) VALUES (18, 'OTGL5S04TH9R5EX4SOF1Y1PNS26TDAXN6FXP7LTXPLLV3Q5GSV', '2L62L 6N40TB4IYFIB3IFTPR1BTDH53TPYWU7WT8606WIGWQRM', 'AQV9QOMAK234QS1LYD0TSTEPEPXRQLO3R6KSJV2K 3INOYKD9SOVM3ECMXFB O8QEDL3IU');

INSERT INTO CLIENTE (ID_CLIENTE, NOMBRE, DIRECCION, CORREO_ELECTRONICO) VALUES (84, 'C5S50Q2M4VRMT2WP7DMJ2WJK2QBYENODGBXOCWVGCFHOBTG5MH', 'NT54OOJDU83K9HMVC4WC0X2 V0IQQD109R1A 5FGL9W2IX17 R', 'WBRU7K0F5W04DEQJD53HA86EWWPK1GP9LO9EAT 7XPECCYU15PG52FOTAS050P472C4AJR');

INSERT INTO CLIENTE (ID_CLIENTE, NOMBRE, DIRECCION, CORREO_ELECTRONICO) VALUES (25, '6PRA9230RL3C 4R0PGYVAVLBEQTEV63IKSF3DMV227IIM5KUVU', 'XPRYMCGPMCQHAKEEGC0HYWQMME04NJ8 PSCO0G ETX01F ECCJ', 'RGIC8TTQ6LQS4 33JI82B2F60FF0LOV5 V33UEK4RLL6IUKYKB3TTC6Y57JPTE309JI NW');

INSERT INTO CLIENTE (ID_CLIENTE, NOMBRE, DIRECCION, CORREO_ELECTRONICO) VALUES (83, 'FCJ7V20FQMDGI8F VDGDS380BJ4 GBJOYHJF83S954U3 6 0HR', 'B1C936A05AE1HNM4KEB6GIN31R3J9DSNYO0SROJ189SGUR3GXQ', 'RK3 AWF25UVOCGTKXI8XRU54DSJA5XJVQC2YYMWSXC2CC6E7JXBAWE3TVS3E9YNOH7 J5N');

INSERT INTO CLIENTE (ID_CLIENTE, NOMBRE, DIRECCION, CORREO_ELECTRONICO) VALUES (88, 'FI3MHFJ4YYIMNRIYVUVCQ8ENEPNU7X564N9B 53VU0WA15RH5W', 'S Y KW3KHHM82ID5F26JHGC0WNOHOVHLG2NPPH6F3IQCBTTMMG', 'PF6GOOTEE V8NM2G3RM97UH8ADIBJRW9YD1 N3DKS94 KTYD34UUSBKJ27O7WVPDILSLAU');

INSERT INTO CLIENTE (ID_CLIENTE, NOMBRE, DIRECCION, CORREO_ELECTRONICO) VALUES (51, 'FCU4AYP0YY27B1QY7DWHTL290WQ7LA6JVXFU3SQ6AKC11LB7IU', 'FIKVGJOYXQYOEFVJGQCBWPK8GECUBKCTJPYE80P17B0Y0GXWY2', 'HTCGEFTTM74M1CFU357LVNOKA4WAQ4UOP7ODA0S87Q77AW97FESXU1KE7VTX8UGYR4O2 I');

INSERT INTO CLIENTE (ID_CLIENTE, NOMBRE, DIRECCION, CORREO_ELECTRONICO) VALUES (13, 'BFXFXD42LX0RSGNC88K6A795E18BLH4FTD2FMH5 M0NM6ORQE6', '75V83DKMYMXT0NHMR5KWA7OGGHV5I3RQYMO VQY43YF2G5N65K', 'EBVVMINGK7JWNW29T79LDT91WQWECPNMWVVK120NWQ6IMW45GGMR AMFMHTQDLTD6TY8HY');

INSERT INTO CLIENTE (ID_CLIENTE, NOMBRE, DIRECCION, CORREO_ELECTRONICO) VALUES (42, 'HOMTSOK44YAF8ARIIEKG3G36NTYNVE4X2YLXSCIDOSG8GE227A', '3NGGWB4VN27TV1HQDS9OCXOOOCF8UDY0O67KA2DNK NMEUY FG', 'OY465WVAHQI9PFH7FN AQ1PDGE W6F4DMXO0131WUSWN282D5OLHW5XV0 YRSIMHM1S2Y3');

INSERT INTO CLIENTE (ID_CLIENTE, NOMBRE, DIRECCION, CORREO_ELECTRONICO) VALUES (85, '9DOJ5EEOWMCM4HGKHW6O VLMU0G23JEYXI O8F6AC854BIU61S', '8A572TKTR5 0G12BPRKSE6NTAR2R2U42947CLQ1MVCV 7YLT W', ' 01WLH J1Q5NYFALRCY38IU9UHYLWPABUANN9IJIPJ08Q70AKA3D1Q56W49T2 1LTK324H');

INSERT INTO CLIENTE (ID_CLIENTE, NOMBRE, DIRECCION, CORREO_ELECTRONICO) VALUES (63, 'MIKXJNUUM4MWDC0X58SHIGBLIM179C XWC9OSTS13K2US PCGG', '50 RDRACXPFOJ1S15BBTQTB7TC7T OC EHLKKP G7NXC5PSFPQ', 'KVLLFG7SQU84OGY556M4YEJIG7GVCB RVNQI826M61I9WTPPKIGPNJN34KBRXHRWK9K697');

INSERT INTO CLIENTE (ID_CLIENTE, NOMBRE, DIRECCION, CORREO_ELECTRONICO) VALUES (68, 'GIMD9 1J73F7FLT DJPUXCIFJDE2BNNSJJ H1650N2N RCR34Y', '1XO2EMQK4BA908SJBK0BWDUTVU1RANODIOHQ60DKS3VAJBG0HP', 'X9QO9F0KSHTB8SDGRVOVOG3N1O69CB6K25 3XUHXRH22JYRLHIISX9TMVUBLU9K3D X80N');

INSERT INTO CLIENTE (ID_CLIENTE, NOMBRE, DIRECCION, CORREO_ELECTRONICO) VALUES (15, 'R2T3JO8A44XIEYO9PI8MX0VWKXTSFGWGBI5PU47RR7YYHKVY G', '0RNJVFOM9BF42O5FQFT6LRPTSCDL JSH2UGG6DXKQOCKOMHQDO', 'TLS9S1CVSG0F13F4NVULS8R3POTX57RCPGAA400JM9 VHCPGRUNYEARRXOCILR7OE3ESMI');

INSERT INTO CLIENTE (ID_CLIENTE, NOMBRE, DIRECCION, CORREO_ELECTRONICO) VALUES (67, 'WKBDB7K4RML6BGLY9HOYAQBP0M7BWFYRCQ3W3VPXAPRAJP8WBT', '9XKR1H3EXJ0PF55OVAFPA0NMHBXHM1A3S FG OQO0DHJ4KSRT6', 'PCRLU0RAD9926C572JPT8I 6O29WI1KDJPJT9MJMJPJFE9Y 09VE9CM PYYGNETMBS4AIN');

INSERT INTO CLIENTE (ID_CLIENTE, NOMBRE, DIRECCION, CORREO_ELECTRONICO) VALUES (69, 'YLMHDK9SA06UN36LJPP15Y8CJ4DP3DVQOEHFF4KKXD5KY98UN2', 'RPW4H9AYWQCABMCI4 XUKUTPTPPFUY95HSOKB3QN28XR266IA0', 'OC3T9RKDTKVG0D6NXG3T4IO5S8UX6KH31YMJ7G3WE4UVREOMC9BKXQEJ0D9VL2FU9USNKG');

INSERT INTO CLIENTE (ID_CLIENTE, NOMBRE, DIRECCION, CORREO_ELECTRONICO) VALUES (77, 'Q6RWXYO0R6F 07A7N5F9MFATG5MM7BLH8S760MBOC5H4UV4C39', 'VUE18TMG7IDS2P8YHWNI2B X1T6KM591DCP4UY14VN5FS7CREY', 'ACUFBJCOI0 8MD5KP88P9JEP12XCFLJNTX0KXQYFM4 3LLEH8Y1JIOMWHAW6FEXY9OD096');

INSERT INTO CLIENTE (ID_CLIENTE, NOMBRE, DIRECCION, CORREO_ELECTRONICO) VALUES (39, 'QJ3U3YD73QW5WSJNXMVLJPW1CFU7RUE5ATSCD9CKPJMD7OX6U3', 'DGFHAFN0UAGJ1SO3H1ICRL91K5UEEH  E01RIJBFFW422713PK', 'IM3NVB41DJGWDOA9DINB2LUI0GJCL3V613GRXVVISCOUXNCA6K9N8STGH XYV8IW6MUP17');

INSERT INTO CLIENTE (ID_CLIENTE, NOMBRE, DIRECCION, CORREO_ELECTRONICO) VALUES (44, 'LQPYPM21Y46MP9FY8358ON481ED2VDIR1594Y6JU7LIEOT1URJ', ' CY25V063QTL5NUPK8B3XBJW4DJHJLCAGPYOG9QF76NNS0P0M2', 'X8K6BW 9C MQTLD5FEMUQ0MSX1GD34CCEC4HUS6F1ENNEFA48DS01CBQJO7ISCOES BYQ ');

INSERT INTO CLIENTE (ID_CLIENTE, NOMBRE, DIRECCION, CORREO_ELECTRONICO) VALUES (53, '6VW66AS1FVYE6I6BRE9FH4SGHVEEJ7QQQ5GEL3G7QR2UASB323', '56SNK5WAJ3MCM3S3VDAS2SJOU4CXTOQ6USJNFJT7FI66EI1E1W', 'C41I2IN9TS051Q3MJU3USQ6A4IP4TUCCCDVOIU46YCK5HE 6BE5DSEMHOTWGRJURWTFVO6');

INSERT INTO CLIENTE (ID_CLIENTE, NOMBRE, DIRECCION, CORREO_ELECTRONICO) VALUES (12, 'HDJVCH3SE90FOUY80TH3SUAW0JTP198L 46BPX HHHIOP 1S2A', 'RN4FVXSA6XBBN 0FP2GRCHP50E90N XQEPP PFUI3Q41X7MBYJ', '5VEIVTRDYH4FBH30Y9U8L6QFVL129TTW9358B1KVVT19IBUA1OQ0GUSY7K2P01LUJC2CFV');

INSERT INTO CLIENTE (ID_CLIENTE, NOMBRE, DIRECCION, CORREO_ELECTRONICO) VALUES (87, 'YPMIBR5CO9TIAMDRT8VX6WTD60H7IDVDLB6DYC58 HLPDC9WXI', 'UGP3HKPI6PQ9HVFJLF707HYGXEHV7ETBP1UTS4FT3KIFMGXOXC', 'NVN2P8X6UQ5NDJD3UEY35DOA2 VDD5UWGEJ1T95TC4BOWFYKCI9WRXTOU8XO36QE7GY5DU');

INSERT INTO CLIENTE (ID_CLIENTE, NOMBRE, DIRECCION, CORREO_ELECTRONICO) VALUES (46, '1TO29T8IX6ONFDVHPBV25 EVPENOJ2N89FBNVIXRLU0OTQDCDF', 'GYCFUM60LWFKNNOMX1IHSCDQAV15 0D839CECOHLBBO ISDSCN', '9Y8 WJ95F3UT QVRVMMTAS2TUKTUCM3TQHPS8 T RVT9SUN 9YPQRHRWVDWYOJ3 QA ISQ');

INSERT INTO CLIENTE (ID_CLIENTE, NOMBRE, DIRECCION, CORREO_ELECTRONICO) VALUES (65, 'M61G0FUPTXAYPJL0LGXKGV2 021PD8WU799CH994E64VN7 VNT', 'YBQY717GPR2YXDN28Y F2K6W1R JDSVEB682H CJSDVN5SJFDQ', 'MNVCC1CKTG3BI02Y8RVN7H4AOTMRPH5HXX1ATVXUO7GBKKQL19K0T33X1WPBMNWVIY1MTT');

INSERT INTO CLIENTE (ID_CLIENTE, NOMBRE, DIRECCION, CORREO_ELECTRONICO) VALUES (96, 'SFPTSNLEVBRW1BG7 KWHC38NNRWGHVG LJFKX5II45KL1HFW L', '325RNMPKPA  DK0097L82YR57RY6F5IETK4TFP KT35IUDK7Y0', 'C2U4RKBTKTUITJ87DTOKE2UP5NI8GLS 49 N3U788MFV8FUEG443MPEQYE F35OC22QOLD');

INSERT INTO CLIENTE (ID_CLIENTE, NOMBRE, DIRECCION, CORREO_ELECTRONICO) VALUES (61, 'FDAO8 YKY3 3DXE2AIH VG751I2O8LAHKG32636VG95ADGM KJ', '890KKS51P1VC9KT2BNC7VUSV8E1O7OQ2 9XWGAYPDHL65QDPR8', 'KDKMCCV2U PKAVT6JOBT6E6JP0BTY6OGC68LTG0 MF11LM345R79LBVN2 JJ74UVK76WSJ');

INSERT INTO CLIENTE (ID_CLIENTE, NOMBRE, DIRECCION, CORREO_ELECTRONICO) VALUES (82, 'FYPLYAN6JPYEHBB6SB8Q1WA635TN46HAHC2T BKMT1OH3DC1UI', 'T9O8SX HJOFFOH20QDC853DJ2FXF8VTKJ85LC7P4G4H3CTXLIH', '92S4L1P6CJTHU1CF0MO7A12AHUY8JW59BW55X8 9PWQA1PI5J7IC5J 44E8MKQSF0DXWB0');

INSERT INTO CLIENTE (ID_CLIENTE, NOMBRE, DIRECCION, CORREO_ELECTRONICO) VALUES (59, '7BXY1HWI567S4K288IY3 T62RO39JRJTMOPYYRCTXC9CJHEY 4', '5NIEBUJWNX2OQQWIBTYT2SY0G3S88GULQFBEMJPGCSX9AUV X9', 'IG43F4 E4USGRW82C83RKGYBIG0WX7WITFTEJTRSDR4QFHVOAGQVMBAR09NUUKFPKBQ5SK');

INSERT INTO CLIENTE (ID_CLIENTE, NOMBRE, DIRECCION, CORREO_ELECTRONICO) VALUES (92, 'DKM12 OOCE3HRTMTWXCMG3AXJY3SKO8TI2G79JUEUX1PSCHIXP', 'XNJY81UEUU50IO3EBSSY VW5B17APB R9UJ0WXJAPWKEOYQYGD', 'TM0AMDP1BFE34WW4WXQYJD3VSG2YONPOEGE 1BFQEXYWXLOP7NCSCV5RAOY68PD8H1QNC9');

INSERT INTO CLIENTE (ID_CLIENTE, NOMBRE, DIRECCION, CORREO_ELECTRONICO) VALUES (48, 'AR0RHGKL69G2B8QH5QGK4X9DP0 G502KLHKV9BA81HUHDQ1G7Q', 'OCXTBS894R5U0ILH0LB2ARW36WFGX37IWDHR36EQGET3FSOWFU', '0FWD1UI7Y6TD38X00SHMR4J7U0XDJAS8IO8STNORU1UKTD9F2Y8AKBASQ1E5OET  VRF4M');

INSERT INTO CLIENTE (ID_CLIENTE, NOMBRE, DIRECCION, CORREO_ELECTRONICO) VALUES (91, 'LDJVJ4S2XLX4KJPX98CMNROJ913E0TDQM10AR3I8795HDKUXJ8', '54NBP8CF8AO0QGMQVOKDO VPA 00EDYQIV3590G819UWVGU697', 'O0W5WQDEHSSV950GXP W07SWGYAC6J1 MKN11B09XEW4AUCVJQE RBPAM7UB1CRQLFQ9HY');

INSERT INTO CLIENTE (ID_CLIENTE, NOMBRE, DIRECCION, CORREO_ELECTRONICO) VALUES (19, 'QJTYSXH9BBNG3BFUOAHGNP71T9VJ5D21497JKY9JTQ4EJSSQL2', 'M84SD0JJJSR6 X4EGV9N3V5LYLRE67UAEBBHUF3 EVL852IM 9', 'T44TKCOB9XGNV54 APOF7C7SD1C9G0EUR6HB4 BF7SHXJT YUIKBKWR593C5PQ1PY 0WHE');

INSERT INTO CLIENTE (ID_CLIENTE, NOMBRE, DIRECCION, CORREO_ELECTRONICO) VALUES (33, 'GOLSD7K13IKGLJ LWWUPBP147S80A8607Q43QQ376F80F7E T2', 'KPAU78KIB41CHUDYRLHLJQ RHXA1UUBFAVMADYBEIGVGWRV5BJ', '98JOQ6PJYCHWCWEEV5B8GCXV96O8ISRLV4QD0G78M8M8NN1V0BRBODG2TJO8868Q85IFYI');

INSERT INTO CLIENTE (ID_CLIENTE, NOMBRE, DIRECCION, CORREO_ELECTRONICO) VALUES (1, '5SP0Q6H75TCPHVIDG A38HNL JG2Q59LMEG5UKK9 E88Q61BVA', 'AJW5SKXIYSJQGX7GRJ7O 1E1IT6LLBHKA SVGQ584CLH5MCT2A', '7VM2ITHUYOKGOUDCE5AA4QGFN9K7GENKX4RY2VXBLP 5ESUSMY1FMU217F0T96KCN2K5DI');

INSERT INTO CLIENTE (ID_CLIENTE, NOMBRE, DIRECCION, CORREO_ELECTRONICO) VALUES (64, '0GUWMG4T0UPT5 9GK20TBN8MQW4H8 2UBL8PNQ0K Y7HBF6NFL', 'YUK4MNF3NQJ2EIUQG5CNXG3CPAYI7XA 25DN2BU25TLELC9KBS', 'FHDEP0YE431FQ1U0L1F8QX8AH35ALVQAOT54NJ94V6 ORPAFSOSFURHWYUMM9QXJKVNC08');

INSERT INTO CLIENTE (ID_CLIENTE, NOMBRE, DIRECCION, CORREO_ELECTRONICO) VALUES (79, '652HADJNX41F8GIKE24J76RI6OCK5M853TSX5SISF136GU3TJR', '0MCV055EREO ECG FBWDFJ2RFSMUAEI8AGHORBPE4SQLWTO41F', 'X44OD4WJLW3 2K8BV2PSBPHQVGA3RXMYOUL7TDR11Q9OT59WWS2ERDMTFXM5QCH1ICO1J5');

INSERT INTO CLIENTE (ID_CLIENTE, NOMBRE, DIRECCION, CORREO_ELECTRONICO) VALUES (95, 'CCFLAY95SN45SUHHTNRP0AWWMA5C3WQMGWEUQJ0FOOGMG56PL7', '85D3V5US3N7QG2TDEFEFV2Y4E5HKSMOH6L8A0JXCG3HYAWCN74', 'TV2OQDLVSGS151DMF4SR4YNEYESAIG408D3BUWV170X32B1BUNK2N 6C71UF6VXLR2KY26');

INSERT INTO CLIENTE (ID_CLIENTE, NOMBRE, DIRECCION, CORREO_ELECTRONICO) VALUES (26, '9G24YO1AWWIY98Y4J 4F06L8AC2SBFBGSD2GSYKKQ1QU1 4ARY', 'R44NL01STYQNVYQM56JX2JSAW3KACV2OHDLVIE3F4OML7K1 FW', '865O7DHTQV7S20EC1G6F72JFNK2568VC6GJR3I6JBJB4LR7U4 QVXQV68LH13KCVGTUQIS');

INSERT INTO CLIENTE (ID_CLIENTE, NOMBRE, DIRECCION, CORREO_ELECTRONICO) VALUES (32, 'PLWAR CXO7PNIKRKJ5QYKX4LHFSEB2RW6S0TPUJN4YLUIL9PXX', '02N4F5FP74GCU40SR25YYXLG6II0E4 VEYNS7QWTHQ5SH97IWJ', 'DO66DF5KXFWA97A 4QL43OW2F6UGDG MQMJAE0CMCENXBBIS05ANW99 PU05WMH2U5SEY7');

INSERT INTO CLIENTE (ID_CLIENTE, NOMBRE, DIRECCION, CORREO_ELECTRONICO) VALUES (90, 'MI9ONEHM1B  I68SPAGV5J 5EY8NNEVLSB3GOV3BOH1KTN64G7', 'S6S9Y A0W2V83OEPIJIBXLVLQC17BMFGUHXV7QKSFIMSYQUQUS', 'QT Y1S1BWBX5WVGYJ4F8Y8PKATF1YOMBRDDJBT8C8PGGW3QTBARE2CMNI75W6T62JXTRH ');

INSERT INTO CLIENTE (ID_CLIENTE, NOMBRE, DIRECCION, CORREO_ELECTRONICO) VALUES (41, '8MYIKUT7FMU8NOQFD36J6VJE HS6DRCPSNGD4EQFG47LM0GFRC', 'YJ11GCJK6CT6X1EE316 HIYKB48BKPF0W4LSU61VSJN6F0SPJL', '0BQ66S2NTKLNOH1DF8U2NKBEX43J3R8S07HHR Q1J1H1HCO73VE7SIJNBJCIE6H7PF5G7C');

INSERT INTO PEDIDO (ID_PEDIDO, ID_CLIENTE, FECHA_PEDIDO, PRODUCTOS) VALUES (7, 8, '1682-3-15 13:0:37', 'K9ELFB8WKWWGD0MTAKQ0PQDN1VS1O1OS97LD2VJ 261O93SDL8MIU3D921MHPY5B7OR5KN30MW7LDCH2WES0B55PKBM53HE4WYBN1RPA4HO9XP49N1VJ5CKDCVQETNB4A0BTN5N02X 5S7WO3SQ1MENQO5NHO9ENP0VIWTIVVQGLTBAU8OB1KFOCRFJV7FXHYJQJOCQ64EAYK8SKLTAFEFGYPTALO6KQJH8H4DY7HP1E4US MCOY1MTKFUCQT38');

INSERT INTO PEDIDO (ID_PEDIDO, ID_CLIENTE, FECHA_PEDIDO, PRODUCTOS) VALUES (55, 98, '856-3-5 6:30:43', 'KO 245AHP HK4IMOVYTMJFLOMHURHTGI3A2T7L2M NXO8BX4ASQ5VCPEAI9NL1OQ5CHM4UTL2B3TB6RS089AEQQSLDJM N60F14E85HU83KENWJ7TQPVONFYWT15 BPVHI3HWFNJJGCM8MK3QM8UH8WEPNGR0RT0W2GLR6P1UKN53LX0HDT OI4JNRTXFFP6JHEXH3TWVO8BCCJR165RX1ROPOVE9Q0GTAAEG3P7AOCUMNA8HAKVOCQ834MWBY5');

INSERT INTO PEDIDO (ID_PEDIDO, ID_CLIENTE, FECHA_PEDIDO, PRODUCTOS) VALUES (86, 70, '1696-2-23 13:11:25', 'BF O6D02FFDJNITPU73MSDYD72S1NX2AC9UTVGACOB8FNGRUELVMGXW9H8W7IVV4UKNFTKEC01L31X3PQA31UT18WVP786AQVY HIXSQBYMN2P OG714K4 P07LUYXMAP7VN5B06L6RPPP5EAX1RE5XNOW4OSMVMOSVIASII2PSOXRHSN31C6KRNTW3 JTLKQWTTVRJ5II08B9DEW6 J3HLF1CUKD69CXG6X8EMOEBRNVLMMS8ARVK3A3UVYSHN');

INSERT INTO PEDIDO (ID_PEDIDO, ID_CLIENTE, FECHA_PEDIDO, PRODUCTOS) VALUES (11, 53, '1209-3-18 9:31:43', 'GLTN23TF7CQ36GE9OAPL1IW2ICH6TP72M1M9MPH1OAR8HB4M374JC89MPL5E4K7G0RATKOG2LFBXAHLRPFW164EG2P8SCOEI80 H9C81TT3I9BLLKAEMFA670OUHDO04 8J0LXTQGBBWBERCNM2KKNNAFCQQINHKWG16K8KWX07ER4SXB7XV5T1YHU0ENW9ASQ1PG7H64SJ1Q22IWK8N9R918P II8Y8VJGKE9VD17VGP ECM4T12N9JHAJLHFR');

INSERT INTO PEDIDO (ID_PEDIDO, ID_CLIENTE, FECHA_PEDIDO, PRODUCTOS) VALUES (40, 86, '1111-7-5 8:32:49', 'YV05 FWT3HR7AD9YVRYHR69SE69PREUMINK23FPIAQOMGPR XKENXSLQ4C1FCTM1HFMMYORJDIC283E05S0196O9 BW1NXW3GL4RAK491S638FKB BHTTYYKQK 80HNKQIPHHKMWC7RW6IMRHB17SMIXXHNL8CJMVTC0LQ7630M2SP7V FUXJC8OHN3QV4ECTN9FBH5P5R33QO0S0RU15DGX4UCJ931B9 319N6SDNDP65N7GUHBERW0E0LONLK');

INSERT INTO PEDIDO (ID_PEDIDO, ID_CLIENTE, FECHA_PEDIDO, PRODUCTOS) VALUES (8, 35, '1131-8-21 8:40:17', 'BKFWR1C9Y333NE4R15R0SNE5AFMCEPX4F6EIMA8A1LRJDLY8WF3KH9EYDH4ECOFWY2 QB4TVFVMJKJ8C1A6JG8BY2WPY521PKEGA3PDO2XH15DYEKTHJUWAQHYAJ294HTFUBWQ4YC7CWVDC4 16DH 9U 538PHUR4 136TC76RB4FGSWBGJ0DI83ICDO59CSXMT023N290114LQA5XSC8Y6YPOBFD2TFWGUST67FNGA9B3OB3XAPKETMG1GGII2');

INSERT INTO PEDIDO (ID_PEDIDO, ID_CLIENTE, FECHA_PEDIDO, PRODUCTOS) VALUES (16, 87, '1812-8-17 14:19:32', '37UF3AM2ROCF0N7WVR2IS XNSHGHYMS5DJ86 B1SXWPM1TLDAQ5TVI0FDQN2A1SHS0YG7KLPI9M7IKVV1GVA0BAFSVLDC83VGDO99 SB9A94PVOO 83N78EGDRGTQBXGY8PU3H0WAND1D2DLU0M3QQI1OSQFBY6DK8F9CAF2P9LXLCS0AV0GA6QM 2202NH6S7OWV6MORT7UM34UJK7C75YAH97O20MGQOL3AF8406UL17ATUGP5YR7S365PIFF');

INSERT INTO PEDIDO (ID_PEDIDO, ID_CLIENTE, FECHA_PEDIDO, PRODUCTOS) VALUES (52, 78, '1464-2-2 11:18:49', '6IQG561F39IPUNGFRS0AA5M2XUHFKAQB7M5KF2TEP2 O9IH2C1JCRJGAGQ7DQTF2BEU1R42DHPAI8MBV253FGXV DKFJLVRGQ62UFWAS2LC4GVJB1YS8G9VKREJTUYGRH96QJHNW837GR LGPGPKR3VVLA6E4QP0GAB8 0TC5JQHL4AW Y83526CMQPS07W 3GA3QVMTSS 2RTGJ2HJEFTTOH9KR14AVJLSG8YNDVI7WS5XF6DHHVI5LXJ GSTM');

INSERT INTO PEDIDO (ID_PEDIDO, ID_CLIENTE, FECHA_PEDIDO, PRODUCTOS) VALUES (3, 23, '415-6-5 3:10:21', 'RT AK7CJ QL 23EH6IYTDAYDSH6BX TRG23O4EV6VUF94ELAE6RFVAUF2RJYLND 2W26I9A576WLHF0DMLMWRAXW4K0U9L9ARA0REJ589OEWO1X27WRG NDE1F2PY5WK4WNQUH4A0VF65WRE3OJQB162R4CC4 O2TTC5H8VTJQDG0CMICFFA01IWFQX27JE1ONIHJCKNHKN25L076YI5URSU66QACOK SNF4ROKCG6OAMVFORXI87IWFDEFPC B');

INSERT INTO PEDIDO (ID_PEDIDO, ID_CLIENTE, FECHA_PEDIDO, PRODUCTOS) VALUES (6, 64, '627-12-8 4:43:38', 'Q1SH8 OMUUEXN1H4DV17F1R2T9OJSS5RMD56NP T3WGJP3AXGWLCMK6IW1LCRI4W 6H62BBF10A G94PX869S5UVYG9O8KOK5 PB2TYA0O9FGYT0DDFLQIN2DLADWI BQGVE89OHL3POHVGY6JJRB3JV5GIMLFJV2MOJVCX1EHDCL14MRSO9E0I9OUBDV143KWGM473TJECT P4U9TRQD8 R8YQ36TXLYVXPYQIRGFNVCT1AVQI06GVA1OGVGJ4');

INSERT INTO PEDIDO (ID_PEDIDO, ID_CLIENTE, FECHA_PEDIDO, PRODUCTOS) VALUES (1, 87, '804-3-4 6:12:42', 'W0IMJNXPERAEWVRVU3I VFQUYSCRDT35FMDY68G3VFCO7PBIVTIYI45854230OULKN4QUOWD9W2GC0AWDEFFP5EV3MOFRLIC H1FP1M02WXAHD047BT71LHQN8NSGYMDXVWXFS19372TKQW71CA59Y6IP8BV102DFXGB 8D5D OV6L50J3L8PLUF5U5BNY5FV4O349CSVIR2V5QIEE YNIUV9V13KAO6V4G7OS2T35S VU3GDBI63O7D9494HKH');

INSERT INTO PEDIDO (ID_PEDIDO, ID_CLIENTE, FECHA_PEDIDO, PRODUCTOS) VALUES (74, 29, '522-7-19 3:47:15', 'EYBUH154 LAYSRW6S0OTSS8UY1MBHCE9TDYY6OHJJGG WMQ1 52ID71 L9ERWTBI3GUOBC10EA849RG6LAGL3VSDARCY AQRCHKY848VT6QIE1GEHKQNY4 Q6EQJOVUJNU6MR5XNFDM6UHDB6OU2C3Y7SFAQWLPDMWXD88TH6AP1AIDI3G81U9UJVY4SC2WO6GDFPT8P5 5MPUWYLOS5H1KSYR6Q5IK4DA2BP2THQ63J83LDVJGT0XQNYMS7IL8');

INSERT INTO PEDIDO (ID_PEDIDO, ID_CLIENTE, FECHA_PEDIDO, PRODUCTOS) VALUES (46, 68, '372-9-28 2:57:44', 'NGYM8N21ALUCQ5Q MITJAI49QKWSTALHRG2XR23X 6NJPK1UDENK54CNEVCFHQ42S8MSA1RER754HDUKRGXBJTLTDPW 1F3GNIXK3AOB FG2MKGGG AP9KA1A6SWLJJ0JOMVIYK IAYTEVUKKJQWF2GQUJMDIV6CYD R2ACOA4W9FRDDPWUYGGU3UT7WMPBQV WJH246PMVG790A9G6AJW01U25Y90M95PH9BF59JM4Q4D94467SKIKSJAXJ3TX');

INSERT INTO PEDIDO (ID_PEDIDO, ID_CLIENTE, FECHA_PEDIDO, PRODUCTOS) VALUES (90, 15, '733-9-9 5:21:27', 'K159VWFNOMA0PDVV5VD16BBEL6WD4DJA7B1IAU0NFSTS1XQ8FAFJE89B2F7D8LK6CV D3 WIHYO5DPA8OG8SG3CP3 LOI97DWWY8IC6MVKT96AC8ITUXJUCF2TGYWSY71IGXDWK3NRQUD3IGC24UO5LEF92CCN06FW5QQC3IYE84QCJV AJ12PRIV4 F50AS2EMA9B01S23FAIIWSDALCRNEB4F5VCDXLKEK1TBTC433NV49YQ5G0G0 BCJWNIP');

INSERT INTO PEDIDO (ID_PEDIDO, ID_CLIENTE, FECHA_PEDIDO, PRODUCTOS) VALUES (95, 55, '288-3-12 2:17:44', 'QUFIFCH5D29X1CTWAC1O7H772FER6NOFI136BKFSIX2Y8OU4GPY34EPR3KUV3GU FWQM3OJQM5VD1MBA4PI5PXIPIRN7Q3 7SA7NFH9PKTA44IR9FF NKFGW LQ29207R82OJPHLSQWVPYXGS6X63FG3L8SAT4E1QUXO6M4SXFHAKW9SWHDH 8NOH8JECXVWFMJ0RGO1RTNAAAHGC TAH0W9XY4  4LHU I3CHGVUAYUYG9MLPVNIOOL6 BSCY ');

INSERT INTO PEDIDO (ID_PEDIDO, ID_CLIENTE, FECHA_PEDIDO, PRODUCTOS) VALUES (24, 1, '751-7-7 5:26:50', '2C SSGEE40CHFW7V2DV 8WALAWQ8G38CMKCVPCK 607CA2EDTJHF52J9I3K0PGQA2BK8MYK6844KWKQW 8GOHFP4V9FVD97QH31L4UFH2FQR9CSNEUBNXNNN29SSHL16CGGOJLS9XI2O97H64A5XK2OC10WM6JNERV0AAV6OOVFW45E5 COXSGHPGT1EJTUAOI8OYAEVYB1 Q 2BNQV3OEH4DLOVFX XDLKY2R99DRBTYM 32U DWRFFO3140DS');

INSERT INTO PEDIDO (ID_PEDIDO, ID_CLIENTE, FECHA_PEDIDO, PRODUCTOS) VALUES (92, 46, '206-9-23 1:39:15', 'KM4C63V1XPX6KUDTX8PVV0M PS 7UQN9T48SVIXW5MABDMVH9SB6UQC3BYE0LSGOMY7 3YCGADHKDB2LF2L20S5H0DWXSSEF0JYRQPP8335 A8OSXH0X7MK83XN5Q5QR1B4CJJI5D23J G249VXK RB85FCIGFT54U1QSGLY36UYGRHGU2CYGN7FUK4JTLSH52K98MKE09Q2LFVEP S6LEREBQXWKA4BT7LLLY3G52OXBFUW 31QQ UXQR8EPIS');

INSERT INTO PEDIDO (ID_PEDIDO, ID_CLIENTE, FECHA_PEDIDO, PRODUCTOS) VALUES (31, 59, '1796-3-23 14:14:25', 'TC2BPU5P5C3AO6CO37JJG5PEW P488IJRSAKJR7W 3KWE4M3VFEIU0NNTC362FT63K9R61R K3 HCUEDYJ5FGWXEHXCCPES8KE2O1505W56JAS6WMSO9W7GIDKC6 F QC8J7R5PBIR2UUB326IUK5 9N23T 05GTXFMXPLIDACOSC3  670KMAY3C540MCAVRTSD9S4WKPAUQ1UT5QUFP AE2714TDMKYOSOB82PSONW39 1HFUGJLEJD8IFG 0');

INSERT INTO PEDIDO (ID_PEDIDO, ID_CLIENTE, FECHA_PEDIDO, PRODUCTOS) VALUES (50, 79, '170-9-28 1:16:21', 'YVJ2TA S8QJTX8A9A C1CDUH XKTUUDAWGUOIB0PIJY8H805 QKTLRDV1EHLH21NGK 7R1HQ19H 9JQQK4H1O3H0H8837GWQM6TQRTWDDJHSW8BT26ELOCAQDQ4G NIGR7DUK1P F0EEN0KLRU3T K43G7SFTB1LR73P5BRRPWRN9KB89BT8ORPD1MDR9MCDT5RXV0S6ICTT9AQTQUC3F6 VH7QE3O47BF1PN 52JCHB 9TOFLWC1OHVVP 12P0');

INSERT INTO PEDIDO (ID_PEDIDO, ID_CLIENTE, FECHA_PEDIDO, PRODUCTOS) VALUES (5, 33, '574-1-24 4:18:50', 'ITUCIMTGXU7EEVQ4L7CRN4IT065J42RTJ8QP7IN5MFRHDHS76LX3C6KS3PAL7O1YNTT4M9QEN2Q047HU5A1EPN7HEKIP 8W8R TWB60SLRUSN9KYM046XF9K10K3X1IL01422884S40KQII594WDMXTUGXRN175N3DK3T VB4S825N3YUF AKYRD7TQ47T6YCHY0VSKI3CGL3MRQRV3JT20I314HSGGRWIVJDY3XNA1Y 9 2O2 GFMWK85RAMX9');

INSERT INTO PEDIDO (ID_PEDIDO, ID_CLIENTE, FECHA_PEDIDO, PRODUCTOS) VALUES (66, 95, '707-4-2 5:12:43', 'PBAWMF9G6U4SUETK2WH2LQMU083HK5X7EB3HRI8BTHRPNDPU3XMVFVXS202 8GMIWHQJSX3G0OP0DLL8FPI34KTTSQ9B49GJPUS6HON9WCCWVPL6KBE07DRAWMGFLE3G9LFV0OUT4278U2XTBU5MIP0T9JS7Y0VSM1JMD71IN1VGPVU9AGS AQL4 7KJ4DKGEGBJ 27NXK27EH8NX1EOKG1QAVYX5X842RSH6GDN6HWCHRSHLCUR MW4F9X0KAE');

INSERT INTO PEDIDO (ID_PEDIDO, ID_CLIENTE, FECHA_PEDIDO, PRODUCTOS) VALUES (63, 4, '791-11-29 5:59:48', 'D2LUBYG1AN50SOPOXE89 RDLLFQKJFH7Y695JWNL4MGG46BN6EKH6V34U1S4MXWGIY3H9A4JS56E2KSSE805KB8XQTVBNBLL67W1150W3WYX L18B403IWKW5ET0FBV35I7VHPS281AMM6M JWRAVRQQ17MOSJEJCG7LGK2RMIIYJ9IR0EI7R90S778QEEIUE5 X8FDS1ARRP0XCDA87STS7S58BOSX0Q1EBH87AL1OVSPUOCM6 2FLMRXM118 ');

INSERT INTO PEDIDO (ID_PEDIDO, ID_CLIENTE, FECHA_PEDIDO, PRODUCTOS) VALUES (37, 95, '1899-8-13 14:55:41', 'W5RANJ3AYLY4PTHPFWPE4I85QF2V63 R3UQ7HES63T5XOKIVPFQ52RJPE5Y5XMAQD O3LSLD9DC5LL78082BF3TGK4U Q65NGKXGCOO27TM7T81G7B1TGLWKC2T0QY9Q8SPOKGUR0AVGF 8OB2 GXDKOASX VOQVNX80JXC95EWB7UYPD5G8V5 PO4C8YWYQQKXXL15IIL1139TLYFJI2LQCK FEV0YO41MJ7S49IM01RU9O6RD AQUY LJ6ETP');

INSERT INTO PEDIDO (ID_PEDIDO, ID_CLIENTE, FECHA_PEDIDO, PRODUCTOS) VALUES (44, 13, '561-8-25 4:6:51', '6 5IK2BQJR N5EGNQEC5SHIEHHI7JYT7V5C95YXCVI14GRBS6L0738QPS09 5YW30S2K8B1EFM9YSXL6SJR7QWGS7AP773LONTXOEHFK66T6NB1W2MR5U404ML4SW5I1OK6FFI43MW91V5XNYNTYQ PU9WFQRPNQGMFRQDGPRJIKC7JWETQSVMAQT5J4000 39J6PVYP55K76WU0ASFFXXK4QIPI5HNLOGQLM7EWK4Y7T5 N2H5E WUWOMDSD70');

INSERT INTO PEDIDO (ID_PEDIDO, ID_CLIENTE, FECHA_PEDIDO, PRODUCTOS) VALUES (62, 71, '1481-11-4 11:29:48', 'AE5U0UN5MCYOO1N1TXN 3I NFAN6EHGRUNWXXXSWAO5633AMF2LP7P19QTOH1EDPTBR52LWMWI K5O8IIJNMGMCGJJIVUUVWQLH0TXQMXJC6WJK0TLOA26SHUOHF 4L5EV0PQDOTJNIG40TAO37HHH70G6XLI8NI9HHEVTKSS7H2CU61F3V QOWXNGMU6H8MU3T8K5GG622NKRNV7XP1AF EMB3MPDQJ BTOIT4W8NAD9NQI3U435L0BHC24O9G');

INSERT INTO PEDIDO (ID_PEDIDO, ID_CLIENTE, FECHA_PEDIDO, PRODUCTOS) VALUES (30, 62, '119-4-6 0:53:23', '34DR BSNVBJI8GIGUU BLPAL4SM4NENJFBPL052 9BKA21UPDAN41J2JCAHX  G697K9CPQBFS663D4RVTVXGVFH9JOSLU2RC C9N40H3EU7V0RD0NG2KN6KIADBVWAEMXVPO5LXX63JB2AIIAK1XR7X7D891EL0WBSV1LA1KNICJ2EJ19WL1JM7PHW43D3I ENUE5JQBIFR1D4QTHFGYVPJMO84 AK2OPWHG7PB1CO1GH0Y1B1F3IJ75F9A3Q7');

INSERT INTO PEDIDO (ID_PEDIDO, ID_CLIENTE, FECHA_PEDIDO, PRODUCTOS) VALUES (41, 2, '349-11-12 2:45:25', 'VRVCP A2MAXH0JMILLO5O4VM5TER5UWNDJ7CPV7NJASXIFGT8HA8EARDI5ORSE3GO7X7OQ6E0B7U6EMKH 5XTQWBTO473FHTTJG L37B8X9CBKPWCWYJLVXIL IHXUHUE250UH245G0JVC1P9EKYDIMKCSWKUSPP8OE U X4AUTJ272XUG65LQJDU3JJOEEXH3 SIDRM1ICV5PH6ARBYQB4PSI0P2I1BMJ1SHGII2N2L7TQ3WQ2LPTI1WD4VOET');

INSERT INTO PEDIDO (ID_PEDIDO, ID_CLIENTE, FECHA_PEDIDO, PRODUCTOS) VALUES (21, 82, '972-6-25 7:18:41', 'IK7A1RMR3XYBP42VYYC748HNHBBV7K  5QFIE1RNK2ENQRSN3VW4KI90LB7Q7SOB 71QNNYQ XBCCMO9YGMXVTHF9IW49CYSRQ12KN KSBKNH8GODPQOFGBSNH65438WQS9D6V0CTHFV2NAPMTV3 OLHP2ASUKXMEBB8EWV7QGTPI8GORHQYJF399B39 WJW8E0YFYVBG0H YLCQC9H939B4TXBDFV8NCK72694MANYV5BDMCJ3H7ON1YH21Q4K');

INSERT INTO PEDIDO (ID_PEDIDO, ID_CLIENTE, FECHA_PEDIDO, PRODUCTOS) VALUES (28, 18, '1064-8-13 8:0:29', '460DJ8MMR4J5E3DKOCPCNWQTYI155W9822SUF3LS3CWXC4YN086547KF19MJ5MF7M93Y7CXGFLPF13X FVQ4X0REC8E53G2HC8V 3W7DB9Y0POKLATILM8NBTXYXLECR9NMFMNQNKMEIL PMBD1DOEEYMXEQSVIG56GW X7MC0R5QIBFQGVVX XXJCRNV45WLPEUNT2C5YHF8Q9QHB3NPUD32P6UB4 TE3E1TU7KTYRJDYP9EBKLOQ5PAD8C1K9');

INSERT INTO PEDIDO (ID_PEDIDO, ID_CLIENTE, FECHA_PEDIDO, PRODUCTOS) VALUES (45, 74, '613-6-3 4:33:16', 'UXJAR9QX7ITVPHVL4VDK10WC5QVP5B0FR91X73IY6SPJK4GD 5WO2R02059NUEJPA3L 4 0DUQBL62I8PMJR07CXBA539Y1ANA95BOT1GL8OLY7C9I4AJMT7E386Q7QXRGJQHJFUU132BDWQUEIYNS7LBR46UICFPFRL6KN1UTCOFB7QG7OK24RCNQ5PIUQ N4AQK0DWI0J48E 32L1DWF3IHBIG38TXKCLG494C9I2UY4MWL3NW6YVSQMWIG9H');

INSERT INTO PEDIDO (ID_PEDIDO, ID_CLIENTE, FECHA_PEDIDO, PRODUCTOS) VALUES (59, 65, '1348-1-1 10:30:19', 'GJFDG5LESROYJB73N4EXD3QM7QK0X01FTLV8XC5SDK 0 CITB77XN75W30QR2M1X RGFNRY6O3VUFT8015K9OA57N5GY9OTB0ENR4WAH5YT91LJUM5XVFKFNRPX1QFH2AV8 D8AGS5JX2183KPBSHMTGI12WVT4EURE3V7 N8YRGJTHXL3ISIVSDT1Q6AJFFHMRD255L2RCTYP9ILQ K0N0 E2O7067SAOGCO25RRJM0S448FK6SUH96ENHER7I');

INSERT INTO PEDIDO (ID_PEDIDO, ID_CLIENTE, FECHA_PEDIDO, PRODUCTOS) VALUES (38, 69, '1766-1-16 13:57:15', 'RU39KNP6C1TKFIC0SX60C1KV82F3FAK7 AUAGMPV2SHO6TLH35XM62Q7YCPEJNGDG0QH94IJCPAT759FX8MVSH2PFN400VX8 X0160GMSOD42 EMFUFNUHOJYKKIX81V2A3ASK11HWF2MQDW9CSFBUD8L60HOF0DSSADM1 76C44Q5V6GQBJ7JA82UDB8Y5PFFY796FEOE2H1FX8EMDS44G1MAIDKNPIIDGLFJCPY C8BP51H6L1TET3MFMOIFN');

INSERT INTO PEDIDO (ID_PEDIDO, ID_CLIENTE, FECHA_PEDIDO, PRODUCTOS) VALUES (83, 32, '274-8-25 2:10:45', '6MN2K7FAGQ2CFKKY6MN6GATHG7MI4N79R6G4YFN5VTLP4W08J07AF8BIVU9HVF4XNN45TG D GLM OMH428YAUO0C5M54QJ06GPATTQYS6UQHHX2H2E IYJ5OA6PI5A2JDKRBSP72LQXDW 1N2SMLEHW00DHKAF8J4 R056NIVX1SXKJFDT34ED3EKL93BIE5OHEGVE VBMQLGRSAVDVBB R6FKFN3RTVO07WBOHRJKTQ9  7UUY9WMFNF4QH74');

INSERT INTO PEDIDO (ID_PEDIDO, ID_CLIENTE, FECHA_PEDIDO, PRODUCTOS) VALUES (14, 95, '70-7-28 0:40:0', 'R5X6MUXS6PWUIMV29KDG4KJTLLGW90DGQ1HO78DCRE1YEF10383F1YIDI9QVPYJ7VKGENQRUGERTVWCNNORJCV3AN594M4FS6LL FWEE11PVNICXR6432Q5TRC4ULE6A4FM3 AJ FD7N2JVPOUEEVHG7OYVTC5IIR57XAI X 6076XMT6JHA5GKT36ELSEM2KT SBHDET4NBMAIP206CRAO3HJQG KPW3LVOPPFK3VFV4T57AJ67E5LMXJCNBAN');

INSERT INTO PEDIDO (ID_PEDIDO, ID_CLIENTE, FECHA_PEDIDO, PRODUCTOS) VALUES (85, 6, '1308-2-14 10:17:13', 'NPYELPASNI9WBQHDD7ABW5NGK1U6NNBDYBD 8MQ9C3S5QVII2MFKCDN0D61N2OW51 GFV5MX2AFFE5IHLM825K3B1360Q69E03HYJSGXE AOOGS R5JVUUX8RHXAH8XQ35AMYM83  A98OFXIGVC458R0JCS6KTJOU1FESF3Q9R6U7OYVSEOHM61JIN01FX1DEIB7C6OFK5NJ8OLFL2VYR6T976L8CAF6RAXPGGGC4SX404BV92LLEH HLICY5O');

INSERT INTO PEDIDO (ID_PEDIDO, ID_CLIENTE, FECHA_PEDIDO, PRODUCTOS) VALUES (35, 99, '986-11-3 7:29:7', 'PY8W71A8AYLSVHR49NNCVCFCUQMUQGQRVR74PEE75PDLE022B07CUR13P6JXY3LXF92B01EMH4X83F9AF8ARO4UGM190JECEA5935KHQVFNEI8NRQ5HWJU0M0Y3GLBFJ65LC9NOTEO D8CJVETEAP9P43JF2A4AL7WTNT5TSCUCRGPACIRVQ0QQD7T9 4F6P8YHSVXNPCOCJIDXF8GFMEKUIBFEN9BN9HEP6SHBIS8VFKEFVLVL8RCP9J1RB129');

INSERT INTO PEDIDO (ID_PEDIDO, ID_CLIENTE, FECHA_PEDIDO, PRODUCTOS) VALUES (33, 66, '1442-6-12 11:9:58', '8NYFIHTBPM2JTL1J G69EREJOEUX5 NY1PBU5HL9SHJCS8B5PWO8DJD27B4I1IIGE29SQPLHT3 BTF0HUTI3CM7DVXBJL7BGBWFN3GP67JCYR7 Y84IPW GADKYG6YRJKAMQ45KXSUXUN03XVDMJF5Y0YJV2YW0GASAMQG65Y7X5S6U8P0VJLUTAUKFMY75J YG3UJ1GVW668AQKEBVRSNY2UJKI7DC3SRO YNFMTHA698JV54L2U0528QKKA2P');

INSERT INTO PEDIDO (ID_PEDIDO, ID_CLIENTE, FECHA_PEDIDO, PRODUCTOS) VALUES (84, 88, '1849-11-17 14:33:6', 'H74QJRJ6LNOVMA2ATHYX84S Y5U4Y2IQWH U8EL K338UU023 KCH6FLXAJ2TCTDKQ45XWL U2JJ724UVQUDI IABG G0CSEMHO296RK5IMMDN78I6ABL6FLHIX9Q2MV EKET8XMEVMXISFUO633BDAF28J1VMD76WSCT59IJTXFCB11FSIA4FF19M XTSJ43JT7PQWYMO0DDXC6LU4SG0D190DV6779V KCWYREQ8SGDML9QDOQFQ 3 J 1OVI');

INSERT INTO PEDIDO (ID_PEDIDO, ID_CLIENTE, FECHA_PEDIDO, PRODUCTOS) VALUES (51, 15, '584-6-21 4:25:39', '36IPVWT5FAAV6F4QG 51THSI8LFH8FIHL2K06VHPLVBF3QXWRXADFEA95BY807RQHDRTRXT3E43M3VXR0W SN1GVJLBC9FEECGGU0HPDL4W87JKUTDH9G215LCLFRXK3VIKFFV4H RN023I6YTS2XH1MLNRRAUX3L4KS7PQVCHDE43F9YMVUCXBIE76R7Q7JUMFV6XOPEQ8KINAY94LDLKPCLN4TYN4H 7L32D8CXB 5R  UFDUEIEPI6EQSQ7B');

INSERT INTO PEDIDO (ID_PEDIDO, ID_CLIENTE, FECHA_PEDIDO, PRODUCTOS) VALUES (23, 98, '1608-6-2 12:18:18', 'X4M4X0NEVLNVYS L7S7YB CE870HKQ85KCS706FMT9K50NOJPVSLC6EWC47KNEIE LKX8J03AAF8HVJJNQTISLOOB1 XKRPJ651BDXQNB3FQDK7B3D3LW57XAJSAJX7M7LKK SRV9ITYDV8BNOCSB8X1SD9CKAH8PQL9KECGVK7M8BGJS9FDBE0GKAIER1S8 3TK49PO702GAIIU3SCM9UVCL122L74DQ8YWFAPV6V801FULPJ8CGJE8SBFC6CP');

INSERT INTO PEDIDO (ID_PEDIDO, ID_CLIENTE, FECHA_PEDIDO, PRODUCTOS) VALUES (97, 5, '914-3-9 6:49:56', '1 NUUJM P61J8ON Q9F0N34QHQMX8JXV69GR5R5 9AI5E8C8V6T6M5QXM0U3S064GBC9SKM7YJRPH00EID9XPAGD40L1KCJ4IRSHWQSWDJUWTWQ2AT77XQX3AO4YDLFPPU78C64O2718P1Q48WUKH2HFY1O T693IWEW6PL0Y8DD4IW9GLL59KEFX6VWGS31QX6S6DDMD1GQ67AF40UGVWG7FA9A49AOGUY9HJM9N4J0APO0XYWPMETQBUT0XL ');

INSERT INTO PEDIDO (ID_PEDIDO, ID_CLIENTE, FECHA_PEDIDO, PRODUCTOS) VALUES (67, 28, '465-11-29 3:29:46', '17H4A56FIAIVM8SOYYYA2RHRX4VKGTJU2FYJL8GR3YW836 5YKBYOK9GDNA7EM5MT6EH9QQJOUFCGE5AY27CVLV69RIWK7LKYOCBFV060U1CJ1132DFSPU17SE9TJVAEQWAFHQUWNG7DXHLTGY8HVWCKRNB9K0NBBE97LSD5TUMQW72BFOT05R1X2KTD04IIVAIMLSI9FJI0RI21EBWUAVKPHKW6JC0IN9EUGFQQ20FYWHGPR8JWC25O0HPHCV0');

INSERT INTO PEDIDO (ID_PEDIDO, ID_CLIENTE, FECHA_PEDIDO, PRODUCTOS) VALUES (61, 6, '687-2-5 5:5:27', 'LT06OQQ8NG0RPMQPIT8ABG5O2MGO2S1TEDMQBKDVV8IYEQ1SL8QFWKDFEKAE0VK6UUL9QDUK6U4IC0G5B6RCDL UIFHAS2AA6MQ9WLN01OED6NNC5SHBBGA432FCOO06WN5A840NFIWDYGT08QPOIITOOD PCJWLXGORU92FMAS KIC24UTNI B4 C59DOW1PW7H7EAA4A0JBI3LDUY709KOOPMCWOQDGP9DKIGF84Q926KH3RI3Y0P62WD4UIX');

INSERT INTO PEDIDO (ID_PEDIDO, ID_CLIENTE, FECHA_PEDIDO, PRODUCTOS) VALUES (19, 21, '1238-10-13 9:38:11', 'HM6AYJGXQ2EBERX5S0NG12H9 NP62J6 I9A0KSTF6CJIBF3XDC3AUL9CPL7 5Y6V4K2I AEBYGS41239IV4I 75CIFW725PCUH977THHOU32OHA5BU15UG8UEADJTOF5A7L1NK62TVMJ4LY511XP0XS96R3U4I8MD15K4UIRE19G3B49QK8GJ6TGEH4IYKCFRWBAPOV564U5J1N5XQXIF2I8 E7ARWM6D52YOTYDTUX4BE0VDYLP8JB5TCWHLH4');

INSERT INTO PEDIDO (ID_PEDIDO, ID_CLIENTE, FECHA_PEDIDO, PRODUCTOS) VALUES (12, 97, '879-9-22 6:37:7', 'RUAGPXI 8K23S2M8MRK2S8 K7 F 4EW5UFY5 8XGLDXDCQYAW5H3I32CMUW77J6QUW2KN13JXK VKV3O18W33N54MJMID5WB8FF WGNLQSPRTI6AS83OCIR329ERGSLJ1IFG3PB3IY78TOI32CTQ76NDKOWD5 J3ULN D F1M2E39CKG3OFOJHIRRBOYMKTG886O6QK4B JJL3BNJWT59MIB6I4YF4K0U0TV6YBVA4XWTPYLTWXAOGCVVRFTMNE');

INSERT INTO PEDIDO (ID_PEDIDO, ID_CLIENTE, FECHA_PEDIDO, PRODUCTOS) VALUES (25, 94, '1418-8-1 10:59:44', 'KG5QK1TRX4B AHMV53QGXC4AW690WL4C050S5SS UXU17TTCH51MN6NPD98NU UH69PQ8B 4JBEHTT9KU1PFQIKNAHNTSX3YIC5EK6GD6IEPNONC88I270NP8FAON SF7SJ8NB29OKUD3184B77E51 410XNM7C8LQXC75LEVTV55MUJ0HKQ5TQ7P GIXOMUGP QBB4W5TRKK8LMNV9R8YFVC1PFAYSJC HTUDAL2NHNRK CGL39ILGGY0A44 B');

INSERT INTO PEDIDO (ID_PEDIDO, ID_CLIENTE, FECHA_PEDIDO, PRODUCTOS) VALUES (47, 10, '1005-5-7 7:34:23', 'YPVTB8UCDY32AC5B3UXPP7W 03S59TDM3TCK0BD5G4TM8AGGHMMEEQFV 2K2GCF7FAJ4XRWJS4CK9TW5GG IWU4OL967XY15 UGIFOK9L3EYDVXC5QMUPE G5O6V65BW1TQRR3CNDGWA VOE88R2I9EW YLUOJEKMA1BYJJN97GBDWS1HF Q75KLCYR78H1PWPW 04QP2U8AWEH4N0 9RQHI JL9UG8LSJS48DMW6X8D4RO9DHAJ7D7 R5XT7XL');

INSERT INTO PEDIDO (ID_PEDIDO, ID_CLIENTE, FECHA_PEDIDO, PRODUCTOS) VALUES (2, 61, '495-5-2 3:36:39', '284O1BP25XCDKFKI5PW SK9AU6TFV431H331C27W1N54WANUL8TFJXTEJLIR35DUKSYVXMJ 5YYXR01PI4CDALWQFO0KJ4P6V9WIKPRHXY9F9D892H3HGLACQRMI5WYI8VG0J61 1QY5V3  2RMVIXP49LPKD2Y7L 6D1NJY8HNHYSPHUH869 MYKYP6014VOPT17JF 60JOIOCJCAYMONKYF039QESJAMJLKTLOF9YKE8RUBVNIL8KBURX0VO ');

INSERT INTO PEDIDO (ID_PEDIDO, ID_CLIENTE, FECHA_PEDIDO, PRODUCTOS) VALUES (80, 37, '1256-4-3 9:50:26', '5IRB26VUR9379MK OILXQM3ERDIC T8J1Y4UCK1GGJ52U5BKBSCASUTQEM4FSQJXP1 JSC2IFEUEK1T2F1W2HRUOKA6OL65627NAIEGT0WDBGY YKJVMU1MSM6 XLKAN9LAVVV0G2U74UNO6L4I28GKTQN4587YAOIJK45D94VDTJUWCYQBYDF7QPMCPWPI69AQL4CECRG1UGJSR8URYL2EWSHJ4YHRNU8MJ60HQ1HWHHDYXTUVKUP8W0YQD338');

INSERT INTO PEDIDO (ID_PEDIDO, ID_CLIENTE, FECHA_PEDIDO, PRODUCTOS) VALUES (64, 52, '1273-5-19 10:2:16', 'PU5T51FBY08Y7AIXOCBCFMNI17IPKKQXRMPHFDL3HJ6SGCTVBMC4UM94ODP303RQ8Q3JYPVUETJH4WXL1HX2V51AOY09SAVLCBKWFSCF1RHTO3Y1U68H AP40IORDNRSXW5QEN7K HNC791FD34YCB5TJQ4KCXGL9B 3EGWYJL5G473F1KF9S6IF4MX6T4NJE40JAYYVWL05KMMIV9QLM97RF1H3UU67XSGB2VB35QU6VYC9GTJNOJLAFL0TGHO');

INSERT INTO PEDIDO (ID_PEDIDO, ID_CLIENTE, FECHA_PEDIDO, PRODUCTOS) VALUES (81, 1, '1081-6-7 8:12:25', 'V9PDMQJK1O9WKSJHFKD2Q 4TASHGXPDQJ45IFKVDJK01MGE6P5I3FDNCE681BIQ QFOTBM2GYBY14C116REO519AWR9BQWM MNUQ143EQJLF7E9SDE1LL06EWWL9SN1XMT3BRQJRN8RGVWGKUOSYHUKSURJJ4T5CWAIN3J3S7TWY JG7EO99H53Y8MQPWN9N63XVIVPS1FXL2J1NQ8RMD8D1UQKFLSAYYQ 6COF1Y1MY8PRTGDOS9NPLENABYXY');

INSERT INTO PEDIDO (ID_PEDIDO, ID_CLIENTE, FECHA_PEDIDO, PRODUCTOS) VALUES (10, 55, '13-11-19 0:11:20', 'SA1D25GV98HRE 9985V7KBAAUY55B492V R83S PS4TL75I4QXKVNRHCSLXPF2NV6VB UX96QAINGVDUWGDHSGDEHD25WRB26LL2GWQ6HCQ86NPIBGROYY0WL45Y EK0BCEEHW98D MMXGWHKYCBLYL8NBJKRRHX TAYO0NFLT54GVXS3SUAB1ATGC6 L8DGLXJP2DNBCXEL 2XR7RPGJH7WVXXRVXYE7LGURRQJQ5EXG129KRRQ55QA7GOB6KI');

INSERT INTO PEDIDO (ID_PEDIDO, ID_CLIENTE, FECHA_PEDIDO, PRODUCTOS) VALUES (75, 18, '927-1-29 6:57:56', 'MCNLY3PFKPBF01KR0LQFI7QONC9P1D21I30JV4V9U2GFS9VYNN9UUWCK1IEOIMUK48EA62F1YKVW5 4P4WOLBOTUP2M1N8YU9 TEEMORMS2A522FNUFQU9P3G6L6ME SWP0AG6O2A16RSU9N6UC6E5L8WCM8477LVTB90Q0R6I9D4C1KASA9EL7KCKM5FI4YXT7WUN WC44DL0O5LTQCM14RT87SCB595L 1A3QYA4UMUK165VJM7JWAO9RI7CB');

INSERT INTO PEDIDO (ID_PEDIDO, ID_CLIENTE, FECHA_PEDIDO, PRODUCTOS) VALUES (58, 79, '1951-11-3 15:9:5', 'U DQ6XM7LT8H0ENUXJM2BR35EVVSLR3OFPT5AJ32C5XN21W0ODJ5M1 SJN3FU489MA4GA34T1CT3AQ38W8XMD55LOE79QYOOTEV110O27 180DOXR 4GGGF6CJLQFGG 3GA3N9E9H3GL5IJYYL8KASMD1UFS92YX1 WVMCS8OP339U2DJ1ELP56TR9VBTFNW3L WDOS3TQSP78LUP8Q9INE E2AK N44BR9Y1697FV8IF OBF2UEOXJ3YG7DRCS');

INSERT INTO PEDIDO (ID_PEDIDO, ID_CLIENTE, FECHA_PEDIDO, PRODUCTOS) VALUES (9, 7, '311-5-9 2:26:16', 'CVN7KI5UQC7VEBDA2QFHRJ67 RB N97731E60MAUQ9F51SBVD52JTYAXXLL5UIBVADDG8HWVJFWL9F4JM4HAL9FVGJR3K MXKQQPNO42G NKE8A1HK3420A2MUS0Q82JXWSTSEJYI6 KYDKF5WVTVIDJICVER1R5LFEP9UKMOPT1CRC269YEMFHQ5GNC2A3NH2836FHN701P72D89GU9YSO7WRYNE8U1YKTU5R6KJV4QA9C6KCSRFWL AKNTG 6');

INSERT INTO PEDIDO (ID_PEDIDO, ID_CLIENTE, FECHA_PEDIDO, PRODUCTOS) VALUES (69, 84, '186-12-21 1:27:52', 'XUKDNVA2 V5JTC25BPVUN0AOBUDQMXS7C HRY2SBEUCVAWN3XY7U5OME2WMJ2WRU8VYW86NGN58I5UE1ME72IO5U AXND3Y LVQDS95LHGEXAN69NHWVU7NN2UY0  OB QB 4JAHGM58ELM6UTWNOQ5KB99XDEXII1P97BFPX8T5TAVBAO1Q1U2TA 8JYOPL5AL7TYMDHYVQYUU1OF0G DYVFA44BX66N6PC0RIL21CBUWXGWS0P48 K7P79H74');

INSERT INTO PEDIDO (ID_PEDIDO, ID_CLIENTE, FECHA_PEDIDO, PRODUCTOS) VALUES (22, 82, '1835-8-15 14:25:25', 'F1R5L92507KABR07LJ FLOAYH3C 7FEFLL7DEMX6PMP8G445F7U5EQDFEI43IOAWUX9720V2VN 04RAX0MV V66IC9L31TW FKS64Y2F8PUV85Q53HTYXNSPTL8TOTQ0MJRRE6736955TGKBJMVKIWKJM EDTQ976MYKMH6XFBTHNSPHHDAG SOUDLTKCALB3IIMSEMTIMB7WWY9WP2AS21LJACWE2PP89RGREABRQYMIWNA9EN 119JBAVPROJ');

INSERT INTO PEDIDO (ID_PEDIDO, ID_CLIENTE, FECHA_PEDIDO, PRODUCTOS) VALUES (4, 93, '144-3-25 1:4:37', 'TP2WB43Q8GQNCXDI 4OYIT7VXJ420G7XSAP99 46SKNHKR57 GYTK7S70M0 OVRL4KKHF3PIP9U97X6MHSCSG8RM2SQJT1HHSNQ3ISST1JFWEYM41OOMLS5LOF9V8GC2YX2CR6MSXBCAF9M2Y 1TEGU3Q1KGQ6SX0I0J11VFYWV5Y7YBN1PRCKATCIKK6WOP4V1 YHP8AY94U416CKEOCCESN198DGBSKRWY8AFKK7R1ULU G1 N0QQ316WU8OG');

INSERT INTO PEDIDO (ID_PEDIDO, ID_CLIENTE, FECHA_PEDIDO, PRODUCTOS) VALUES (76, 23, '1634-6-7 12:30:17', 'AWAQ6PMWA 2TFKNQPJ5FJ8P0INB6U6MR53QJLYKIY C1YTEANOB XHMG3A70230COY6EK86G98THLRAT 1B 1I7L1PG1XTG7973KBMCISJ26B5Q4XJWQ1P9BEPDXBP1ATIR08B5DT80BQX3VX1YMTD0NXWSEY5JSW 7RG9OODJJGQXWPOY1MJAR6JR9NX6 IUGOBU1CV508UI9XCIDT3CLI M83EFETLI13X906VSA79ULMXVUT5IX0H7PVUWTV');

INSERT INTO PEDIDO (ID_PEDIDO, ID_CLIENTE, FECHA_PEDIDO, PRODUCTOS) VALUES (36, 40, '1781-12-28 14:1:44', 'NP4OW4O8W4A7CNYN2IT8U2ITUHHUYLNQUS NSQF0BDD150VNHP36E7CSDIL91TCPA7QVEL4BYF1 GJESL3OGTLOXR10MFBUFXN2NV0QC82XQES7H72GGISTNHVIFPP8V S6J0POKJWBJAG7YX5921OMS7630DCX072AWI67RBL736JAH9LDETFTGH97PWG47IFE8KBIPPPX9N173YVFHE86UPKWJ A9EG54N95KV31CEBXDV1UI59IWF3H4J8G1');

INSERT INTO PEDIDO (ID_PEDIDO, ID_CLIENTE, FECHA_PEDIDO, PRODUCTOS) VALUES (70, 18, '92-12-6 0:45:38', 'KCK7M4I5FMXL13FNKGM1BNJ5J1WXL1X708MOJV9A9NEL0CMYSVUI1 RTRTE3X90IFVC63YFI5STRD5E6QACN3XLRRL0JREMR7ELEEVAT4V5VR1G3D49KDXC45J43V31WPS6N7KLKV4AARHTWXU1DGCPOBN903021E JUUFQY0DKOCCXHCRIXUX90GPS J1G6FGUVO2MBBHLVCEJITJ NX7B8LVK6IIILTB2LQP1QJLCBYOAC7G1FMBEPGTQICBB');

INSERT INTO PEDIDO (ID_PEDIDO, ID_CLIENTE, FECHA_PEDIDO, PRODUCTOS) VALUES (73, 18, '1373-7-25 10:43:19', '4VOQ16IWQGI4BLP2NY8F29ML4DE532HJA5RWYN4X4NY112YM4CI4JLU6WHFIV 2B 2M  JIE VTA494EEJB3M76MSOG44BGOJVRYTS23ME00V3BSW1HY7K FGNDBCQ T2S2W8B6U49CJILEO3YLYQ6ETPK5Y69F3H9A5GGSU8VALPJ2WI9WB08YMNH35S  CLLJ N YFYMOJXFWFOGN9JLAOGVD1HGDGU EQMQ61FX3BVVR9OL5XKG34EDMF 7R');

INSERT INTO PEDIDO (ID_PEDIDO, ID_CLIENTE, FECHA_PEDIDO, PRODUCTOS) VALUES (65, 40, '901-1-7 6:43:6', 'OJ9RTM72PNFN1HF0A44EKAXO5WPJ5YEAXG73O272FYRW43JCW25B9WSRA09WMY2AX1KXQCETID79C2ME0NJBCS45MF55U 6W0P5HB4CGBVTDH570N08 X1UR8L88UP3AIED4KD8YOWQUXNEC4VOC82GK17MHXA534X VCGFTO0EDS0TIB87J4P63R0APEKLBFP9RK2RH6H0QEB5P7P7SMBESEI2UGBJ1TND1V2VANHX73LX8KHUQ9MM9HOD5GLE');

INSERT INTO PEDIDO (ID_PEDIDO, ID_CLIENTE, FECHA_PEDIDO, PRODUCTOS) VALUES (39, 73, '671-8-18 4:53:58', 'D8RIBVFVOREYTIU1OX08YS4Q UWPGPDGBE2OYI4AK0KWT CCL5IWKYL286LUFK6YP6N5M  6E4Y W88JP81AAIEJ28WGB0I5QW4MBYV1NXE0PBKWP4G8K8XA49UDBEWWLLMBPI ENB2YMITF3J9K9PX9QHT53I4S WYMYP6R4BTN  5 PN5UBO6H3L5NRE9NACON9AXKJM4SN2Y4VLG0LJEYVP KJ145LX8FAAQ IP5P0P828BJWXVKUFDGJO2S');

INSERT INTO PEDIDO (ID_PEDIDO, ID_CLIENTE, FECHA_PEDIDO, PRODUCTOS) VALUES (89, 86, '1044-4-1 7:52:2', 'IDFLAHXR1A3GI6 7 A6W1WIUM3CFQ4JNQIBXTLN2Y9 XMR0R43CE2YHTHXG1RR62UBQC2LYO4VQ7SUDYFTQONDOPSVWL0OYMK18H96ORPCGHQ6PS77QA5YMNH2 S54MA5YNUH66I6Y0C9VDEP6A5LSF1X786 KAYSG7EF56R6GXEHWB51C I74 PWD1660DKK0LPRI8RP42MMIIGQHI M399WSNJPYVJGNRX2Y5KKNQJI2GAY2FUV Y9GL8XNFC');

INSERT INTO PEDIDO (ID_PEDIDO, ID_CLIENTE, FECHA_PEDIDO, PRODUCTOS) VALUES (60, 56, '781-4-7 5:47:19', 'QGKT4I4JFBWVU4Y8HN  MUSM84067MFH7DMGSX4YQG81MVYIF2EI77DNEKEXDWR647YUOREECD6PBDERG F3A9877IH8T9067PPCVWHIJPQWK4WN4E1LW3CL52E0I9H7JCOO8BT8PVEX3KSEVVWV89S8NU0TJPSLOHTEMRU6III 7VNNFN857QMLDSV058UO4 41CB976NOUA536FNKK8RR7R9X6IBY9PL34WJROBTOGMU3RDIKGT518EN1WFWO');

INSERT INTO PEDIDO (ID_PEDIDO, ID_CLIENTE, FECHA_PEDIDO, PRODUCTOS) VALUES (57, 11, '1-1-1 0:0:0', 'MJ7IJKBLE3R12VGG4Q4RI8RDM6CLJPHYMBFS4EB9RL47QEE2LFKGV0PW2YQ82S782D395P4V3RLVIG17B91CAS6BV379SVN0SK76 SBYCQXYVK9Q1S3W67G YY8TJR6SALHX4AUSRQUI JU7032WEBK3FGNH1FLJPHY013MT8M9LWT0Q8LUQP7UG1LG 6S QKXGHS6L6BDSJEY XENU56DPFWH1NF5OYBOYGF47N 0JWOPM929XAOTHNYAG05S0');

INSERT INTO PEDIDO (ID_PEDIDO, ID_CLIENTE, FECHA_PEDIDO, PRODUCTOS) VALUES (71, 82, '1535-10-1 11:53:5', 'JJH75E IJ6LM7G92MMY9MHV7W7NKV89IJ G46HCY5X6WO294RO66H77OGOHK6206R9W57CC Q0MG V6MHFP9DOKLVF14S3YVKJ701736J7NE2O4J  7 F36SGNTHA815OK4D9K7HDW1SFENAI0SM0XQSCA0DKXOR QKS5FRNFUKSWQ4YHGK J4EQS6V9F3H21LU7C3BKPEFRTGW3LPRNTRVAQQPOXFVVBVKV45 LAV9LSI1BOGSP1L7AD 92S5Q');

INSERT INTO PEDIDO (ID_PEDIDO, ID_CLIENTE, FECHA_PEDIDO, PRODUCTOS) VALUES (26, 3, '1095-3-25 8:22:56', 'AD0NXE6M96DFX7XM9K3AUFLSCRI0WIRKE7PE1IEH6QKU3TWY1VQWBR7KLH79K097VY6VVIXYIRMTQTN8EUBQ4760KIXSY7XERLY2JE3WHOAEYE7YC443CF15RMNY GL7TVARHYOB4BO3WW66G6BHM7E29Q7692UF52D68 FMI2JX1180PEAM5YGHQL7MHVO2AAF3AFX3RAQYXHKQFAR7JXT4MKVFKFLI4LO8IUOVB9F93M3KL74ROSR7K6F2XUY');

INSERT INTO PEDIDO (ID_PEDIDO, ID_CLIENTE, FECHA_PEDIDO, PRODUCTOS) VALUES (53, 28, '231-10-2 1:46:39', 'O8J A5E0WP0FPA1JCH9D5NHE12 SAAW7TJWGFMAUI1LI5J9LSQG4AJ7NBYMWQTN932J1SU8QCS7XO9WGIQLE7V3SNVCDE5AYSSPJ5PDL8IXI0QW28Y2JWJ5J61JO7K84BQ5OPRR8T4IVDPPR03J71G06O6Q8UKD0IC3N3WG1IYP3TQ0 BPPTC3OU655LHKP91RRHVECA8TMI102VERVAR5G4IGCSIFR2F2LQF OKQO7TAVWWE8T0R58DI71VR76');

INSERT INTO PEDIDO (ID_PEDIDO, ID_CLIENTE, FECHA_PEDIDO, PRODUCTOS) VALUES (43, 50, '43-10-5 0:27:28', 'RNKSGMBLLGSO3O61JPX6T1WUVOFDM77E2VYUK X08TC09FWF 1NI5TFMQ0YEYN8TAF1NM5E36YYCPC42JXKP6ECALIH7K5PM6YR4QOHNTWPMCTNKLTATVA5A 4Y13GJLQ2AO3GMHKB 7XSF91MP3YDQFQ4JEHNSCV2DJSRVRO91W2RG 22I3SDC2 RCSSRK46JM2HPY1GO1CGPBPA7FTURJL Q8P75W619X06TA42UDEEC JC3OOVHB1RUOLBUA');

INSERT INTO PEDIDO (ID_PEDIDO, ID_CLIENTE, FECHA_PEDIDO, PRODUCTOS) VALUES (82, 72, '389-3-4 3:2:49', 'SE21HCPKX9DNF714DF7A62S0MHYVT2AT8I1GFITKS7D75X3G34D95S8HDTSWT61297QQ7DX8M8QP2OPP63FAYH R9I2Y7DYYWK7TJN 9YD4LO2B2XT67F10GB1QGEF6E1BGPTBYC3EX2B9IAROG68N6NXKKDQ4UJIOP5PWESDF1HAWMY43IEV4N28MW3EQFD0NPKOK447E9Y87B9J84S6IJ4H7KE3NJ59GGOMKH92BLBI7F16TDF7JBK6XV05CB');

INSERT INTO PEDIDO (ID_PEDIDO, ID_CLIENTE, FECHA_PEDIDO, PRODUCTOS) VALUES (54, 97, '1183-10-23 9:7:52', 'GB73P8X71P5 BMF5PQQJANHA925XWRQHUS8TYUSK EEL1K8 8NS519103HYRT1OH6OGEG3W9181SQRDM7KKSTOI17UGXG33QG64G 7IK2GALDWRO 5NH25TNG7WTSSWKNHE4T4X8FPNPK3 35HEK0SVGF3QCFV RS6TJ8ILNV9ACDSGHM8BJLYVJYS0245U 7N8PP0E1TSL612QX0H7MF8EU0CPA9EOXVGM XJ VH2PE0 1DNMHLPX7WBW0UDS8');

INSERT INTO PEDIDO (ID_PEDIDO, ID_CLIENTE, FECHA_PEDIDO, PRODUCTOS) VALUES (56, 95, '1507-10-19 11:38:15', 'VVJC63A 83549VT010O2KYJ02GKV18V9OI3DEJU JXTPV0FBVATXAKLCFAPRKGRLY93GPKYJN01HK82J5PLK386FL53WF4LIDHXPY5QNMC0HWXLGHE5 OY8F NV0J18U9007SWOFHSJQJ2SP3YXKKSXXHPARCM3SWMLW48ISDVV3XVQYSLMB5TUF DEHWOFKFCWHT5A52JNUTFP0 2VL1LD4DAN6PX8IRUMPAOIPOH53XGD6APHKWNF3FJJJXH4');

INSERT INTO PEDIDO (ID_PEDIDO, ID_CLIENTE, FECHA_PEDIDO, PRODUCTOS) VALUES (18, 49, '1195-4-11 9:19:52', 'RM YSV1GWJ3AXQ23P2C27DQHK 8L05DPHUTPET01OWSFDM78MI9RGFJO1I08F0QC1X8CHSMANVAJTOKBG2XOX1MX2GPUWUSVXTYB3J4X487JW9AMUQAG6BSIV0XPWQOSMUIRITGHN90F77JT92PIBMANIE4KQG4YTK3RLD4404VEI3IC2HJ4LN1OMR77PT3T45EI27UP4EHPY53IXXHU9U4 X7YA3HPCTCUQ6A7FP83ERT 875I1VQM594W3XIX');

INSERT INTO PEDIDO (ID_PEDIDO, ID_CLIENTE, FECHA_PEDIDO, PRODUCTOS) VALUES (87, 58, '1026-10-6 7:43:0', 'EMMKLCP MSYFR3TD4YDLQO6 B0XU9YC892QMQ5FQT66VTG5FCVKTULU7I9T3WQSWIEK916TF7DIFMW IL2UVFD5DAQ6LGTU6LRIVI3RL77SPNR8BOMQTNDNDOFQJ6NMB19A3BK2SYTQ 9Y H3NA6QA1GT8K1JE52M0RJIRF K0PB08GK7FC WHG5A335SSM9VHH6KYC T9PPQ9JL7FGPAI7BHXJ WKJY37UF76XK4MIDHRVNUL79QEJ5ET7XW17');

INSERT INTO PEDIDO (ID_PEDIDO, ID_CLIENTE, FECHA_PEDIDO, PRODUCTOS) VALUES (42, 53, '1655-4-16 12:42:24', 'H2L50KRXO9RGE8B36B0G7FV5F7Y9HL2BOXBH0WB5IL5NKCE8K3UP BUYPT0WCJMVPVVN7KYJPGLTP85SOAM8PNHFR4NL6SX4I6DTI8BJWPSDTO5V7AGKXY904FNSST6FSV746GS7WK68EGILJMIF 3DM0 6E0W3Y21S7CGLV4Q53HG21K80U38VMLH0CK YS90VCNGJ65Y92BCTJ27M9J55FC1191M5BRPRS18A1PL1SY36E2QP4QEFNVPYV 2G');

INSERT INTO PEDIDO (ID_PEDIDO, ID_CLIENTE, FECHA_PEDIDO, PRODUCTOS) VALUES (0, 82, '826-12-27 6:20:10', 'A 0X9IS1OYS5CT6UU5 B NX0AW3P6V1FSDC1SNSW8OP4XXLTGEYOYA1DTM6J1CNWLS20D563F9N3WGEH7XUIP8JPDY9O4U7PXY22KLL487PW8UAE0NT35I4TUAU25SX5WMCP0HP2DGYIMOI2K7A601MC19ILHF2CEQ6EC5OXP1EBYB42UU6F C8D16I08BPYEQP99NW4MRICY0JIDUEVALS7XEYD17H32D9 LUMF J2IMGERVL8NSL0MCGN5LJ ');

INSERT INTO PEDIDO (ID_PEDIDO, ID_CLIENTE, FECHA_PEDIDO, PRODUCTOS) VALUES (32, 24, '1926-11-3 15:0:13', '9X87HCM75NIHI56KQ4Q8B0 D26IT8LURV W68M6P80OYJ SRN7OAWFM6ENWHL52T9KCDE25DVO7NOIMR4LC0BPJK9H1KQM6NN1F8B6K7DQPNBVGRCU7H3XWFT444D34CB13GNK UYJR6KKRA8L8URCW I690NK3YRAD06XGYRYUNGHI1LC 5A55 46AJDD37SK4OR5KHMTFIEG92NXKN9NR2KWIYIB15KC KY9U3GB82VR98I27PE4MNBVM5FCK');

INSERT INTO PEDIDO (ID_PEDIDO, ID_CLIENTE, FECHA_PEDIDO, PRODUCTOS) VALUES (17, 24, '1326-9-20 10:22:18', 'UQG7 H32YQF1GUQNBEX4J9MGTYMML5QA00LCJB7KA34JXQ64DDW6QROFUB043 Y6OY09V19QWHE74HN1NXRWLTPS3SOSC8C0XKB3EQTKNUW3SM579PPR N7AUGA5C66YJD065LT4EVWQVPQBV5JY980L3BGR9JAXF0LFNOUF2QFLGJ58B272 2J005AU7J9OGI3UUOI4KTFHNH4FH N K54DVKGXPFWQ3IUOFIY8LT4KJ0IFL9CWL7CH5R4KXPJ');

INSERT INTO PEDIDO (ID_PEDIDO, ID_CLIENTE, FECHA_PEDIDO, PRODUCTOS) VALUES (27, 86, '1716-5-6 13:21:40', 'G0SFC1PRP8HOFRYUY0FWVVBSKO15HXK5H111E0W4GR1 OB PG7G905D9KP8Y98CVQ9TE99WMC AMWSD YG8 VV0VUWPRYJ0V86DGRREU1QJA6OHPMW8MH632KQOOEWALX0187T8AEX 3F1YTWMKVTKR1C G95UX1KGHBYNISEAE6GO6R4GHY5T2359VMQ6D2QGQ2YYXGIHQ1U1T217WE IOQVVL65Q31QB2D060RBB3YX7BU9DC9PN5TGDMJ632');

INSERT INTO PEDIDO (ID_PEDIDO, ID_CLIENTE, FECHA_PEDIDO, PRODUCTOS) VALUES (20, 65, '1391-9-9 10:48:57', '2PVB74YHIKKSEG3UVR417S87UVT56VUVCY1 MG8O KWR5MK3VVDOTDGTMVLQVF41IEILTL0WDGHBN3A0FB M3096S80NJ6V3O7W1 MWTP4Y8KJ00ERAMJ4ULRBKYEHIMAV610HWBN9JYC4QNEV KML26G EBABCJH52O3XA0AAD0Y65QELDAM9SF2SR50WYW EVS9KIS1ELT3K6AI1DI5T7XCR7VQKSR52TWAGO930O8404KWK9VDOWMU7GK6KO');

INSERT INTO PEDIDO (ID_PEDIDO, ID_CLIENTE, FECHA_PEDIDO, PRODUCTOS) VALUES (93, 27, '1726-10-10 13:32:50', 'M0WDGCMRQDS6FXKYFJLY1RNVM6U809W88GJ65NFLK5OCVPF7YOIPNI9YR20KXVKOQY3EBC4SF6YSIT36U5ULK2NEI600YA6CLOCBXG  OO42KOC3ON7VJV4XGDJU8FC1CUG5UTN0A87H4TKOB7PK XF 8P0NY8B8MJDUUB2KF MGUXXLKVFMGY9 EC0JB7Y7H0K8A5TUDXSLKR1XHV6B NPIJ8XK N11GL5S1JDD6L2GHFP4CV0R227A2RSVB4V');

INSERT INTO PEDIDO (ID_PEDIDO, ID_CLIENTE, FECHA_PEDIDO, PRODUCTOS) VALUES (68, 58, '653-3-1 4:48:47', 'Q YF65F8BM HP6SQJB99O1M GOEKS5EA52CTDVKL8W06DYXRR82AV6WRUJU9 WO9D6R6PWYM3R  45CSTRWE6Q4MDL09R8GV9WCHQ889E9WDIG14WKGKRIFJBAYA903 CJFMK6UHO794P9UHKDB4Y45GA3RRJGYS9YAIMRY21KB JDB4MMWLPOKMJFB9H657QWPJ0TF2DL071UGL4LTP40CWPNPQGQDU0T0GEGABU3DSACB1FJTECNG2JLSXTIP');

INSERT INTO PEDIDO (ID_PEDIDO, ID_CLIENTE, FECHA_PEDIDO, PRODUCTOS) VALUES (91, 93, '439-5-1 3:16:36', '3N3MSH N9RRNNF48WR6DAISLQBKAHUVHG63M1XJ5I MX H4M14W6YJVI59EO1NW5172N WIDUDLMTA5T8SJWD7VK51CPCF17YH024U4NE19BDMTKLD1B0LUWX5BMOVG3BMHIKC8SBAAPPJ1V4MMYRPDY7ECQAC87PCUOYXF23TAX08XDJXHS3RQBBV78K7XHAJOBFA 3A6PJT5C03DFP9M51CS1 TPB83GHA7U6NLTA9U3UX30NLVDAYFF2BURS');

INSERT INTO PEDIDO (ID_PEDIDO, ID_CLIENTE, FECHA_PEDIDO, PRODUCTOS) VALUES (34, 9, '540-2-28 3:54:40', 'OS21 BMYL7O0EYEI6YBI1H4QGHOKO0TNR6HXM CHIFQMY5AXCGUGTBAJQCQF1BFU2E82HXT NY5HIFEEYJSBU535YQ641N5SRD86A5ACEKHQKGITIIVNUG4S8OY0IMHTFXC T9QX3TNE O18GNT7EVNBAV197SC26BN5DVF81R9QGTNQWWU3 OU5688 OY6GBY3W 8AGPXMQCU8AS2XL3OD0B99WKW76XL5Y0I8DE7ISQSBWESR5YT5M89EGIQT');

INSERT INTO PEDIDO (ID_PEDIDO, ID_CLIENTE, FECHA_PEDIDO, PRODUCTOS) VALUES (94, 34, '942-8-31 7:7:46', 'F2IHXLHOH5E3JVD0XR 1X V6YG 9BSTO3QBR8UMRTPWSA2154EW8S2TPIY0021THQUGFUMKKYLTLGMMIQJ4JD89CK3SLG3AO3VFUQ9PMJMWMDPFDU7QM4Y6X7DC4D9KMO58GDA4Q0R6LACTKIDHWATP0WFJPU8AVU23TYLDG27BJXILYCHC95PYGBCAE5TDJJKO9K493BJ19OH3EKE CMWRC2L5BQM5R4LCLQNE2S0PCRPM8LL9SR7VUF7PF9KI');

INSERT INTO PEDIDO (ID_PEDIDO, ID_CLIENTE, FECHA_PEDIDO, PRODUCTOS) VALUES (48, 37, '1151-1-19 8:46:33', '7RDIX7GRBBC8TRB82SIO7JLY7S390XNQL971MJ6WWEUNV93LSVJXJ2WEY1ADAYG9O4AC34G8C0RF458HN3OHL6QCFKOWQUG5BEOD22VYJR0YEO8IQF46F2PH9OW7SFTU0Y80CKEHOJPNIXA6W3NF1VTOTMBACGNH9YSI08HEMXBQ05IFICELKJ74PXQ3QQJDOE738LYA1C2H0V6EJE3P4KG8XQMOMM0 L2CR5BWRPSCH0CS0NG7DTOYKQFI1LQ9');

INSERT INTO PEDIDO (ID_PEDIDO, ID_CLIENTE, FECHA_PEDIDO, PRODUCTOS) VALUES (79, 88, '1518-7-5 11:47:40', 'PUG806VVVSOJI6GS5SFX60TWK5XNRT9UGJS97903VKWYTCXSGQJR P87ASJYOWT55N6 WPNUSN2KAW6 SMWHOU023O8VR7OSV KE1RGBMJOK3OADDC1YMSX1OB9T86FXP6C7PGSD5821BKQ7 A4UHAJU1C4LUMXOJ3BD3OTA6CKLP1C39KPNY0SEUJSENWQ6MUX26OAS1LL59FQ50GJ KT1GFKQ4JLMWSXQXXWYMXJJJLRVD FTKBHJ923YW2MQ');

INSERT INTO PEDIDO (ID_PEDIDO, ID_CLIENTE, FECHA_PEDIDO, PRODUCTOS) VALUES (72, 40, '1749-6-5 13:45:38', '27OER6A9FLUEJ2PFS0GOV9N5YSHUEH37DUUDH3Q7P00T03DB JC UCUSD07EDBCSE7AWKCJHLSD 8ASJAYHD3I9P27C0QSRICMIHTO1I5BY5 UFJTDEI8U1IBXYRW1I71U DUM12B411 BBGIU61HPRSBP5YPUOKVS1B VS9GCVW2ESKS8E975TJN8XTMFHGQS4JI 6HOGX Q8F0FG0OWNJJKD0GJH8P8NEQG9M45RPTIA7H6WGG4K9AKAKFAE6');

INSERT INTO PEDIDO (ID_PEDIDO, ID_CLIENTE, FECHA_PEDIDO, PRODUCTOS) VALUES (13, 56, '1878-7-5 14:46:14', 'EE9EQFNXABR0LP6UR6BQIB YNQM N08XK X070FTWTO856NMYK TNM3BUCYLALFXQ5T7VPIC59A8 2YG7ED5U0Q5YSOFR9CHTT518DKGUGVO5570L0DU2Q0 0MYVTLKEH6EVQN01464P 08LEBSH36UT OUR RB46WD R8YT8YKIFB7XSKG2NRKV2PWI8DD6APIKHNAF41M9YLIUAOACCK575Q47OCQOO4S89H7XDCVLXO6NS LGP87OOIEWQC6');

INSERT INTO PEDIDO (ID_PEDIDO, ID_CLIENTE, FECHA_PEDIDO, PRODUCTOS) VALUES (49, 10, '1291-4-2 10:7:6', 'Q7XP3UBXXJOJWDCQTGQ15DC5AION3QI1D20SGKXIASN7M3D321NYVXG3H34O5 KSO1N 067F6P74K1FHLG1XSOYFKMKPCWNYHNKU UUEY3P1HYOE6R6JGFI5GM81TX83RDTTO3VP2MTVP5QU7BRR5AR8DM8G8YL4PQDXUUM3MICQRL8MA5QE1HUPVSFO0TU6PCSSWRHU9F2HUN84YJ47R7OJNG2PPWM4F5W7QAW7T6VJ2B017XRGKFGXXA3WBAL');

INSERT INTO PEDIDO (ID_PEDIDO, ID_CLIENTE, FECHA_PEDIDO, PRODUCTOS) VALUES (29, 26, '325-9-2 2:36:27', 'EN45H L9JAOOS7HWT9TCFF9GIQ8GBAESFDMODPOAPT6XM Y6UBXXLIAT4P5EN NG92J1I9GWXWHQH0CX9QYJAKTCMG57BK7ROQSCJBSSU74FFN7 IG17RJG7BABFJ76FY 4X211OB58ICJDDOPV8TIP60E97K3EXH6469XHR51MWM3G7XXP9XVSLNNQKARAKI1J39LGX41U9GDAJ67GCFV E4KBKPHRN7FWRGFMK0LBLIFIW C5JXKTGPDRX009');

INSERT INTO PEDIDO (ID_PEDIDO, ID_CLIENTE, FECHA_PEDIDO, PRODUCTOS) VALUES (98, 14, '1555-12-24 12:0:25', 'CAGB4E7G5TKED05 8UN2QGGBR2LQQNL4QLTSKWLHMT5V FCBTI 0MK16XBYEBR3EWOGFFJ2CS01KTE5WLJLJ4L XECU987F199XB417UP 7UK6HQ9WNFVAW8KJVG6Q13XP0TLFDF9UPLNGD4JDKBQA5WENCM7BT8CD9RJM513J41WJ98TIBVHS7MF5RNL622714BD0O9L2H15QX6LOATIBMQ2D2HI89LF5DE16HKDVI54S2B43SA4XAA MONK6U');

INSERT INTO PEDIDO (ID_PEDIDO, ID_CLIENTE, FECHA_PEDIDO, PRODUCTOS) VALUES (77, 10, '1171-9-24 8:55:53', '71DJTKA UTB5Y0AT35XPQ9Q005OIJ0EPB8EHWBRAD8DBEQ54FCC4YF LBSRFKER80WEV95JWNDVHET7SI8U7WD492SOWLXPNDPRJ3I3PGRV63OG6MJXNG76EY9 YGRG69YKLPFMH5K97HWG9UBWUUIOQ 82VFA8KTD 67HEHE44U87PI26MNLCWW6VFB8A1MG2L5S2R08C7B1OR2GNW 3FWWFMC0CEKD014IS 8UGPCNXJCU9963QLUFVDU3G4M');

INSERT INTO PEDIDO (ID_PEDIDO, ID_CLIENTE, FECHA_PEDIDO, PRODUCTOS) VALUES (78, 65, '259-5-17 1:58:14', 'GA LOQAO45WH95 5QGYW5CDQHO983VC0LN3OPH4C4ISMOF66L0FF49SLNQ9MRPE6GQ6HT5PBLE5W0BWC2DRAWK425KCP2A3N9GU07YGP2F2VXEWQBVD0EUIABAONNG1CAL15 5Q KIXFDPIB SI4QVUWYQP0H2LAUHORYMPG5SXFGGP3FHXXTP2PM79P 8F74VJJNYIDY7SRG3VOBF293KV3JD3J2KQI3EADXJV4XHY1JD4J8WRU76Y4XORYAQB');

INSERT INTO PEDIDO (ID_PEDIDO, ID_CLIENTE, FECHA_PEDIDO, PRODUCTOS) VALUES (99, 49, '1670-9-18 12:49:14', '88R0HWKVW DI991GKUHN7ET01FF2IC5L5NAEHB4QMWRQL05GD IL7U LM7XQ6RNVIJS10C14Y7IQ3C1JJW5DD1IARNPU644DRYEI973LDGM9CJDHG94GECUXYA O5VKPBSNHJ28 N4R RYF2F37 PVSO7A1DOAYT5IXQN7PUAXC0WG40STGHFQ0Y715MG6JXNQ6ENLK740OLBUV2RTRG2RN L8XP5RH16S2GDMYN4Y98XI3 OMK25FMPV6VT IF');

INSERT INTO PEDIDO (ID_PEDIDO, ID_CLIENTE, FECHA_PEDIDO, PRODUCTOS) VALUES (88, 84, '764-7-21 5:36:19', 'ANE1IVG7AG7Y82Y9 RJYEVG JTPGPU8IJWDTTSWDS8BG9GD6I6VQRGLLTH3U4FUHWCRQ0 L5M3E6CLEERV1X6FVY0QK7D957N21YCCFX9XGROMT29AHAD15AYMT7356B1D8PWW7UEF4R3097AM VBUR IUAAQQTJF0K5UTE0V4P R2 XLGMFQUQP1DFB9CFM6Q1FU686SD1U3L67FK49FOKEB266H4HXEQ ILGBF75ES33QOCJVK1K1J423I8SN');

INSERT INTO PEDIDO (ID_PEDIDO, ID_CLIENTE, FECHA_PEDIDO, PRODUCTOS) VALUES (15, 56, '31-11-2 0:16:39', 'C2O721NDUASAIYGNN7T1BRWXHB5E0OT4 DVM1PCNQCW02SEM I849NWI236AJ X2G0S3FGMDWY1YK3HLK3LG8R3Y8YFT021J57DEOB1K42Y054UINCLCA37LPTJ46RT6Y6PTUOOQHTA6FTN5P36IPVQ5IAY454G2QSOBH73CI4NC2Q3UC7JA TE5OGJ6AAW8CNUA3LXO6SL8BH7CQR2LLJ4IXNGMJ AEH9IJ1K1E9AA37TAA NT94DY IWSFX5C');

INSERT INTO PEDIDO (ID_PEDIDO, ID_CLIENTE, FECHA_PEDIDO, PRODUCTOS) VALUES (96, 92, '1581-10-22 12:7:39', ' 3MBJDRTYXP14NT6TOA5DLAWJRKOIY6Y98KGPUKOF04BJGG51L6DIE5YL75 5DVEPFESPIYP4P8JJ6AU75MF9D84T7F9OBSJ5QECDA45W8B0RIGSORG49B360S5I2GLQOU58FQMHQEQI1J1UIJ18AYO8QB CLDTLWC6CRYJF331EP 0848WAHX6U4M85R 19UQHKUPTQ3XU5TV9MGV0 TPH5K0BVBJ534F7VFTK3 71OBJQSEP4WDGTVYOB L2U');

INSERT INTO DETALLE_PEDIDO (ID_DETALLE_PEDIDO, ID_PEDIDO, ID_CLIENTE, ID_PRODUCTO) VALUES (29, 50, 79, 68);

INSERT INTO DETALLE_PEDIDO (ID_DETALLE_PEDIDO, ID_PEDIDO, ID_CLIENTE, ID_PRODUCTO) VALUES (45, 62, 84, 63);

INSERT INTO DETALLE_PEDIDO (ID_DETALLE_PEDIDO, ID_PEDIDO, ID_CLIENTE, ID_PRODUCTO) VALUES (83, 3, 6, 92);

INSERT INTO DETALLE_PEDIDO (ID_DETALLE_PEDIDO, ID_PEDIDO, ID_CLIENTE, ID_PRODUCTO) VALUES (48, 77, 87, 31);

INSERT INTO DETALLE_PEDIDO (ID_DETALLE_PEDIDO, ID_PEDIDO, ID_CLIENTE, ID_PRODUCTO) VALUES (7, 4, 6, 45);

INSERT INTO DETALLE_PEDIDO (ID_DETALLE_PEDIDO, ID_PEDIDO, ID_CLIENTE, ID_PRODUCTO) VALUES (27, 74, 1, 85);

INSERT INTO DETALLE_PEDIDO (ID_DETALLE_PEDIDO, ID_PEDIDO, ID_CLIENTE, ID_PRODUCTO) VALUES (40, 28, 75, 66);

INSERT INTO DETALLE_PEDIDO (ID_DETALLE_PEDIDO, ID_PEDIDO, ID_CLIENTE, ID_PRODUCTO) VALUES (20, 86, 45, 71);

INSERT INTO DETALLE_PEDIDO (ID_DETALLE_PEDIDO, ID_PEDIDO, ID_CLIENTE, ID_PRODUCTO) VALUES (18, 13, 25, 53);

INSERT INTO DETALLE_PEDIDO (ID_DETALLE_PEDIDO, ID_PEDIDO, ID_CLIENTE, ID_PRODUCTO) VALUES (81, 19, 55, 54);

INSERT INTO DETALLE_PEDIDO (ID_DETALLE_PEDIDO, ID_PEDIDO, ID_CLIENTE, ID_PRODUCTO) VALUES (71, 60, 75, 61);

INSERT INTO DETALLE_PEDIDO (ID_DETALLE_PEDIDO, ID_PEDIDO, ID_CLIENTE, ID_PRODUCTO) VALUES (49, 94, 16, 46);

INSERT INTO DETALLE_PEDIDO (ID_DETALLE_PEDIDO, ID_PEDIDO, ID_CLIENTE, ID_PRODUCTO) VALUES (2, 71, 86, 55);

INSERT INTO DETALLE_PEDIDO (ID_DETALLE_PEDIDO, ID_PEDIDO, ID_CLIENTE, ID_PRODUCTO) VALUES (3, 74, 85, 47);

INSERT INTO DETALLE_PEDIDO (ID_DETALLE_PEDIDO, ID_PEDIDO, ID_CLIENTE, ID_PRODUCTO) VALUES (12, 43, 56, 3);

INSERT INTO DETALLE_PEDIDO (ID_DETALLE_PEDIDO, ID_PEDIDO, ID_CLIENTE, ID_PRODUCTO) VALUES (10, 6, 45, 52);

INSERT INTO DETALLE_PEDIDO (ID_DETALLE_PEDIDO, ID_PEDIDO, ID_CLIENTE, ID_PRODUCTO) VALUES (23, 64, 70, 7);

INSERT INTO DETALLE_PEDIDO (ID_DETALLE_PEDIDO, ID_PEDIDO, ID_CLIENTE, ID_PRODUCTO) VALUES (41, 10, 12, 17);

INSERT INTO DETALLE_PEDIDO (ID_DETALLE_PEDIDO, ID_PEDIDO, ID_CLIENTE, ID_PRODUCTO) VALUES (87, 88, 32, 10);

INSERT INTO DETALLE_PEDIDO (ID_DETALLE_PEDIDO, ID_PEDIDO, ID_CLIENTE, ID_PRODUCTO) VALUES (82, 40, 3, 3);

INSERT INTO DETALLE_PEDIDO (ID_DETALLE_PEDIDO, ID_PEDIDO, ID_CLIENTE, ID_PRODUCTO) VALUES (99, 58, 31, 0);

INSERT INTO DETALLE_PEDIDO (ID_DETALLE_PEDIDO, ID_PEDIDO, ID_CLIENTE, ID_PRODUCTO) VALUES (35, 25, 84, 56);

INSERT INTO DETALLE_PEDIDO (ID_DETALLE_PEDIDO, ID_PEDIDO, ID_CLIENTE, ID_PRODUCTO) VALUES (63, 0, 90, 34);

INSERT INTO DETALLE_PEDIDO (ID_DETALLE_PEDIDO, ID_PEDIDO, ID_CLIENTE, ID_PRODUCTO) VALUES (26, 9, 64, 64);

INSERT INTO DETALLE_PEDIDO (ID_DETALLE_PEDIDO, ID_PEDIDO, ID_CLIENTE, ID_PRODUCTO) VALUES (64, 59, 8, 38);

INSERT INTO DETALLE_PEDIDO (ID_DETALLE_PEDIDO, ID_PEDIDO, ID_CLIENTE, ID_PRODUCTO) VALUES (11, 58, 63, 16);

INSERT INTO DETALLE_PEDIDO (ID_DETALLE_PEDIDO, ID_PEDIDO, ID_CLIENTE, ID_PRODUCTO) VALUES (38, 43, 32, 69);

INSERT INTO DETALLE_PEDIDO (ID_DETALLE_PEDIDO, ID_PEDIDO, ID_CLIENTE, ID_PRODUCTO) VALUES (90, 1, 32, 20);

INSERT INTO DETALLE_PEDIDO (ID_DETALLE_PEDIDO, ID_PEDIDO, ID_CLIENTE, ID_PRODUCTO) VALUES (50, 87, 68, 19);

INSERT INTO DETALLE_PEDIDO (ID_DETALLE_PEDIDO, ID_PEDIDO, ID_CLIENTE, ID_PRODUCTO) VALUES (91, 8, 78, 78);

INSERT INTO DETALLE_PEDIDO (ID_DETALLE_PEDIDO, ID_PEDIDO, ID_CLIENTE, ID_PRODUCTO) VALUES (54, 75, 53, 62);

INSERT INTO DETALLE_PEDIDO (ID_DETALLE_PEDIDO, ID_PEDIDO, ID_CLIENTE, ID_PRODUCTO) VALUES (36, 14, 70, 64);

INSERT INTO DETALLE_PEDIDO (ID_DETALLE_PEDIDO, ID_PEDIDO, ID_CLIENTE, ID_PRODUCTO) VALUES (4, 81, 75, 24);

INSERT INTO DETALLE_PEDIDO (ID_DETALLE_PEDIDO, ID_PEDIDO, ID_CLIENTE, ID_PRODUCTO) VALUES (80, 17, 31, 59);

INSERT INTO DETALLE_PEDIDO (ID_DETALLE_PEDIDO, ID_PEDIDO, ID_CLIENTE, ID_PRODUCTO) VALUES (69, 83, 89, 41);

INSERT INTO DETALLE_PEDIDO (ID_DETALLE_PEDIDO, ID_PEDIDO, ID_CLIENTE, ID_PRODUCTO) VALUES (59, 95, 8, 28);

INSERT INTO DETALLE_PEDIDO (ID_DETALLE_PEDIDO, ID_PEDIDO, ID_CLIENTE, ID_PRODUCTO) VALUES (44, 45, 22, 1);

INSERT INTO DETALLE_PEDIDO (ID_DETALLE_PEDIDO, ID_PEDIDO, ID_CLIENTE, ID_PRODUCTO) VALUES (19, 33, 0, 26);

INSERT INTO DETALLE_PEDIDO (ID_DETALLE_PEDIDO, ID_PEDIDO, ID_CLIENTE, ID_PRODUCTO) VALUES (55, 76, 29, 13);

INSERT INTO DETALLE_PEDIDO (ID_DETALLE_PEDIDO, ID_PEDIDO, ID_CLIENTE, ID_PRODUCTO) VALUES (77, 34, 0, 74);

INSERT INTO DETALLE_PEDIDO (ID_DETALLE_PEDIDO, ID_PEDIDO, ID_CLIENTE, ID_PRODUCTO) VALUES (51, 40, 59, 13);

INSERT INTO DETALLE_PEDIDO (ID_DETALLE_PEDIDO, ID_PEDIDO, ID_CLIENTE, ID_PRODUCTO) VALUES (84, 6, 51, 49);

INSERT INTO DETALLE_PEDIDO (ID_DETALLE_PEDIDO, ID_PEDIDO, ID_CLIENTE, ID_PRODUCTO) VALUES (8, 53, 47, 97);

INSERT INTO DETALLE_PEDIDO (ID_DETALLE_PEDIDO, ID_PEDIDO, ID_CLIENTE, ID_PRODUCTO) VALUES (47, 10, 57, 66);

INSERT INTO DETALLE_PEDIDO (ID_DETALLE_PEDIDO, ID_PEDIDO, ID_CLIENTE, ID_PRODUCTO) VALUES (0, 40, 67, 80);

INSERT INTO DETALLE_PEDIDO (ID_DETALLE_PEDIDO, ID_PEDIDO, ID_CLIENTE, ID_PRODUCTO) VALUES (31, 56, 52, 70);

INSERT INTO DETALLE_PEDIDO (ID_DETALLE_PEDIDO, ID_PEDIDO, ID_CLIENTE, ID_PRODUCTO) VALUES (72, 70, 85, 26);

INSERT INTO DETALLE_PEDIDO (ID_DETALLE_PEDIDO, ID_PEDIDO, ID_CLIENTE, ID_PRODUCTO) VALUES (98, 74, 44, 82);

INSERT INTO DETALLE_PEDIDO (ID_DETALLE_PEDIDO, ID_PEDIDO, ID_CLIENTE, ID_PRODUCTO) VALUES (1, 21, 90, 9);

INSERT INTO DETALLE_PEDIDO (ID_DETALLE_PEDIDO, ID_PEDIDO, ID_CLIENTE, ID_PRODUCTO) VALUES (85, 72, 15, 68);

INSERT INTO DETALLE_PEDIDO (ID_DETALLE_PEDIDO, ID_PEDIDO, ID_CLIENTE, ID_PRODUCTO) VALUES (65, 35, 28, 53);

INSERT INTO DETALLE_PEDIDO (ID_DETALLE_PEDIDO, ID_PEDIDO, ID_CLIENTE, ID_PRODUCTO) VALUES (67, 28, 89, 85);

INSERT INTO DETALLE_PEDIDO (ID_DETALLE_PEDIDO, ID_PEDIDO, ID_CLIENTE, ID_PRODUCTO) VALUES (60, 94, 31, 58);

INSERT INTO DETALLE_PEDIDO (ID_DETALLE_PEDIDO, ID_PEDIDO, ID_CLIENTE, ID_PRODUCTO) VALUES (14, 35, 11, 62);

INSERT INTO DETALLE_PEDIDO (ID_DETALLE_PEDIDO, ID_PEDIDO, ID_CLIENTE, ID_PRODUCTO) VALUES (13, 91, 62, 93);

INSERT INTO DETALLE_PEDIDO (ID_DETALLE_PEDIDO, ID_PEDIDO, ID_CLIENTE, ID_PRODUCTO) VALUES (21, 64, 17, 38);

INSERT INTO DETALLE_PEDIDO (ID_DETALLE_PEDIDO, ID_PEDIDO, ID_CLIENTE, ID_PRODUCTO) VALUES (73, 20, 65, 11);

INSERT INTO DETALLE_PEDIDO (ID_DETALLE_PEDIDO, ID_PEDIDO, ID_CLIENTE, ID_PRODUCTO) VALUES (53, 26, 30, 29);

INSERT INTO DETALLE_PEDIDO (ID_DETALLE_PEDIDO, ID_PEDIDO, ID_CLIENTE, ID_PRODUCTO) VALUES (89, 48, 96, 30);

INSERT INTO DETALLE_PEDIDO (ID_DETALLE_PEDIDO, ID_PEDIDO, ID_CLIENTE, ID_PRODUCTO) VALUES (30, 84, 13, 75);

INSERT INTO DETALLE_PEDIDO (ID_DETALLE_PEDIDO, ID_PEDIDO, ID_CLIENTE, ID_PRODUCTO) VALUES (92, 67, 40, 43);

INSERT INTO DETALLE_PEDIDO (ID_DETALLE_PEDIDO, ID_PEDIDO, ID_CLIENTE, ID_PRODUCTO) VALUES (42, 73, 24, 86);

INSERT INTO DETALLE_PEDIDO (ID_DETALLE_PEDIDO, ID_PEDIDO, ID_CLIENTE, ID_PRODUCTO) VALUES (95, 42, 30, 42);

INSERT INTO DETALLE_PEDIDO (ID_DETALLE_PEDIDO, ID_PEDIDO, ID_CLIENTE, ID_PRODUCTO) VALUES (6, 7, 86, 65);

INSERT INTO DETALLE_PEDIDO (ID_DETALLE_PEDIDO, ID_PEDIDO, ID_CLIENTE, ID_PRODUCTO) VALUES (61, 93, 81, 30);

INSERT INTO DETALLE_PEDIDO (ID_DETALLE_PEDIDO, ID_PEDIDO, ID_CLIENTE, ID_PRODUCTO) VALUES (66, 16, 25, 80);

INSERT INTO DETALLE_PEDIDO (ID_DETALLE_PEDIDO, ID_PEDIDO, ID_CLIENTE, ID_PRODUCTO) VALUES (22, 5, 54, 43);

INSERT INTO DETALLE_PEDIDO (ID_DETALLE_PEDIDO, ID_PEDIDO, ID_CLIENTE, ID_PRODUCTO) VALUES (24, 34, 32, 32);

INSERT INTO DETALLE_PEDIDO (ID_DETALLE_PEDIDO, ID_PEDIDO, ID_CLIENTE, ID_PRODUCTO) VALUES (57, 31, 23, 66);

INSERT INTO DETALLE_PEDIDO (ID_DETALLE_PEDIDO, ID_PEDIDO, ID_CLIENTE, ID_PRODUCTO) VALUES (78, 23, 17, 86);

INSERT INTO DETALLE_PEDIDO (ID_DETALLE_PEDIDO, ID_PEDIDO, ID_CLIENTE, ID_PRODUCTO) VALUES (62, 10, 28, 84);

INSERT INTO DETALLE_PEDIDO (ID_DETALLE_PEDIDO, ID_PEDIDO, ID_CLIENTE, ID_PRODUCTO) VALUES (96, 81, 81, 53);

INSERT INTO DETALLE_PEDIDO (ID_DETALLE_PEDIDO, ID_PEDIDO, ID_CLIENTE, ID_PRODUCTO) VALUES (16, 55, 53, 95);

INSERT INTO DETALLE_PEDIDO (ID_DETALLE_PEDIDO, ID_PEDIDO, ID_CLIENTE, ID_PRODUCTO) VALUES (74, 43, 42, 77);

INSERT INTO DETALLE_PEDIDO (ID_DETALLE_PEDIDO, ID_PEDIDO, ID_CLIENTE, ID_PRODUCTO) VALUES (86, 77, 48, 37);

INSERT INTO DETALLE_PEDIDO (ID_DETALLE_PEDIDO, ID_PEDIDO, ID_CLIENTE, ID_PRODUCTO) VALUES (15, 78, 68, 99);

INSERT INTO DETALLE_PEDIDO (ID_DETALLE_PEDIDO, ID_PEDIDO, ID_CLIENTE, ID_PRODUCTO) VALUES (37, 31, 73, 61);

INSERT INTO DETALLE_PEDIDO (ID_DETALLE_PEDIDO, ID_PEDIDO, ID_CLIENTE, ID_PRODUCTO) VALUES (58, 14, 39, 91);

INSERT INTO DETALLE_PEDIDO (ID_DETALLE_PEDIDO, ID_PEDIDO, ID_CLIENTE, ID_PRODUCTO) VALUES (70, 2, 91, 32);

INSERT INTO DETALLE_PEDIDO (ID_DETALLE_PEDIDO, ID_PEDIDO, ID_CLIENTE, ID_PRODUCTO) VALUES (39, 66, 1, 21);

INSERT INTO DETALLE_PEDIDO (ID_DETALLE_PEDIDO, ID_PEDIDO, ID_CLIENTE, ID_PRODUCTO) VALUES (25, 53, 58, 11);

INSERT INTO DETALLE_PEDIDO (ID_DETALLE_PEDIDO, ID_PEDIDO, ID_CLIENTE, ID_PRODUCTO) VALUES (94, 89, 63, 31);

INSERT INTO DETALLE_PEDIDO (ID_DETALLE_PEDIDO, ID_PEDIDO, ID_CLIENTE, ID_PRODUCTO) VALUES (5, 66, 21, 1);

INSERT INTO DETALLE_PEDIDO (ID_DETALLE_PEDIDO, ID_PEDIDO, ID_CLIENTE, ID_PRODUCTO) VALUES (33, 84, 37, 91);

INSERT INTO DETALLE_PEDIDO (ID_DETALLE_PEDIDO, ID_PEDIDO, ID_CLIENTE, ID_PRODUCTO) VALUES (32, 47, 88, 17);

INSERT INTO DETALLE_PEDIDO (ID_DETALLE_PEDIDO, ID_PEDIDO, ID_CLIENTE, ID_PRODUCTO) VALUES (88, 0, 72, 65);

INSERT INTO DETALLE_PEDIDO (ID_DETALLE_PEDIDO, ID_PEDIDO, ID_CLIENTE, ID_PRODUCTO) VALUES (17, 4, 45, 78);

INSERT INTO DETALLE_PEDIDO (ID_DETALLE_PEDIDO, ID_PEDIDO, ID_CLIENTE, ID_PRODUCTO) VALUES (34, 10, 36, 9);

INSERT INTO DETALLE_PEDIDO (ID_DETALLE_PEDIDO, ID_PEDIDO, ID_CLIENTE, ID_PRODUCTO) VALUES (76, 89, 48, 88);

INSERT INTO DETALLE_PEDIDO (ID_DETALLE_PEDIDO, ID_PEDIDO, ID_CLIENTE, ID_PRODUCTO) VALUES (79, 36, 24, 30);

INSERT INTO DETALLE_PEDIDO (ID_DETALLE_PEDIDO, ID_PEDIDO, ID_CLIENTE, ID_PRODUCTO) VALUES (75, 6, 42, 20);

INSERT INTO DETALLE_PEDIDO (ID_DETALLE_PEDIDO, ID_PEDIDO, ID_CLIENTE, ID_PRODUCTO) VALUES (28, 76, 48, 20);

INSERT INTO DETALLE_PEDIDO (ID_DETALLE_PEDIDO, ID_PEDIDO, ID_CLIENTE, ID_PRODUCTO) VALUES (43, 89, 39, 29);

INSERT INTO DETALLE_PEDIDO (ID_DETALLE_PEDIDO, ID_PEDIDO, ID_CLIENTE, ID_PRODUCTO) VALUES (52, 20, 99, 21);

INSERT INTO DETALLE_PEDIDO (ID_DETALLE_PEDIDO, ID_PEDIDO, ID_CLIENTE, ID_PRODUCTO) VALUES (56, 48, 36, 72);

INSERT INTO DETALLE_PEDIDO (ID_DETALLE_PEDIDO, ID_PEDIDO, ID_CLIENTE, ID_PRODUCTO) VALUES (97, 27, 60, 50);

INSERT INTO DETALLE_PEDIDO (ID_DETALLE_PEDIDO, ID_PEDIDO, ID_CLIENTE, ID_PRODUCTO) VALUES (9, 18, 27, 90);

INSERT INTO DETALLE_PEDIDO (ID_DETALLE_PEDIDO, ID_PEDIDO, ID_CLIENTE, ID_PRODUCTO) VALUES (93, 54, 23, 56);

INSERT INTO DETALLE_PEDIDO (ID_DETALLE_PEDIDO, ID_PEDIDO, ID_CLIENTE, ID_PRODUCTO) VALUES (68, 29, 55, 84);

INSERT INTO DETALLE_PEDIDO (ID_DETALLE_PEDIDO, ID_PEDIDO, ID_CLIENTE, ID_PRODUCTO) VALUES (46, 46, 57, 4);

INSERT INTO CATEGORIA (ID_CATEGORIA, ID_PEDIDO, NOMBRE, DESCRIPCION) VALUES (40, 50, ' ILWHDI91CQG85FS65QWLYWGOS8J3U3JF5P8XOJ7KSNWD9XJOVFKWRWU6DBEPHNPLG656L59BRXNCJNWU99BDV86T0WJQV79W30695T7LIOS B0QNYCVOQJUNKOVWX5GNPSMS2OS7F2T7LYIHM6V1S53IW2EHIKQQ57VMKQRPTKX6AGSD1RQT 8WA1XAWYG5D81PY249OHEBC1SP8A5J102R6XJ21LSOSME1U4G0C1CFLOVQ XHEYLYI5559HRR', '94OG12RIFLP7R9NMFI876ADNF53KNSRYHIF749EFOAV8 QNNJUUUNE822UYJS IM53C7PDTOQ02GBF4W7SQAFJ2MWGDLQDQJM5BV65Q1KPCW8VYNF18  BQ31B94UQB33 AUD7MV26FLRXG0DPGS09G066H0H4YPG3V4UQXB8AJ9HUJIOEVLAN43N2PHK AKEUOB8O JQBEFSAQ IJ2UCMQJTKIFWSHW0XXE22T9LLXUCQLJQ13K1NB5BMKRJ0C');

INSERT INTO CATEGORIA (ID_CATEGORIA, ID_PEDIDO, NOMBRE, DESCRIPCION) VALUES (39, 11, 'HIK16 VGMKNK4JRBUARQ1UKGPIQQE00KG4LR9LR7ANC098LLI2 4727Q1BB538E7TW268XC12EGKI7JHPQE4M3CK5F71SGCLLM4TU5P8EQ0NTIE3NUYUXK2ES7HFQPCT1QYJARWCH5GFKN 31VVHYED66KWEO17EGA0UW0B1381QOWGWQIMB8LMFOGF5QQ15OQNUSS8NKH71GPDYU6C2FR BMFP2334644T2FCDVKP0N7EDP9SR213OSC1SI9RP', 'FV85WL20YHLR9DDNYTFKSDKC2C5CWNT1EC6U8VFABMNAWUANNX52XL2I5AUWOB9 0R61M2NQU8YAI3XLGFML 5VIK0O069CHT7WM8BOAHH VQK3C110FE29LIHBEY0LQW65VDRQ1RNNBGBGCIBX G4J36IHQ32 R M0MIJP SKIF17BRHLB16G94UX2R2 SRBUARG OF I4H1CCPIWV1 MQW2S3985WNX3GQYERFTK07U5C5HV00D7INAE3XDBI');

INSERT INTO CATEGORIA (ID_CATEGORIA, ID_PEDIDO, NOMBRE, DESCRIPCION) VALUES (41, 81, 'S0XTWSKTG7S82M5M11REYXXNRINQXEM08YKIN 0BFVOFQT3MR6LMQ883P11L5PDLG7FT7IEEQTYJWF26T7XSOQ8NYJK 1QTDS1EWS8AS3YMHKFI008MYTRLQVU06OGSTG2BKKO9R X773DL5439WH5GREMNK0LWVL8OSMXNR0OFS5 UDRGRM8W71ND  6KCB41WBR8A1V0K0HLQ7RP63OGKMQ4A7RXX2PMOFF08SSF9OIE4EHHFDLM2NPR1Y93S', 'NN4AXILML60V4S5P0 758BFR00L2Y0R1TQ1TTVYSLESP7GVU3USCL0QL31LWE0WPI42JYVIG6I60U5AWIEOQCE1CXQMX29LI3RDJ1MIWV1T 89638BCX6MMGK0EV4VF30QJQM9JNG7NH5P F6U8XFL 492I1YFRHLH566 YK3LYNQ3OVMN6C0RUNYHWAPN98KBP75B1N3P07Y8HEOGF6IWNWVII33RJ36F41TV5NN44TWBOS3T0WK6TJ3SS1NG ');

INSERT INTO CATEGORIA (ID_CATEGORIA, ID_PEDIDO, NOMBRE, DESCRIPCION) VALUES (33, 22, 'WAVP E7CIBXU4S57SH27BXBSUEGDUE0 HGHL5W N7KV994HQC168MTOWPAX696O2P7YHR3O SGYBCGHJWH2HY05R1UKFJQY24PCH7N2490LYFW6P978 2CPDRWVLRAUXOYPJGE 1Q7S4B1YAB65SPIPCUGG2XN1MNSY4TCBMKLOEKALBLCV7KYHI7 1CMHB9TCBDS0AY14CEJO91BSG IH66UN0N93MLD76VOHIEH0P98NJ 2JQ6BL9UP90 F16', 'FTLV4PDVTWGCMHL20WCQNNYKHXMA3TTL72JV6BH8OLI8L GI9U3E0RDR2KUQX34M BW9JJYQGTE5U2AQ02DU4256KU9WYV 0417W9AY7ITCTIG AP12DVJOF KP2M54C2VC6MOSIDK6G3PCXYEBNI1LONM46Q9CVNLB8A7C00QP19U5EJ3TMNA2OO2LOV1EP613GB505HMYIUFLXPXFNPCDMOCAP38X3VO80DY0JKSFL7K87O47Y1CY WWQLSR1');

INSERT INTO CATEGORIA (ID_CATEGORIA, ID_PEDIDO, NOMBRE, DESCRIPCION) VALUES (69, 29, 'GWP6RAR5S8F2UHQBGQPY VNH7IVEW7N2G3B7GO20JK0X857JD9DAAQXO8OM8YO380Y23WF9GYRAJ87F5H3RD28QXYN40V1TQC41EH3V H51PTP22MQXUTHVMUR F46 HIBBFBGJ8OROGPK8GVBRM7PLJCARV52PDA XKYWNUP69 GEW5W1 KV2TET1MBAAL5DAIVJR6Y 2D08W 1HBVM7H87EAWH  TW4U2LJSA1FPUUOVNJQEK4VC41OD1QCQB', '6QUR A6DRQJU0OGTEV2EYE0W SXA9PQLC5RB7GMA UTY BMKXMMHG8AHADKH0I95YBVFYGJQFQPOBELC01P304K1Y9PJIVORI08M5WSBYWNV2B5ALAR8LD9RAPCIFQT8WFX24IVXF859SX1UMPJQX1RR30D7 TIUSEO9058R1BU1KFMQDNAGD3B0SY57RJMX21XXD46Q9Q0IXTOHEQRQYUT2VLWEG4KUWDJKK5SUK18QLM19RVKM5T3H75HIVJ0');

INSERT INTO CATEGORIA (ID_CATEGORIA, ID_PEDIDO, NOMBRE, DESCRIPCION) VALUES (58, 80, 'CM6LQ7OV8Y8Q13L7WPP10GPPAFXARAVXTPBWT0GLEOB7LVTUFYB1GYK7L EBSJY6C CQSUK67LSOK8SWV AOV2YOFK TOTMXSA4696A4TJ6LQMNJ31VGKRT3UC88GCAO90OMXLL0DTKXN4JDN 7HJAMIRE4KQ0FJV5PWP0 3194SVNNAO99SIOX31UO6G342A097QKWVGA0N6AE5AFHYW0FGFYKSEP 1YG8E3GWT24UA25KRMPTMTMUSBSD5EUR', '8JOF1AOJL6SF2DH 0VPGESK5T0ROISGND L25K 5 DJOH9TSQCR9WD8KIVJ11KWUDTABRXQ1DKTY8RE4W813T01EW1TBM4E3Y07IP0FQD2AGE8NC6T6HUT9P5 264KYE1ONI0GSJ2A2VB QFGR06HQCIS4 93IH1 OPMTHT5QKBD9EEVFO59FR9X7PCW56WK5XH8ULMRT82EKO4M8IJ9587DGIL5L9JJRR582VNW1PJORQ5CCUHC6J4961S5 3U');

INSERT INTO CATEGORIA (ID_CATEGORIA, ID_PEDIDO, NOMBRE, DESCRIPCION) VALUES (81, 57, 'PSPCULN 5 W89XIT7J2TNGXPCCWCI73WUK89SG1PKWR4I83YH9MSIFGRJGXBA8FY2NNIAFQHH5GTFQSO0UTNC87NHNF 7REX A7GHVS842KV4P0RPG18JWB7LVN42CNS3T91O21K1XVPX1NQX6EKFJFP4V4JA 9AXNUOG 1FG95FYMOFLNIVYNYNUR7BTD5B K5IN1DVEISV2EXQ5ERB7Y37VRP73YC0KY1AVJRCUGNOKX6CGMJL4ILBLUA9BD ', ' RXRK4993F5I3 4VGIW3A6P8IPQ6VMYYE4ITATT1M PYWU4XDTSK1V24HF454CSY7 J3QB1MPNQVYBDQ0KTH4KHVU3MYQD9T R6G00CUO 1T4IWP7IC01VT5Y10BGF6EQ5HWE6X QUWHBVW DI2E4HKUX15XE5TAXAAN9UPAPPUFIRDQC77BQJQGYNDQOUF48JTRHY79GBH27VIUNB0TNS3X3NFOGAR9TS0P4A0E5OVUNDUYXYA3FV4U C6D SB');

INSERT INTO CATEGORIA (ID_CATEGORIA, ID_PEDIDO, NOMBRE, DESCRIPCION) VALUES (18, 39, 'V1V4D09RKEDKXA 6L Q2EER3TBLWV0YTRDG9I4MI5576ARF10JOEN 77IOAUX4I1PXOC3U2D7 OJBPIYV4LTHT9N35X5LUGSQTSS7XLMTHRO6KXDEOL0KB8VVMTV2K1W77W7BIKICAMBWLN15M0K3WVG B9HXLQEXE Y2W71GAUNU0YAH9 56KKKO26OL7BJ7IWRJA0BHJCHTQCP81H74T31Q09X4AFHGWR7OUGUEEI43LJET S5WTBROA5E MK', 'BWLLRIN782LUROLIPLQ8NFQSRA94AFHLNURA31FIGPW YUV04YA1E55801YBRTN BAQMAEPEKOXVV3B5QUGMR6TP2P8N1H65A T9UXEC6KN 4IMYF722HP6DOUNP9ULO5NN1VH2L1V69G86GNCXQIOOYT6F7QSB2EYY39R5XJXBOR72D46PIMKK5CJ VOHVJYPA0MMAP 72AN6ET2KVO0VCUCS0BM B51W4KDG2KOY83I4C52SE0Y72CTNBFA9O');

INSERT INTO CATEGORIA (ID_CATEGORIA, ID_PEDIDO, NOMBRE, DESCRIPCION) VALUES (82, 75, 'VP32P49BEUN23 KV18GYAJ8V66TE9XLJFR9WFLM0PD75A81LG3SQRG7S9999TAWP97S18WTGGQQ88V1KB5XF1I1UHS0RCM4NN7R3XI0KMY AOFYDQJ6SH4VL0I0286XI1V5RRWCRVX9EEBE HVCJFQEWLSB629GCGENB7LEBPJ78ECR9GBC WTICMX6H8PPSS4GLKXOYA61J XJXX0FOUG9QSRNGN81PA VGVBLH2JK0K27H05KVF932U4 OS B', ' 6G90Q6 TBNXFY5O J2Q5JPSWS58T0O17DJ YE M57GQ1WI3B70C7CB  T9IKM01IC07LFGJLABJUF2LNEEERF6YFP84 YCX491ODYNMHMBBT XB6X2JCWTBHV0 DUMWP2SBDCBHX2XGNJMVO45J1OG0428YGOO HS5LUTDMIJNDPPYP4D9NF5XUR9KR9KS0KFKL90NFA06OVF4 OTCJD3VH7RJPFV6COKTWP8EXHCQ2YLMWRYV6NR 46NG5SR4');

INSERT INTO CATEGORIA (ID_CATEGORIA, ID_PEDIDO, NOMBRE, DESCRIPCION) VALUES (73, 74, 'TP135I5IK35935MUHE7K0GU1AOWRLPQN5MKUTC07EV12MANSSB6UO5Q9TC9VN587NVVOKVQ5OU AGIV0E54MU2Q74 N2217DLEXNUT6CAM1FR3OWK7A3A8KX0F4CL4HWD5PQ1 7RTPHVH09GM3P2XA 8BYPCY2M31R2916EGOH1PVMQ10L5JA7NA PE7IYIR7UK6CFAHX2FWOQ89S8KC0WLHAMAC8KI6YNC2S8DIFF4VSJ8UF6BLY067F3K5LFM', 'OPCTIPOT36GVJEKRKBT4WQN3OJF3K1M9DSWH8OMG8MHTQCP5Y3SIL1KBBNUGKMC52AUNS35RBLWFGH2BHHA854Y9FAEERJHGRQLOTKHKKT8IX33G DCKG8Q146D8PA9F18V08XRW9FEJCJ4YYWQD7XUOTX 7UEBYOV4UK0US9NC9AIXYBRPVCXAQ6DW9DM756TS1C FT9H13H FWLUEC8HC0V6MKGF70CCQL5IULM8ERJHJYUORX7Q98KG4CSXL');

INSERT INTO CATEGORIA (ID_CATEGORIA, ID_PEDIDO, NOMBRE, DESCRIPCION) VALUES (32, 51, 'T6ASSL76UK1NYDQJFRYJNKT  LY87X5AV2AJL4MMM9XQ42PLT7M05LOO8CSDWY3G537 SPR1R5135MQQMF2X0TROMA41ERGXG77Q8TF 1M61P1G3Q0MX2WCJ5ENCCGWVHYM9D8MIOIXADHRNCBRYP52WG2MTOG165HM5HN2DFMP6E5GL8WI20DEOMGM371XGSY2G69YL8YY EJIATD3K4DY2WFAPP7YYLMJM148J86R3B8I4 4R0H518NNT2S6A', 'VA42MJGM4SE4R0C7JK758DJYRUWD7UCH7GIGDG2ASF8V6DNT KCUG8HT4LNSG8S9T MY1XJ2T5N8NODDPOFIOR27XAGAXO3W2BYFXID4RTCCDO4N267W KXH5JXKFNB890NQI80T67Q RFP07RI4YQ9GO55Q0XE1PU1JH9AWF3J0TL8CK4VMH84EN4FDUGHAU5CUCM17FVDQ9EFYGXQ220NQ7 9Q2KDWBMO2 8MMUB0 OKC79I1394ROD0HJG I');

INSERT INTO CATEGORIA (ID_CATEGORIA, ID_PEDIDO, NOMBRE, DESCRIPCION) VALUES (35, 86, 'AGCN7K39XNKQVG1T63W8EJX2NK79N7 57Q63WSQ92CNNTIP0MKR0961Q CDAXTW2V9CJHJW77N2IFT3HP6BCU26J2KR73GWWEDNX4A54HOWFEIO1QUK7JB72TTNBN5MHBO79W26OEFCPAHVFJ8PBN4UWE5JO32PPTPXDV0AE4Y8ADLLFYVWP8LK4 Y7013BW7S8RR0N50MQGJNW4UV97WRQGA1 U7 K7W3VO0CFSM6NJ6U QSRYOULR50YEBFQO', 'O0NGJP6MMHOB0SS O9NA07KEP9OQ6DFNRLAC44NMSAWB1CTHFK5PPSWAPLQJMYYT5WG7EE3R52M11K6JT1A2736V2AW9UY6JEKMEAMMQVB8OQMV5SWF4EJCC7CI531760H0JTWT0GLEII06PHQ5EI779EM6V74CVQFNGVB0G70N 6DMGQ64WERMCI5BIU131XRR4L76KKSH6IPVIE542ALYJAT6F3R45A3JRURFHU525UAMQ2U 9MP38O7S86J7');

INSERT INTO CATEGORIA (ID_CATEGORIA, ID_PEDIDO, NOMBRE, DESCRIPCION) VALUES (36, 74, '66STO9GUQ7S6QFOBC1V7IB7M51EHVUXJN08RTRR644BBVAVG NY4IKI9DX G8NKPT0 J3M6NEHA8EQM59DC1B08VH05IL18JLRT50F5XSPTV9MOTIUIKPDX3PYM8B LEARYFVY8GEC6EP GKQO2SL9SS5QN94R7LWYD6M7H4SJQIET3VPKENAAUU1KE12LRIFAYTPRPYLR16B FWCFNP7SK17D 9CWL414SASFRL5 BOXA4JHM87R1263SNPEMB', '4LN19YLYAMT1U 89SEN7A3Y3PRFBO4PVHS 8XOH1E1H7MCTIESV9TWHIVX0UIX101ULDDFD 7K1T DLHSAQQIPGUL 66MQICXIB K0PN6XW  I8 3D46DFDDBNB0EGFP4GJ790UAO3M9KPY1 4J9AV63R22YAWB4ODL52BQQP475 S4M06W CO45VALSVWNWX61TAYY18463UHNI7DTR6U 9QC2F1KCCW2K9BPYN7S59SAV1UY6U1 1B8HN7K82');

INSERT INTO CATEGORIA (ID_CATEGORIA, ID_PEDIDO, NOMBRE, DESCRIPCION) VALUES (95, 83, '  LR 9OIFO8MHIJ8DWV853IO08F BFEVO8UIVKB27VSGQ2X76RKR5UAC1076CXECO0 BHGEE88CV4QKAUWPEHL2SQ9DG4T452NCM HF3 RYCVR3MT1K241 AGRRX3945PX2251TVGG1H8 MJAQ8PMBN2P9N06DCL5J9M79JNMOKG9G1W34XONCX9MJN5AMNX14TGSR2V4K0S0PUH3VXIN T117I7UVDM2XO9M SY77FSJ24UD3 T2WQST7U81DG', '0WICQ1JW51KW FGSCH0VYFXK1V3IQDFAPDROFN0BQIUK03JV7HIHJU7IYKP8AAAI66UE SUKDA28ACK6B0ETVJC20MYXGW3YWCJW6N41N0X7AN757IYY6VWQAORT51OQBJA5 QTP RP360D7FBBFFQIS8TPI8HN7AN 2KJUBSE93JG0DMYY39AQR1ET82SVVIF1TTARF3TF RPFHC76EVKPN8 X2UOSDVMA1T686WRUERYJTX19WD4VD US6B2H');

INSERT INTO CATEGORIA (ID_CATEGORIA, ID_PEDIDO, NOMBRE, DESCRIPCION) VALUES (3, 51, 'Y0441J0N0RHVA92NDL3HJA1C7J0 T97NQ92KTR0 6RVIUEU3HFT0ED9QMTC8DVVBJ1NLSOGUU5895C1XBG9HPOP9QG0P6T79U5B MJRGEOS8GCTUFJNTNK4OA TTU3V 93CFGY7QDWF7USB1DTSUBHA 3Q1S8X5T3 7VT N7DY3CSDKV3GYERA79GEHGULL4BJJIAC 7L1R27HRL4L812664XWA6WHJF0UX6L LWVDJUSG900M193BBTSDEOBWR', '7WB99KSDC0NMWDVIQF3XCFA5G FOLB2B4VQBP30YYO 381RA50BBSLCVAUF8Y07D8LOT3XQYUTIAMSBBG43O E EB5SGFLXRKCIHMSJ7XCQ U2IBQGKVFUU5MME6 2I6OTN5UFPQROIY2XHN0CEV8DDXRXQ9R9AAORXX9J4US4VLLOG VS15VRVTTD OXRAW51GJXCB  1CTAVAGVV4AND 2G8VDOCNN409WCHWG89OOARR8XAO48SODU3F1VMR');

INSERT INTO CATEGORIA (ID_CATEGORIA, ID_PEDIDO, NOMBRE, DESCRIPCION) VALUES (53, 8, '7F5I4BTROQ6R0KEKWMP 9K9ILG34YFTMMQ8I8R0UE9D NWI0YLTNAVJOCOY28PK1MGLNYM7AE83Q59J69LR4BK8VBT7LLHPKS1TU5RGUMV6KSVJL79LKSGO3O1JH098GIMK089X TOWKO 4SVUAHJ8LW84DLUW6PDTBPTG30PFLIPB 00 CLVDFK93SQ9CJ2FIGTG46VK1OJU 37JQVI3UX5D XN6RC7L3U560MJQFS2GBI0Y2ICB 7SEY48T29', 'T3PTMNB1T2Q50LAGRH3K50LAB0A86MTO4VROO8EPYUBJOM1R69R3KWPC8E385QO6J6N41OUYMP9N4C5OHXKX50I2J4QHU58DUTQ695XSMJO7PDSI2HTLAG7VTB9JIKU4QKCPHQ5P C2H2TG3XIFU5 PMYFBJV7H4I8 KM  43906KRFR3RWE3JL7LNV3BA7OAYUE C0EHXBHTJY4HNX5CDHYLETGCCUEUU03FIY668MPENPHIGNLPJ15LYJOJUC');

INSERT INTO CATEGORIA (ID_CATEGORIA, ID_PEDIDO, NOMBRE, DESCRIPCION) VALUES (97, 78, 'V95 P8QYDQ9XAEQP95PTB PBHXXP1PMNHSRGNX7T0NIAU1PH5L4DLBQU33V4RF6S6U5DIPQN6T26W6M7H3HY76S1G24201FYNAAOYXXXT9A57O898DDENWDAC9SC18I407CUF4LE3M2QJUA 3ESJJ0N30JPU9PA GUKY1O0DK8YSXIBHF1T 0 Q1H4J1H1F9X2A MSSNAPTKHIF NJ0RTEVM8LKV Q2UBF 25WE8CMKIQCNFAYGIFVUMWYCLDHC', '214HLXE3A8D9GPM94S2HJFGJUWW3KQPPYEOGTS4WFEL103VBWPTH0J695NE42 YWNGK6LIL0VWGDUJBVWMF9WLCDGB4KT8WTUG4QAB5GJX FUKCKC6FEN3O9TG6OWXP2C6CUKOVS0MSJXHC6EEXH 5AWS6VFYFSNRS1I52MU JBUMJ9OITALTBM6EPLATPWPGD7KUSTUQJ55DIR6VSKNQTE BEFJXHXOD0SFT  XHUNEH691LFBE66B0BSI HT2');

INSERT INTO CATEGORIA (ID_CATEGORIA, ID_PEDIDO, NOMBRE, DESCRIPCION) VALUES (88, 32, 'IMKMKJF44711NFIASCSNXH188H8AERC21GFFI2772L7B673HGQEGGMA7JQDFIKIGC1OTC8K7NRYWE4NNS0XBJT4DE2SP STE4R5R1M05GYJYL9RJHSQM1LYGQF4V7BIGNFRVXC5FNRH60I2WLR70428SQ8U8VAS0WVHRE5RJN9HP1SL941M2QV93GYNVPY7JBU3G7IKLSFNQBUA2MVNYJGJVNIFUYDBR96U4OBFSQKULH N356GEUW2VCHLVC9R', 'O2L HXN95U7JOX6B1L8O VOJRQ1MEGRTCR4M P8FGH81GXA77M4AHC7UX U1GV8 ESEOIDHTCPY8SI63AWKIHQD8K0N7QHIVV41EU7FY3UP84UJKL5HFD99X74DHPVUF25R3RS8FB6UQJ8H28K 42H3MMDRGNI2F2RUGOCD5AAEV1NA15XE4AQ6UL09PCDVXEWBPLJ1WQNP66MXWPR4T1E1JMS2WOLYDEUTS3W90EEQDDKYB4KQGK15H2GG2IV6');

INSERT INTO CATEGORIA (ID_CATEGORIA, ID_PEDIDO, NOMBRE, DESCRIPCION) VALUES (94, 30, 'IYPSAF5N0PXGUC81TQ14AXS ME202QEW35D1KSFLKRN00 7WXE760IEL4P952GHA7VIBQCQ ST72 DQXO4DX5L8BGKPMLI31XDOPEF7TFVQAVE8EEMSHFFGL4FBQXV6VU7XLW6CPAP8MM80F0XIT4TFRH0XYPPTDXPDB839JFYPC3PGK78HYAPS5BOT1YY3P6D30SQX6SF96VR6WJM9E27H9 KSDYSRWYITBRDC6W8MAEE3LO8WTLM6C28U0C4T', 'XXL6P95 5U3 JJG8MN0SMXJRLPL96TG7P64D8TG H1 O9M3YTS5SM9 ON3V0NIUB 2GTDPXSGH3UWKR 2FXW2QD59OW511 LK8IOT1ERH5K1Y50 XWBI3OC9SQOVK769FGPJ XLNW8U23IYBXM6 E97T48X8LMF874SBHQDOUY1XMX QW6BTEAJYPXDR72MLF2E2T809VR719WEE8STGBWSYW520AYNH4DH8DWCW EBFIXUOCXPEU541D 2UYCM');

INSERT INTO CATEGORIA (ID_CATEGORIA, ID_PEDIDO, NOMBRE, DESCRIPCION) VALUES (48, 94, 'BASSSVOOSQFQJP8XIWH20AV W69LJYBTONC1TRSD7L38K415FJIWR3G3CMD1JXDKOOV SCA8CFV6WPE1TLEJ2RM4EM9B7TW2DCXY YONICN2VX9H3K6BQKNHP98H 4TCWQ0DC9FU4EXHLCW5BGLBAGIW0EN5FF1LLH1UCGMBMSICXPM74Q25UUSF5KA7LCP9KWU0U57M65 9DK7MUTRFLWC9TY FV BT83CPXL4S5F2O9TWG5X9WN861WTGE2VI', '13WHMIDFH6GF6 I YQEKVND627RW5JI3O3X213L5IJUB 660S9F6713L3HBYQIVO7GN4BMG9AKO5L32S8MJ RCMI JHVFV6VQKXBRFG07J8PSXUAC19UF389MTXX7HO9CWGN5AECAP55WDEDH53FRNUNJ8OP0E9 R9DQ5IH6 BQN4WF67RI2XYMESYDPJGCW4LN74JK3RAL7XDP6DOI5FF75OE8O8FS30SXOA C34DFLYUML57S9887XDMHCLAA');

INSERT INTO CATEGORIA (ID_CATEGORIA, ID_PEDIDO, NOMBRE, DESCRIPCION) VALUES (62, 31, 'D8DTSME7R5HWQD3VT7PG79AH8HKXU4KMSPES15FKF29R8D398T 9BJ1ISQEUF3LYTPYA6UVHW2UN1G9W2GV4SSV39IU144NL9X7VIO YS465KHMC15CMY7K4KEBLYTWSFUTVRXAUVA6PHW9JTT1S XKOUTB4Q2BNFQE079CHVEGDHBUAM8FFXI9MB60PKYRFBFMC 6DG4LQ6XPXH39QWN5PVSDV9B4E6J8J4EXY40D703ONOPT4JTF6U35TD3GS', 'MEDAC0U7OISVBIAX4UGVFHTI 4AM5SFE926KXRICP6KRNGHM1S95 1OPR WEQ8TOB96PG6MNSKNMIFKFET38HR1B VOPSRRA6X J6P 6LONHCMHQ1HTORO V2K3 BFISO4VP 6B50HUMAN5V1D U30CY0YM8UG2JLPI5H9M IOCNG9VNXSL5 U7CDAXCNOVAOKF0P209AVJWLLG9TB0S JQH44UA1MAK578A4DPD9HADH0D3USEDKCR34TFTVS9');

INSERT INTO CATEGORIA (ID_CATEGORIA, ID_PEDIDO, NOMBRE, DESCRIPCION) VALUES (14, 83, 'BC0BLNCGALV1TPBGAVNOWH4D237C8IHEG 0FGVNQOOGLL1ICUYC4YBO59W9GW5CVGGSJTJ21YR3TYTBT29SG3IKS072RMCBQW3GTC2Q0R34L6O92YASN8N5RIE9IMDAWI76XI866RVMPG0P IYJ381IE3VF67FLD180CK7761SRT0WKNQLTKR73OK9N0FWIWLX1QUJV3920 R5CRY6GMCOF1AAXJYSL63C RBNVKBCWPOJN7S518NTGHOSMUYR2', '60T45YJ36XVJ7AC6HBGHYMMSLS22BOVNJCK FVT MME7UMRYX8GYDKWEQIOHOUDBM8ACCEVRLPSY7 I 1P M6FBL3GUC910PTXM99E0QPAKKT4B SQQG9RCOES Y3T8KEI FXHGPIK1ODNX BEU8ND56DTRGOGXNTRLLF9 7FIF8IQPPD0SYNNP8GNNR5MJVAKRR2DV3GFJI YIJU2WLDE9OHF6V 394MWU4IEQO05M5DDTE A NQ2LA67Q ABK');

INSERT INTO CATEGORIA (ID_CATEGORIA, ID_PEDIDO, NOMBRE, DESCRIPCION) VALUES (64, 20, 'QY4UJQ1UI6TSRS88KLT5TPA0L 7JFU2GVGXY9NWDV23PJXANJGUL5UMQL0CR0HKOTPS83VR6JKUSNQDPWFPLSX3Y1BXA75AB3O3CDWBHK1OWPRPXA7KO5VG A9UI7LHYJ9MDAH18GVOCPT844 KOLN6MHO3PC5FULG45P1H02VEP8VV6RGYBAQJ7NWCFGXF76VNP6J7EVBQYYD9SMH0WTLEWCC5XA5YO5TN M9OJF35H 3BAN95GR S2DU8X0XB', '9XBREXRYVODRQJIQGYVJ1GEXXYK0HP4LR5I0D35687V6SGJ34XVMXR3X5HKESD6RQ4VANJVF3XM8OF4EC54JVH0ADP3GQYSGI S0P54OO809YQPJT263MUCC5YK61JC2V3Y8G38A2SVJKXW5LLHOGIN7EQ16Y92XSWAPFDWY56MF6FW4X8ONJBW6FASXOS0R121CKXJ7DV6UJRW2MVN12I9JITFCRJ5T PP3J61LC70Y8XWCCCWY73T1LC BN4D');

INSERT INTO CATEGORIA (ID_CATEGORIA, ID_PEDIDO, NOMBRE, DESCRIPCION) VALUES (61, 88, 'DVMD0MCLW1F2FELF2F53YPW9R4LGIENCS0FDWLTN66GI MK0EBVHFR4HPE754I23WORD5TG4UI287ADXQ6JEMO6TIDTYSMHHHH7SXMUX9QQQ35D314HAUAYNVN956GPAC26USYT88JSKA14AACH22U9G5W63KEW66DHA5D3VG9X1HPGYVPJ7YPX7 VAAJFTNA01PU5CWICSVUTRTLJTNGOYX0 KRLK0QV8NXHTF4VT7BYYR6UEC1EONU5H1O5M1', '0879HEQMCF3JY439E3DNF I8IDM6F0XOP UYAOHYWWGUR9Y7X2IBVV6GA74LC7HL7S0O6O9RVURJP DPBY47X6F 3IVRVVXFHY7WCYO54FL MDEWVSUO6G7Y7OQFYS83Q1ALD68JFGLLKAK6FK2K0SFXYS4M2RS3W WOECERCU FOLB6H KRYI6BM9PFJL4YIQSS6GFJARPNHYGABXI0B4XNPTLVDDE3OUGW9BGK F2VNRXCYAQJW1WV398RE64');

INSERT INTO CATEGORIA (ID_CATEGORIA, ID_PEDIDO, NOMBRE, DESCRIPCION) VALUES (1, 28, 'D600O55O5EUYD2C5166J4XD2NNUUQX4 46JDJ7FAV0UP8I22OOM18P4TXR35WCLYXA1MLCIMGCA1XK 4CNCHM2DJMIFBX4ERBP9B3CFR84DCEV4 VYORHTVY4PQOXY9XX5UFN4V89VJHTGA55I2A75NL752L83HS7 DYDEK54LWIKC3RI9Q7D1VYJ6GRJ34QR93 AT0JY8SVOAFPFANEYRTGE247SFBV 639TNYTSNQ68PY3NYQIUCHKWHBJ20J', 'K8HV6GA51DMKV83EKPY1RPPNE5FFQQUNCHR6LWQAQ4BBHKLWK8HRL2SED0M DHUJ08L3BN09J7JP3OAM1LW2L1M4NP0HBKI09FGA Y7PIY1WLWXYH3FMKWWMWQSXS YX2IR4K7R2AXVQTMYGUWFP1JB6LDWMP8JVOD G1 8HA1REF9H5WAGYUD1V5SJFT089R2VXG9QW67951XUHRDKH7S890CPJN 1IGN7DFCI4QEG0FTQ UOWQSSYV76C2HBA');

INSERT INTO CATEGORIA (ID_CATEGORIA, ID_PEDIDO, NOMBRE, DESCRIPCION) VALUES (13, 54, '6JG3YMACFUB4DMQKNL6T0NOHOK22GLBEY0HBQK1ASJC8NF2QWP47P7UXBXV9HS U3IFHSOR2YD64A7AGNXCJT8 0GEY74I ABCVBTGXLPEKH3LYRL J9N6I1SEFFJI51PILF7EYY8K8NSLXIO B008E8TA GDSK0EPWNWSPY6F24V1O1539WYJ9SUWNH0JLJRECX9AWQP1G9KDESDAH9NDCVK NM841YQGUYWLP1A9XY2SVYU5S2AJYXISKE1MK', 'YM4AN7UC6P1WDYK6U7T9NCA9LL4LAV2 KMGUFIR2BFAMCF8OU 72DP4DWNMOODHK46AECOM72OSG 83VGMIXS449028NXV60X277JARCH3KXDR1ACQ471F9AP8NT 0Q035IIUA83SQE3QCE1 2LP92A1SLIFXY4L6B4AY5YUR6DB9TT3LKOGTYUVP3GNF89KBTDS749BRRLEF1ULJRXG7DGPT44YVYYQO1RIHUWNN1P1A95W2MUT268TD0MHSE9');

INSERT INTO CATEGORIA (ID_CATEGORIA, ID_PEDIDO, NOMBRE, DESCRIPCION) VALUES (10, 0, '7LSFH2B8GLOFAANGUFO70YXBWGEV3AULBB72LMI0XW9T2SLL1VLSNHWE18ULLKSSVD4BN6MGEDFE2AJ4AKJH0HJVFYGY96NBMEA076XND8MNPTW1W 6XI2YRNJCC2E9UOQIXH1GYB0KY4V525FCCLFUY1W2UBGSRYOPRWIL2FHO9M5H90G7TWR SQU1PKJGA6OQ9W NRKXLNN5TWRSTQ392SFPKHLDV3TVL9SRS9V3P4R1WUR04 GOD2B738NFQ', 'U2EP0CY6OPY5Y019QGDP 6N6W1AUEH5SQLS391YK4P72F HRP3KJ83  NGQ1WNEEPCDNKVL4 Y11SVRAI6X2YRC0GVHI8ETFYSTP1LVRNJ5P5LSD3PR4PHPOBO4JC834P3MU4PG3IV73QLYKK4FX97MF0P2LJCA8BVHJ2VJ6947 C72JTJKBP3RN6DW6K7GFSR14NA35QGM5GR2CTAI552HTQ735 671DSIUND IL86OQ9LSQNG9CNX7R8P44D1');

INSERT INTO CATEGORIA (ID_CATEGORIA, ID_PEDIDO, NOMBRE, DESCRIPCION) VALUES (34, 86, 'XHWVE2OL6EAF HL6VFQ4CCO GRO09YI9M9X497K8VJ70II8DXMPJ0 BJR1MIX6JWQVO9UN4AVLDYKELSJNV 9D073B9J9PC6P MHLPEI00DY0ST80WYU5VAG36WFVWJWABW 5G6Q6Y79RHHSOOCS36WUGCQWC 18X18SKIQFF2N1UJHM7SHUVW0UUX2CPYW1VGG2BT4SXFEL7GVFMNT2TYXCQYM792VQOV5RFSA9AE72W7RT4SW5SROUMG9AI62', 'C2GNVGDFGUJRV2RKKAPWPQDX40I80DLFRKYAHIQ27M6HV4LW6 2CX X99JMKKKE8K  AUO2GSTH0R D81QXPU 9PL0N92 5 XKCN54JUW15Q83LMTG1YCEYTTP99IYBHGOBAXAISEMG39KEEX6 TBXOVR6N2CHS924BE0R857JD59YUYUUQEYVOVMP4FK6OCFUMTM8A4NNGHKHT6JVYQGXLY5V PMNWBDXHKYTGL2H9PCMH99NLJAGCDD29C9GL');

INSERT INTO CATEGORIA (ID_CATEGORIA, ID_PEDIDO, NOMBRE, DESCRIPCION) VALUES (5, 7, 'WKM2CVKA6G3LQ0AS  7HD6KUK61FD2PDA9V6QF6VE MU3SFVIOEWRH7BWV2N2CK 71N0 A EH 3SNAH9RE43JNSTDEU4S759U2VS5Y9T2IJCRXC XN PUDWDH58XU06FAOQ83LQ4FRLRDEYYT1NEQ 1D5GDSD4T6PNGJB7A5OREGSEF9BPCH NH2RDDI TAPMYTCGQFP WBBEYGTHH7FBRA4X4COYXV BV4NHX2FRY QJMHCK 7CL9H4 TB2A3T', '0Q DIS8TF5VYQ2KUSSGVP9HI3THRJ6AOJ2V656UIJJV815GUXCJUD1EH3AEUTPCNYF5PSBAP1YI7EQ820I0M3JCGA1RXINR71A253GDXN7JUOHUP0A3IO3G1J8YDONNR1PO VWJX0N3JW6EVPYOI2FD IPKV7R7D6GWVGLLO5SGCTUIUX95TEVA6VDB6TOLA3SKKLW55ILMXCXWLDQBKTU PAHUB8J2C7CROQP0 WQRVH5AU5MP8J1KAXI1N45J');

INSERT INTO CATEGORIA (ID_CATEGORIA, ID_PEDIDO, NOMBRE, DESCRIPCION) VALUES (96, 92, 'LSB1C8EB4AU3STDIV8GWT4GHB42DCW3 QWN0Q8OF1GM0OTQ5M4KF2C0SM0LSKAV2V1S6MMSHP 6B17YXBDFAXCSUYBT54CN88R SL5GTC2SHQQGF6QT7GAU17EN1AI4VTTAFX9VBYA0MCARX6OHDSSXCCD12FEPXTTGFB33L9024YD9LNNXEEK2W1XVFYMYSG6PCL4WQDOY6ANEOFS5WDMYRERT9OKNM8HO404P3DATO HE830L7L13HFKIDIUA', 'CMI1QXL0HBGAWE7GML0W9YLJQ6X4OR648RTI41PFIUDFT3XVES4SAHGG6LINCK1D33TAS1ES1QFSSJCXQPSCLMD0IDFNSYYLL4XGTMK3HOUX3OFDLGWAOHG6OSLLJCHFWFU6PSDP3M2V7LGN 99VVL4PG34AKUUK4P5QYSLO6C2TNXP098TUH10QJ4T92FVTNRUB XH3IWC62I41NB16VA2X4MNWC04C6PCOF14RVOCBXGLX90GKT0UX8D4V2E0');

INSERT INTO CATEGORIA (ID_CATEGORIA, ID_PEDIDO, NOMBRE, DESCRIPCION) VALUES (38, 77, 'O8X2RA9P2GFY03IALUD9N5HQ6BCDSERGFN 2VOKDMLN7AUFR2Q896XN3OTKMYTY99IN2HS9QAXMLSYH6V1U53ICQ2M72L762UNNWR5K0YGODULKYOOGJ2IT7M94VL6E5OL4 1E T69TPH 265IRNH4S240BU0IF9IM75IR 3322FFPREKUFRVKAEAWFX5TATKNNVELBX7YCTW2MN53ISEBIY2GOHH7NF76NFB663R5RWU6UFABHESGPYX1JQXNH', 'RKW73S8KDW31OPNXTCLE1R64MPMV29C38ODN9GYLACDSYW W7HTWBMTLL1NU2ADE0J29I37C6PY7905R7 IJAEGCR9LFMOOBA6Y1C2205S6RPR4447XPY9HFV7P7 FJ8631BVLM01BOWMPC3YF9C0UYBNFQN3JJH3AJ9JL3X6F5F3Y25QL73YJIJ9A A7VA E 7G6MLFAH RAKNIVKU2M0E WUD46Q9HGWXADIDQQTFBFG85UFNIL1S0CYO8WBH');

INSERT INTO CATEGORIA (ID_CATEGORIA, ID_PEDIDO, NOMBRE, DESCRIPCION) VALUES (31, 68, 'NM92TS8VKS8BHWMQHY37 CMJDGPG0B5EJ9KALYLF580 NTG8FJ3W3VOEA9V1A8A7QBGJVD0SO3CBOKSYHH2N2BH4 B9S2M37XWKEV3EO93N9GQQ6AXRABIPJHCB6PGC1YUMWKUMV69PKCSC GCCSXLRY23KWPYWOVC6Q5H 7U24IDW83IWDOSFV5GRDEPGRV99QL8I84KYBMSTMXBKCRP5W3 MKPOQIHHY5XSU8T C JD2GXD8EODSWLM1IYAX8', ' I7SELVNL2G2VFKKXA0CHY0YKNOO10CRU QO4EXKRJ53PGF1LNVC1KGGQ3SW56UQGY27LF7MJ5YXT2CI8RHXQX26845C6ODUNNA4Y5NEEI155F3AHXT2IWQLB6IIKUHJ4OYP95X SDXS5YRBM 8LT0UU12DEGGOS7XTF1UM0D42JRBXYXQV29P6DASB3J4A4JH5JO9S7FJIQ1MLCSKQ 7JYX933DLQGU7KGLVFP3N3T8JYYU9UU1Q9MCWH3RY3R');

INSERT INTO CATEGORIA (ID_CATEGORIA, ID_PEDIDO, NOMBRE, DESCRIPCION) VALUES (8, 54, 'M9MNBETN10F7JFJC1WBMUTAK38C 2RO820NEW4AC48CAJORH38AH1HSDX7D4S1SHJF9CJ1OES7JL26H7GX09JWUJ95NH4C4L2IBX4ESKBU7JN47 L 32E6YI5 I21VFJ0NCUDVER8BOOWG3PO3N6U6P8CVPNYS3D27T3UJ9WP734BAQ9K2OVNE2AJVI4J34M8KU4O7 YXB9QG6PXHX3VLWYPL4F6VNW62MTOYVSKMU0RAKEOIS7YTXCOK5NROA9', 'C0ARGRWT2TS8UBA2CJA477K37NJBVFW1U4GDPF5J8 7Y9PKOS0MDK71YB8S9 2C FJ719JPFFIQSQE5XTUI66PGYSA9PQ1BVAGGRRUKIHDYNB9BNBI24NGAQ0Y7YQGOQ6VMUQGDQVV X3343HGWQH13RQW2XUVFIYRN3DBS3MJ1M97QC T82FPPMG16A99U3ABX30QC0VJP6TT4COF3JOXAY3YH1 BH10P BJN3FIVF2W80VHSESESSYE BQ2C ');

INSERT INTO CATEGORIA (ID_CATEGORIA, ID_PEDIDO, NOMBRE, DESCRIPCION) VALUES (46, 44, '6CPNKK5775Y4BTUDX0QSSH0A2SNJUE8CXXK1WRSFBTSWV17CCYSAHKDCXEFC8U1GHKGNW9BHY7W0TNG3YTWB34U255G9AY5LC0D5QSBOBPBX7H3PKUC4P4Q8CRDAVMUXH5RFOGJ559LP5S5ACMCO5KRQ5XSKFD7KLU8SCO5K2BPUQ4K8LRKADQRCJ3UTDXCT7HIELYYIT CT01M9V7YBE5F7P4Q9RL67OL2GRTTS2M52HX2VX0QRO YC 72WP7G', 'JBGI4UC46YGEMFRXNG8FWOFH6YPQBLRV7C78YPK5KB3D IJFI51NJ9N949PKPNKNSALGOS83AQIVHUL7BLQPS W8VTYS4QJEOT3WQJU4GAUUNGSYC94VYSCKDNE7041DTONJ3VE9GJI2GF8WNUDYVNYFFDF8URW9UGQ8K5JBIHAUJM NR8VLXXOC4YH7FXWHKJVN6HT7QSBX3H F UT67STA1 TD7 J7MLURR24A3DBE16QP696K5F3X6S8TYMP');

INSERT INTO CATEGORIA (ID_CATEGORIA, ID_PEDIDO, NOMBRE, DESCRIPCION) VALUES (54, 22, 'FM6RFLC HAA1GT605OVPJN6NEXD4QKSI5YUYS3G74SNK W65GVN6AN66W846NVFTDXQ1AOGE9SM UDEJWDGX5PUNPRPN4O1GDBQ0BLYB OP861X81UT1KFJVIUDKQ DKRFV6AR7T38X83TE3M6BOYL0Q6FYAE7W4  2CIE5TAW3JPHO8UL7T4V4REMJWOC365YKU0H0O4BQM7606K32PJ1LYA7YPHLIWXCO8JBVKQ6G7XAF3AB6LYJVQ0 C9QCA', 'E8USS5SJ661GILH40YALXVPUXWH29M34 BOC CN8EPYO9Y9BVCL4GJI3J6PQ7T1NH6KB6ML09Q0D047JGRPE370O8HOHV41VID2 FNQRAY64U4J8B6IXG36E8U7HQ3PVDIT9AETD10S3SUFYYH G39J5Q GD1IXTCM4THVNK7TLJHV33BGF662M4S2LTILAGD7KXDBSLM89VQ L  C7HOP L5M5SDCDRDWF7552H5MPQJ860GWLOQ4OYRBO6FBQ');

INSERT INTO CATEGORIA (ID_CATEGORIA, ID_PEDIDO, NOMBRE, DESCRIPCION) VALUES (7, 22, 'LHX7FXFCO36MV6MI9ONNVPSNY3RQO EOWV5SHKKKHKU0V3RTV8GBCCYPCUATJ3PR6OIQX3XNLJWP5S1SXL1MS1TW26M4CO7R 5YLYITBA6T2267HY98Y4BN11CRIJMQKXUG66RY1YV91K4IVADY6RUJDOFGE301BYLJCT7K1RUQUMVSUV  HGN YJK0Y QADFUVVT3YC9T4UHQM8V6G 6U3B385NA0WP83LPAH14U878674SFDC9GR0IDK6GFMP', 'QOG0DM2 L38T9JB4F  P33R2BVIORKNL5MJ3B1R2OLCLXX3DDLNW86H0UDQSWB700PDUWNJDGA2Y8PCLBTQ18YE5H38XA540S176V8PRAMNW0E1K1EJB78L830ELDK71WDOXL3F2LN09JBB153R8RGQP0NSF2LUDHLAA 6SYOJI81EAOE6T2NOJH6PY1P7XVNPQFQ2R3L564BQUMH12YKGWP6B0NFQNHKMJD72242U5UIMWITPT31C3 KBFBBYA');

INSERT INTO CATEGORIA (ID_CATEGORIA, ID_PEDIDO, NOMBRE, DESCRIPCION) VALUES (37, 53, '1GW3O8PKA6S07 LB04TUDQMT8GV8L7F8QOQ9V808RVFLWXJM38DMRRE7EHUOVK3BXI0SB9IGMU1QTLHSMI9PWSPF5B7D24JBS5H NRW6987CPH4NVMW78QAXKTPO434WFF3E08D2KKQDHAPLEB1UNYVSFH4UP 90XUF4CDDACW2M6LV8TDR7R0HQJD 6C8HA KTKGXPHFDQ0KYNWJ IDYR3BWGD10FK0JHIB31M3  XKM6AUCD7Y4UKRSBDC54N', '77KPT7FPM98A1SNGO1HV9O3K30FGNEN3R2VORDG9I1W898CKA 23CBTSK5J3O8M36NSXPV7H5BH8B9SJROPE07C1VI6D9XUBEWNS UWC7QKSGDKU7GSL0UCL 7V730 ETPHFBBS7AGST8TGUCTLC2GTPQHLG5AWUKM269AJIXJ6SRO4PRJ5IPUC9LB0I7GXS9R2TULI8FBG7UEV1F7F268ENNCCWOPPT Y6H8NGW0J0C9DYI3T D2 DEV9JI5V0');

INSERT INTO CATEGORIA (ID_CATEGORIA, ID_PEDIDO, NOMBRE, DESCRIPCION) VALUES (12, 69, 'BPIHTNC13RIF9P3AG8U0IJOWLUI37VQKEJXM672S0LUIK3H0KT49P1IF7AW22WV7R67IPXHO56X9IQUINKJ8B1WVPJUJYPWPE4VIM0FUF1WRHHBVKJI2UM1Y10Y1NJDDYF7 7RLN ILD9HJTM2AYSMJN1RS2M7 FCB42QMG60QH87EX MSKU8EAIHU 0MWG8WH TAFKT2YUJEKGILU9Y25VHTIH5PCALMP9CW6Y31QLSFB14F50B4M70OUI5XRL', 'KDAH 1FRBCX3G72XXBPIGDBYI2MMTDXX69A 8S92D697IBCH9MF4HHSIKIMAEYW91AG09H17L6HNUHP2VV631VGG9PG39EA1HRALU42KUFEF0073 CBKGU3AQG4KV2H6HAC4DX7SSD8E47BWGWYJJE9YOBPO2OUTY3P23A6PR6M38 VGX8N079D7S27SHMIBQKOEKAMJCXKS7UP26V53M0QWB1LL02 ILFX6OF3EJSGRH OX78BNICCJPX5E5N7');

INSERT INTO CATEGORIA (ID_CATEGORIA, ID_PEDIDO, NOMBRE, DESCRIPCION) VALUES (51, 16, '6K3NP27UUCFOWLIKA0S6TL0DI3OB9J7B6V23Y1K6S54U54C Q900OS6WM2 VSX956WNYS3UVJ0022TIW4DVL25 6ICWM1P211Q73NO0H3U1BF74T5R70U0Y2LIF4 LS81PC3IDCBL688BK8PHH64B7C9NC1GOQLU P4ITRBKJ4EK27ENBE7J4THQV0W53YC1SH406XA7ISBX PL19 D1N8GNYFTC1N47Q3OTHPTA8MAETX5V6XEP1TFA6 QXBUV', '8T1IIHFG8QY XODAAFGMNTBMSLSSPJ868L593PRWM3FUUELPCJFEIY8KMUB8MV4YW6VJPXAXC1PMF35T840 AE9OISKM230HYQ15N6RRPIR0H98B7DO3C3QJU82YN9YTO9AD9VR GE723GBN0THY8T2U0 PVCO5U0H2CKAV24 F1U5LCFM ME64GXL7MUHRXC8SIH PMB6SJH8CDRODDFOYMUE7 NAQO2BINXVD NCCDG9JG99XWSHN1KSIGVIK');

INSERT INTO CATEGORIA (ID_CATEGORIA, ID_PEDIDO, NOMBRE, DESCRIPCION) VALUES (65, 44, '1KKS6 MH17KUWOPH4YX9P8JKPFICC8M7Y7JP9A979M8FSV4306VI6G1N93KUGMWNOI3NT4DOA26XH6N60H08NGDAOOJSQ5DQEJPVNTOL6W5SPEUGN2M0E 9T3CYGCCM1LQV 6W5Q7J0OCGC52FS7BJUQMPEAN6PFCLNTKNE7918LI8TIBA8IRIIUUY1JEYURA8HLG993C RQHS4RHT2KN6RY4GJ90BPP88T2GN2OAWFL9NKH3MV M49HQCUC2KO', 'UN7FILEFRPKS2C3UMG3TWP0 UX8T HO9B GG05R19FES2TT1JHCYHMWV7ELTQ302HRXM75016YVE4 EW98XK YD374GDV5JM4U7VDK0IU9L VX5M9GHEXR2GX7QPQ41JB4S12MHGSAX6BJEA6SFLQ8KQ791LYMRVLD4LP4Y09XBOERXYKYVNB1JR71RCQ22S7F PYA 2UU0SH9VJEBJNK36JU E550GALNL5ETYILKWISY51YW8109WU7VVMP8T');

INSERT INTO CATEGORIA (ID_CATEGORIA, ID_PEDIDO, NOMBRE, DESCRIPCION) VALUES (42, 51, 'HJ8SKB X4VIWWBWTK05H MLIQ5O4J5VW5JWBD5K50F7Y6P1F8R449MRT9VNSJ6V3356VQIAAJT7EJR1PGJB8EXVGOKPCOB N POK8PLE H1V8SL6L27IUHS701NFKDR0W5YBHK0PRYQ2Y5PP11E2ID X42ARVQIV02HW0OX4F575RFX4W XG5LLRIQ6XCK7LVA2K4ADC9K 7TASPYQADS4XETYYLROO W49HRHK58A3RQ9VUKS VEGYH1MATX5M', 'PBSV4KBE3RXT6GRS4KP2NB7GIP9P3 60DKUD3LD8XJ05O8MGK K2M1UQ4J RC6O96GND2R9F40I77FMNTIUQPXS1RS7GYWOHVHO4F6E653QR2VAABTECAQEWCHK1TN5G D OMH1P6FR8UCXA4EIKQBM 7SNLA9IIYLJKMGOX93O9K33FKB6KTIT6TBCIEOTP 6E3BB0J0HQ6Y35D96P E4GQ603LX6I MY32OXXB6IR3CX6ALRN33NKM3P7KDBO');

INSERT INTO CATEGORIA (ID_CATEGORIA, ID_PEDIDO, NOMBRE, DESCRIPCION) VALUES (11, 69, '39192GRQ8RINIMAKN OP7UW5X03N7VRW4T2WPPXL8WYYBNMCF2XCBLJEVC97SJMY45LVHMCTWK75P 40MFOHKS1SMNW2Y9KL28A0452C9EMWKQ9N2YL54KFJGK013EFO49UX1IPUYJI7Q3N51BUNA9427GR6OKGPA0JVBAFGCI9J1TV1P348KDK9RTRTJT61LTJCWT0H7WI7G T SDV39OUXC92LF28ACIGHF5IP3UC46TXJ41NCHE5E9HGDBQW', 'VQ GS0P27EJPWGC93DIXHU3JSCSQEIB1VEK6V VMBKO9GVAA1N63N3DG42XV4WBN9LK5VU NKVUH86P9LC7BDWE5C29O6HM77JCBF9FMJO1ESAJNR0P1ANOMTAMONDTKE6ROH3JNLXCB80X83Y5HD5 1T7PVQK0NI6IEOAG8LFMHTH88WQ2CGRPJCEX 45BVP2CFC88NWYY7RBHQP3 SCFJM03E9LXDHMK3DIYJU9B6FBBRHD2XTYXKWPARWE8M');

INSERT INTO CATEGORIA (ID_CATEGORIA, ID_PEDIDO, NOMBRE, DESCRIPCION) VALUES (67, 82, '4URJB471D77TVHR5R3XJQKVIAIIACBV7GR1PQVTXHKQUG08EXVP40LMOMJ05S1WJESRKD6WCXUQH0U6RE1UCLNDORAMH2XFCJGP UR EK O18XXVF5PFM3TIWTVPAO6LULTJTS92LXALVE6X5G9PTKJVXVWM3V EERLSBXV6339XQ N12H6AJYP25EL518LDA62L9E2IKTQOGTC FN1K255J5GJ4P10BW0C6UOYNWSR5RQ1TVC1FKAQNKK8C1I4', 'ONNWAILUGHIDPG13MFAT8OTT BF4FLLLB15WY3SXN1QQ2E4FJW72SC9392TWNICSGD1FY1GFP P9HO41C907AQP4IJ4DJQ4HTA8DQ2QHVAYIN24777D1V299LKPP5D60A0 UI4LPM20C8GXI6FEHNDL5MXXCMLYLNM3OVCYTW5VBG5 4GIGIMDGRV9 5LT1YG7TKU7M1HD53JA8HVBUD6EL8ASVHKFVX65ILT2IRE32DX7J5UCGS1QY0RFUKCJV');

INSERT INTO CATEGORIA (ID_CATEGORIA, ID_PEDIDO, NOMBRE, DESCRIPCION) VALUES (86, 34, 'FXQ44KJB0HDHR6W5L3AV85DS1GB8RFLK7FSK90HE69H4KD9VHEXDC0W02SBN8S8KV1L3E D2 MBRBQM7TJVBSTMD58TR9ODLFOPF8CBNQDXRK34NPGNAAM20H 2J27LNVD4C94QH4XHIF6IQR3HLV27KF3L5BSP59KIRA9B4FR0J2T8YRT509ULPR558V7VU7XS4J NNLA3CG E6163FBL1DHC4ST7Q OOXG4AH85QII7EFUED6MTUI1BJKF63W', '4HIO1TTMKEG3QX 9SU1F76N6734JV3V3QXJ18EPEYOASIPOX1WDEMJG85I7G8WD3FIX7F7CT83QDE8ICU9C9  WPROJL0TFPLISH4GFU33WUREE2TQEDIUQ28D4P28 NN1UIFPAR1D 4EMFT8GQ4HXVDR9H3A9XDM8YCQ  UH79HURHS78YC VU OFB1W37 0 2L5T4LQLT1CMVEHS2VSYO6Y09I4Q0QR8LHNJQ6 30NCTTJ29GEUUPK56S9TI3');

INSERT INTO CATEGORIA (ID_CATEGORIA, ID_PEDIDO, NOMBRE, DESCRIPCION) VALUES (21, 66, 'Q08LR6QN5WALSE8F7TWQCQJ MGCLC89WBV9YXLUDU5 GIF5TAH5R3W9O0PSN1IP6UX6OEG6UQXPIKVK3TMIMEHGTPBUCS536KC4R94DCH FVYVB5GQPJYHIRIV3N199M720L5PL1U RRW0OSGXFM1AUOLPNC83HY45IE38O7SNYGHPKVEB56XV5B0WB73 4SHM1DVFDYLNXO7HF4BB 6NVWRTXXM6YW3UDSBRUTRN8R0YXC0CYKFNW4L2SK87CN', '8ADSF53H4NVA4F56N2UKNHLP4RHB0017JTL1M7XT10AI48EK7KHOM6 CRXGDE B2EGKJLY78GIJYM8JP0UXWWMHFN7M4NPL79V7WKQ5UBBKH02PCJ4K13SW1K9O172PMFE6K0ODK4J9GY8QK89A9PVUM0F7T7IKHQ5DY4QO0TVBHX78HA351W1FQLO3IMCFLLJJ7VQ 5HCFQR3F9YFD9KCE7DO2MCKWWJ6P9PMMQD7UNJOWNV2YMHTQ3RM7EOYJ');

INSERT INTO CATEGORIA (ID_CATEGORIA, ID_PEDIDO, NOMBRE, DESCRIPCION) VALUES (80, 59, 'WYXCKKADI2U6OQOT2NYMLRUN0WC5T1QNLWI1MLXE WVK2XA07W4I RM PB3053UGKUBTMYLEJGR6MV1PLIO5 TE7WMBS55VW8V1QBSBGQBK4VW68987OHR4SQBSGVXBYWLH5MBGV YM3X6NUS5QCIUT66I4W146A8X4QQ3I6WE901IR1JW35 Y5ERK4IK6DSP0JV2V8NH517EEOMOYEUW6Q OS7FX6H68205T2C1D7XI7NYA PSLOBWT7TSMBNG', 'OT66ODK NWPGUEA8TSWP4W9RC5CHEOP9F3IHNYG1A7X292GK5FVG23U3A0YMM2W8KV1WJ0VS87E6HFQQPFH5YM41RE0PQ L2VEY QHVPERR0952R7RKP6QUT0C59CIN4EP2R4QSN5G2ND1NVW2IGHEUQXCSXM3PWAK15RRWLJP0N8GGYVIBG4ANY199LQNSMTF2K8DYRGSIFKBHNR0FTT 36LYUP 858E7BYJA8KSTOMNLMV2BTD3K7EPBN5VUE');

INSERT INTO CATEGORIA (ID_CATEGORIA, ID_PEDIDO, NOMBRE, DESCRIPCION) VALUES (76, 21, '9RU1 FIV0Q34SJYBCCTBLEQ6K7YV5JQD2G81SFTRGLJPU9 YFFCIGXPW7JXDWYJHO1L704XR4TN6JX39BK96SQLJKY8AY7XNKN870DMK1PUU32NJ54DBFLU4VK0042S7KP1D0C7OOGXNA9A0D3EBM3MVE3EE260V0MDTJCKG5OHK69KCY3PKA49TCKRGKTSQRLREN0U2P9XE4J9V3QRA1RTLRX9SW72NRIYSDP3NB6 UIFWDR 85UQB2AR90XQ1', 'U92 P3SAO870RVEYQ7BBV0BNRNJO5OK4T85CATPS51FY9BEYLJ1IVVI XXYL8026G0B85RLAQ7 06P1NR9R2W3Q 5ELYC9NPP1FBKB1IWEXSORN6DEHD65T8AS86R6BKILP6OY8JGCJMW6RCHAMICBJVOO0BYPK0LGN318TQA8YXWUQT1FUI8VSMO7JVQCNQY5CO8W58UFQVXUUF5F9Y2UTQYRILPI8NPAP FWVEDK3CIWVAH85MBL6I29DF6M9');

INSERT INTO CATEGORIA (ID_CATEGORIA, ID_PEDIDO, NOMBRE, DESCRIPCION) VALUES (66, 88, ' Q6NODYMW VW7UIGMXHI1Q9G08RIKJ5M2MO9B 11ERGBODUI9O4SXU8XFM1EADG5U25LTE55UMM7D75HFQ2447HE1QG9 OORO3R11AHM1Q1MPWHQIV9WP14LMU365BOL90H  MO1JJ5TU7 N7ND0HXYTAHK1E7SVNMUCWSG3AHFN FMSGF6V9 MRFWJ69F1D4TFJOUUTSYU7P0SHO9NBYINBTFXC2TV3VE1IIKDHR70XRAJ2B1WAE2OXXJA9CAI', ' 3304P670G8XB6469NK6CFCLPW3L9KB8FINTIY3WP5YI1Y0OOO9H5V8565D03MAFBFD58MGEVPRK22W68 9MSBQ7S81QG 6U6S2H0FQYI21S29U4WTAWDOHIW0 09BB4XJP127OEMU6LWDRA6LV2LTV7LU0MNGVD1P9SFXEW8GX9GW DMCOXIDMEAS8MVEFFR1KT5M0 L5I5381GI4KSRS12 VAYQ1Y1RQNMMI H1MSMX3ESCIATWUBRCLM09PR');

INSERT INTO CATEGORIA (ID_CATEGORIA, ID_PEDIDO, NOMBRE, DESCRIPCION) VALUES (56, 33, '6 SYORPKH13MEHHIYELF KL8EE0OCF4BVDY N2O3 X48LJ5TVUGKQIQSTCK8SGHACX5X2DEY7MS9PMN76SBVW4J8E664 G2NPCR0QUKK4P4B17DCFSKD07R1SO44IVQCDQAFRBYNT7GP62HBRT2 TJFDRD 8698BPPAIOKN0A7F27WXWDN4VUFPN4VHVN4D5QYK7A0EAUDW0NLNGU8KS457C E7BH5AYVNDJCXPSQOWNW3NHDDA LU4G4OM80L8', 'RK3PBJKK5I89 LWVCQLOC7CX46KK O5NXR F9TR3TWY JAFPTERIUMLKM9XVB4OXMNP2W43R8H5 VHG2H4OJTW6YDXLVWW0WP7NRNMQ5 J91106F 2BQL66HG8MQUOK0X6EJHK2W9DX WTAU0C664XPFGM540JGNT0OA7NL5L7AJSUMFKOTSX3XGO7FKRM1KKPIURPMGKXX3NVSG7T9H1GNH6VL96N77FFXHQA5D1GI6BXH1TEYMRJO85D303VB');

INSERT INTO CATEGORIA (ID_CATEGORIA, ID_PEDIDO, NOMBRE, DESCRIPCION) VALUES (71, 7, 'F3URGK65FVA2DEWT8OQ6MDEXMAYMQ888B34F8WUJ3QUVKSR6UU0629X3CFQC5F38T6B279DF6AXTJEFFNUWJ7U89MO7OXF1SGHQVM3RSCOOPYC6BVL0D5O71LAROAM3LS767512D7HX6HCS9FPBSK5NRRJQTBYHFO1YT4N0UQCFVXMPQKHUDQ1GESLRGJ9LXVXI6DOG6C8TOQFPWJK O87B357XL8C5NS3CGT81G60TMQX3R2XHYYNCMS34TDKY', 'AU EM0UD182KELXACCV0YE9D  PJJD1S9T7D629170VBOU18F4GFH154M9R  R7UFMSC 6  Y D7IPUJYHELF0B I1JCVWYTCXY NA63UPX LKKK9N1ODHA30XQ1N0MOFEGQ2DVMFP7B9MVVJ2ESSHLE5AGDAFGSHOBOOOUU2FM I2YYXK 5U9KHEUJ81GN5QCNOOJ5IW00FBN61TM F NS20243QLGR4RO4C6MA6TYALQV BMDHOFCSB7LRFF2');

INSERT INTO CATEGORIA (ID_CATEGORIA, ID_PEDIDO, NOMBRE, DESCRIPCION) VALUES (24, 32, 'M4L2NDIUTX3QMXXW5BNKQ3ABSSU1AKM7PIXC3Y7FUR2GBQ9ETVHGK1A8I75TBCYMM4TACS7QLPOHL971J61ACPWWVCLQSJ7F MNL6GWY VUOL65XET85E1B4JICWB AF OPQERTUAE0LO9N3 J1TC0KNMUUUGXV0H0F703T72W79CYCLXY84KPD6KF2PJC3QG8XUHDA0P6C8ODEND4NIICEHP58E13U4LPMU G44X5HC8DWAECJ95KLHMDITSHW', 'PUK20N23DF1ON0U2300H47HH37G4KFSGX274I7HNXBGNM05GFR2A7YWJAFDY8EMMNLFGOSPBGHB2USC757LPLXNMPCN SKQSDSQ1YSHX8P9NK89H8ED6GX2RM70NN1P92HYU2T73T02TWPRCL2W 1KACV8IF5QUVY9FQYM6MYL4PHA O325UAF3PBEX69MF4B7AVCFBBB1GTTKNES51BF04C0N2KC77 JUB18M62IU3KTS1MXLIMNQ9BJP1CXAD');

INSERT INTO CATEGORIA (ID_CATEGORIA, ID_PEDIDO, NOMBRE, DESCRIPCION) VALUES (15, 58, 'LX61I58AT5QUUEQLLK0V1SPC HJW PHGKXBBQ2DE12H5899L90NF4G6VS0HC620BIKF30CEVS6WP 7KKAJGIDC9EH47UAULT6LRVJTB4WPOWVG6U8C0AR7R2X BBPFX8SSA02B3KHSGLEG9WJWAJ20MBESMTONJ5CWT88U0Y53K6CSLUHXU7DM0 AAIY8KS0F0S2TS2M7CDM7EMN2GL74H63JD36V6L6KMOUHUY8R3SXLL L6D8Q0KSHJ08CWOY', 'EGGFI1P81OGIS0PUCFDGHWK89BXP3HD1HHGJKMA3KMF4EHNQUTE3UAS4UF2CSNCRPE76JOQI1O7HWO58KLWJLDOY00FWK2XQEHJ7LN704E4MB5LM5WYCI41 N9RAB9PDSOX 2V  LNVGA2DI5V8ORU8UMK21J4OJXQ1AE64RQNC27SM7NYBEQSEQUND NN7JR5YEC07L 35XISBR144057AXS26DMMBYY6BWSAQDFUBM GHCFUST4VEVXE1XTX1');

INSERT INTO CATEGORIA (ID_CATEGORIA, ID_PEDIDO, NOMBRE, DESCRIPCION) VALUES (52, 54, 'I3WC7SXVRTSWW016KUFTPWP0OMA9VTXC 2JY6YP79X2E5DTULUL8PMK5H4TM5383FYPUWV0ELLUGOQY36OD6062YEKIMNUF10GMBMWEYHA87A35HKVG7 KIURDXSI9082N6S17LSRQW9J7TWB7WGDI4FO7DOJNCOI31C73XVWXS4V1K IR5CXCYQ4R3OK 96YE2D497YHG06QSFUX1M5E1L3P9RPD1P6VT G0H IBKKGQR C1C0W47HLOBWE7FA', 'OX4E0YK8R 5 FQNAXMQBSGKSSCUFMN002HRN1BXDKQK332HV5SKNM30QRKFX5FMO5P86GRM8KPCMV7JFD7L0LXMLS  7P9O1A7NB0QY A8HG4FMB9RWTVHW9B9B 9UN 6GRCSYS7Q2K0T33JI8MQ14TWW9GMT1U3NB4M22458T38U5C62JW16A CI2J0O H40RYM5 QQ8AHT8K 9XPB8HO SRV0UG7FJHCO89UKP79TH4NLEBJ6D4T8EKJSIUN7');

INSERT INTO CATEGORIA (ID_CATEGORIA, ID_PEDIDO, NOMBRE, DESCRIPCION) VALUES (55, 39, '9YJKC49VITLFM1P74IN8D0CM4QJSN8PJQW WTYDY8U7X4MB75FFBP108SEWNU80NCY7T3UDUKQ1JY98I4ND8 TYJ6BF18SFH B6OEYU7UM BPY2YKIA2RKUD2IFNXYGKYCEK0K06SIIDWOAPXTAQGB26BIWIL29DRUUY1QC6U82U9ULYRUM8M1TM6XTLR F6LWKABL4JC05WWKW3FQR8TM86MY1PBV5FG9LVXTBODH8F05QSJY6JWLQJJYJ9LYU', '0QQ9UNUHSB6LAVQ6AMNCMX9A1LCLIC43K7YYG09M6S JEVJ5FFDEKTQNWB77STRNL7QC26IWXXGPV12  P9GCOF77 2QMG0C6VHFMWCIMG6P34BM0OO6IQEHRBDVH5MGFKBEF29YNN220U R4DU6SDGDMB5G3AWRIODWCFVA0A65T1J58I02LGSSQS0I A645UCBD6TT8I 85DESWQK 2QW6QXPISDJYT1EB3IPJLST53YDPJA9GWKDRC3LG7Q8');

INSERT INTO CATEGORIA (ID_CATEGORIA, ID_PEDIDO, NOMBRE, DESCRIPCION) VALUES (26, 39, '5SLNGUUS1SFNQ4JRI7SC7NTTNRLMQ6CWX9JVS60SXMKB31 1WHYKJ4XSL2EOLBL31CYMEA1DK4CXWPIPW88SM18LFOH75074V5C6LVS9TEMTPWSGG4S96SYJTKU 73CF751N8YD1Q1CFT3281JH2YM4MMRANHW7BFGXI9Q76WCTQL6DKSI6H1ORODR9X842XHN08CR82 P16U820G7OMAML5HSX0BDKQ0AOG0DN9T EC4DDG82KBDFHH2OND0QI', '6290E90L2E0HHKYGKWHJBT5N97D9WY8G9B0Y3HKP2HIK9909XRV0IXJUOSE2Y7 2KCOASX1PUCNSIYNBNMJTV7 C3MY2HYOPIGK7CJRXYWM86UMXQM0AAE3I1EUU7ASBWV19GEJTOYUE5OGJOAETN7S43W54 4J7HX 7CUPIV 9OHTEWQR68FV48THKNERKBFTFTDX6LAQRYMJFFHBVSM98SO70E04B53EAW09108F9AVOJO8YF4XT8EI9G85XK');

INSERT INTO CATEGORIA (ID_CATEGORIA, ID_PEDIDO, NOMBRE, DESCRIPCION) VALUES (78, 71, 'AD2CNLA7OUNQ SW8CHV0RV1LL9Q0C0FVBQATB2MEXR207NWWH1LDN9VR4K9Y9NOEXUTI0NTO9JXCITE8Q8R78R2M B3I0RMPPEHM43EQU4DLP D0G3OXJIYL3QP4U2Y646W6RVR8JL5JFI19KWWAJ YNSUFH2PM5AGD2XCMXMRS3KCWFAQXJETXUXFY5MPELPN8QA23GAKCGAJYALVQ6 E8SO81TB05L90OY5WYPAFK4HQGOWSDX6S1R8O802DJ', 'GH0 886RV6NQVQWJMIW5O7HM9HD8E3F0IUMPCBEOH64LX1TW6EL4BA9VMD6P074 0K8NRHNU5R5B95IDB4YTQ MIOMXCNCW5MHUL6IQTKOHH8T6LHC38IEUMA0YMI1FWCKBJ07L4TYT8HDBGXBQ2UDFGA1XH 29ALR50MEHJTN92I001UQCT5L4HO2N5HP88YIKQVE7T71FPXP22CIDH5FSEMT WSPN0QK1AF0SLYPQPYH3IJ0I1S7CGI81 W5J');

INSERT INTO CATEGORIA (ID_CATEGORIA, ID_PEDIDO, NOMBRE, DESCRIPCION) VALUES (79, 32, '5UREJ7TP5MGBRL4GJ3H2G1G8DM95CGG3M4AYL4OH6WOFRQM595QJX4WUY6OJWRFUSH E85TY7UMW1MY3IF2EECOOGTH IWW9OBFUDQWPHMDEIV93EYEIJCNO4NSG7DXJ7X73LDT5P9 1 IP8F8PT UC3C37TQ1W5EPKJMIUQL6ARQ644346344WC0FATLFF0NGK1V4USMI739MT93R2H05R39GY3QAFGT5IT7ECCQE777LHI58T7LDN49W2NV1P', '6K12AN57WC3FY573EWQNLS9XS5MECL10I4YK43OXXEMYNVFQGSC5HS0IA1TMS92K83LBM8R8HK1 K5LJNKJ 147 BP5Q1MGGEKM7AUV8QWA8EW8KC80P UCP3RKGL4LU3C4JFL5ERH1MYH9IVMOXXWQKWQKL19K28OCURRNMB3 8RMDDWUKMGMJTF2MO1430CM9BM7OT7ENKAW DVVXOQW9G6JJ6TGCAHMQGDXCPQBJSM45PB9IYH5GH2MRDR4W');

INSERT INTO CATEGORIA (ID_CATEGORIA, ID_PEDIDO, NOMBRE, DESCRIPCION) VALUES (99, 46, 'T63VLX2EN VG1I KN323EE1A1IH8KS4A4TPCKB3HCWP2IBGL VXJ5FIRR31199CBUMFPSEGVP7LOH6SLKF32OD3Y12UP64DK UK0YYWAVG MBUJAP 0J8KQ5S7LYV2BTOTSU2WT7T7892AA19KQFJ29XULIGH1EH5BTU4DKM1707L1VPD7O6GCAH8E5QH3Y4VYE 4LXF3Q15CLXA6GAPUF2SR59MB98CEW1QMK8X33M9VH2FXIESWNV1PLHQVL6', 'A6UKNIHONW0DQA2FH5REB7AXLSGHG95Y K0FM6XIM3PWGAFLPCNQXTMWB8JJOBO13WII7AUU4F5349TTGTQBK10HMCENVP2NX36A2MA7YFKBR8C9STCKBQ8E4JIRBG4A057OIXLPQH6RG1HRF 48WKPAL1OSE4RXBU KS9L0QR5NOXK3OOQN U8KP9X3TS44H7MR5VB00Q59K04E09W4H152H166I8TXSAXC32TH932TLLBD7P1DS5EFSNKX6X ');

INSERT INTO CATEGORIA (ID_CATEGORIA, ID_PEDIDO, NOMBRE, DESCRIPCION) VALUES (87, 76, 'RE6VFQNGQSYKN9AVJ M6CNDBOHXFRJ1588QRUEKKKT5RSDM0I F2P3YR2TL5D9B36SJ9P2AVCRFCHLG1E O9DAK7U3N17SRGJ0Y3KBYRIM31B4F0C8FBWAI8J7EJ6QJ0 QGHA4S83PNNO7TRL8RWY2TCHN6CLX01E77SO3PCV53XU7LJB1M98T9IJHW8UWI4RI08HIM0D7QUM GVU8CG09RM28L46LERR 3Y6CR35DWV518T1FKGG17W1HLDI66', 'MTTQX1BOOAOD3HMNWPHJB5WKUT 2YVWST7GV9E2RE84C VN8O5GSMD T XWLDBA8F53OEG87HKXVE0RC5G19KVLR3TU1G92I4YNWBNM9M3VEWXTJYBFN4JVBEJTBEFV2BN1W229W3LAQSYBPCYJJIA7LLBM2VVPJXEP3W53NJC4KSE1H5W4M9RP5I8WQ9Y22WH8AXAO8O2YUOO5GNQP34A436XY1CESA2X7NM6C9052BIORE7RWG 0KH66T2QKK');

INSERT INTO CATEGORIA (ID_CATEGORIA, ID_PEDIDO, NOMBRE, DESCRIPCION) VALUES (44, 58, 'WQ0XJDE2EOX0YTO4I75IS5JWDW3O4OSJ5H4JYWPY1VB6XMWX110GU9M150G32BSIMR93VMJKQ 60KYD9KKKDQ4189TVRLTGUPDPLUT6UNT3WG3 HOBMLSEAGFXAQ3ERM 91X4CXE5MLA WBQ3AUJOJY0NJA63LKI4PAAMFW6 AGT SNNUJGSK2HA6I6RV CR6N2U6KRHDNQOGIT8O0TQXRPQKVW2TVCD7F84IPWFBPCU57X45TSRC5NTC1GUUQS', 'MFL056LK9IXPKO205OMFP9PN01HKR8F4GXATYSFOVFD6N5 KBJRPB1H2V0S048J1VDPPCIA037Y7FG45J3Q0XL8G5EWG8MCD3G5TK9N58V0VUHT58TKKJMF 5QX1AEI4M2BDT45NDSOS9K2UB9Y5AJYCNSW4RUNOW9XWN8 JH4419MIFK0HHOOKTNMGN7PTD61W8CD15KYJN9TBLFJRI96S7SAQA8J4BI4UUBIJ2PA3YNX8AGD30VYVYE3DIQNC');

INSERT INTO CATEGORIA (ID_CATEGORIA, ID_PEDIDO, NOMBRE, DESCRIPCION) VALUES (92, 30, '2YL23KXYFB0MG97V4SY4BEYFH14UE0VN 40PMWTSQSKLGOLHJVY7LI4BVVTHA3D89S5EQ7O YWG7HDC ONN3 LQCVUNFYA2T43X1VGWAHJU9QSUG7J65KPC5W2MQ6BJ3WBHQNYKPV6VTALLQ6D SB7OLKEDITDLUXSM99A774PFJO3LUI72MYHXW79HOTKLQTBY4PL9Q0 GUDIHOJHAOUSRT3RTTOFHJLAIV9E46M6Q595WGQSIY7EQEGPAXX7Y', 'IPLYBT68UV0E4SI763KV8VODU65SWBYTP3TISYD1555CD26VO44WH74EXS7SUSK3ECCLLFX ADREHB4E44SVAI0T2F0T8E8BVK3RABOI3O0NMYL365Q70SGUMOF8V6OW4 1B57FO2D3H4DQ55VUN8U9BKE9 OKNCLQ2WM2V89DPU7O3KJ5K3TR125S53 2SVSU K7Q QKEJ87D7WM6RSM12S93 OX4T0MSNJ3B9CS 6LW1PXLFRHE0V20IUFFCN');

INSERT INTO CATEGORIA (ID_CATEGORIA, ID_PEDIDO, NOMBRE, DESCRIPCION) VALUES (6, 68, '1O37NQXQNBG RUARAU3FS25WCOCP06W3L4L5FQ8TWG1UVXDWQMSW5CBSVFUAG5AETTJBQQQ935RQQH3T43EGEUL2SO72KIO4HDO68ONCX 4DDNHXID6XGBSJJD4Y4S6SU1RWNJ3IR06TXB9YEYBF1IQ0W3V6JAIH2VK0BHPDG9BAH824P1QY82NQIMHO46DLALQ V7JRC9YKVSJV M0E9XQ M1BX9TA9QG195V4PPHCPS35304IFKUQKT73ESQ8', 'DPOC18FF9H 30DXR0 65R4YM3O9EQQSEABG GKDQ4BN30KX5BI2JA JONQ742E046OVPNMNWGX8HT9UHRKUYJOJ3T36YM MWOFOEWTB6NNKF3A736CLP4KQCYS3G1JLYFSGGUI7DUGMRCYQ0AOB6K56XHCC4IM8D8CE0RL6PB172 1AW8Y2RG3DUWTNNNB3IHXEG37WTKQ04HGCC55NWNWS44BAGDCPQG1O8N SU0OSTJ2T JR3RMCUU4KWS65E');

INSERT INTO CATEGORIA (ID_CATEGORIA, ID_PEDIDO, NOMBRE, DESCRIPCION) VALUES (47, 31, 'K3U0DYQU1TSM6CDLWHTMQNGBGLS16DKCVB 369AMY7P1OY0GIWHG13QJHFK99AIFCV2HQF4V4WDRJO1UO5T1RJLQPK0OGT1MSCEUT1823NBYPRW8XOF7OJNKFT UQLE1CN585JF0B 6LAFEL7YYL7OHB304VDNHI5HHFTYJQUCJ6UF3F7HDS7DC6WW78U16IUB69U3EJ2WO4LR QRCGO9Y6UL6PRDGJ82G15G8BHFC14JW2977RKLA1BKT5MF3F', '0EMKL3 8AFODG8HRQMFWRECM1EWWNV TAEVAWM7QAB8U969MIJMPQ32SABJ2 EBWXVCR6TS6I7QBDHF CMOYIPVUIVHARXTM6IMWKVVPSCC23FKYA2OFOIJO1N7WO9X5F43WU RXJ6FVXKQQX7LNLF4DOT6SWJHOK13CWMCAVQLEO958CWL9RIMDMX1KYBAHDVS7LL4IQ0EKT4U2G9OM KIU4L  QV KOS8G XB6E54XFFCA5E U4O3BB3TYLT9');

INSERT INTO CATEGORIA (ID_CATEGORIA, ID_PEDIDO, NOMBRE, DESCRIPCION) VALUES (27, 27, 'XBA AYQNCV5Q8BVYCVV0BLXNYL3VG6OYD512RD34HI6CHBAQAPVV4AICLVQK0ER V93SAL8UTNPW40MB3OS EPSUDNX4SAXI4CXI9V75BFLITBR3YNEJASVFJ5L3B3I1Q2387P 9C4C0XYJJHOFFQVP7YGE7X9D7R0NQFNXPYWRMBA2IGHSI7HNE4IA2PMOMMRKF1H9SUSN04XDO2QG0BYK5AHPLPD7V9CAFF54055LQVU4FSBPYEVUSLQV2UVJ', 'PG WUU67BCE7WUHX15L8BQPID89HJMPON9FQFJ3T65Q9AOVRFJ8WFO4DWBF176PNST5TEJRLSQFRKL3 PVH7XKMM4UGWGF8H6MQPV4ROG0CX9WV731C6R0H61BX2ITVPWQNOP52P46OUB1YAX5XTB009DWO6CPGNJBTI3WLSCQIUYX4DB8Q26DC 732OWDM72X18 8IAIGJ10G372W9I3NQ8FF75VVYM96S74KHY97FDB1QXV8 L G0RXBWBL63');

INSERT INTO CATEGORIA (ID_CATEGORIA, ID_PEDIDO, NOMBRE, DESCRIPCION) VALUES (70, 15, 'FL7LK2TFJT0OIBB0 TCVLWQGUI 779PY16Q3L303L302JHQTG71IL1S5P7LU VDY2FG2R2I1TBNRRAPMTNR8VMBYTWKJ1B7AY R6132M7TEML1R5HABVLKL0IWSO6D81I5DD1SOLD6TAV7KE3PVXINJGQ8GO8Q3OGH5OG4QAILX23CFPJU 6XJOG2Y 6KQSO8PAMMM2 V94LPVB6LWVCQY5PG2VKWEG4KFSU306F6K0UBNQ GUGH5A635OE9YMH', '90WASUPM74DK3N2PDY 7I244NOVALK85L3HE6CHCTGQ0N7MQK3NUBAY4K0XUWTBJPWV4BIISKHPAUEC4Y72C3Y0DBJJIYLO08VBFXBL69RY03CECUJ0GY484DJWJVLNOMMFQ UAM89QSUANUW1DWWE8FYIXQ3HSL6TF37M5QUJHY4GTQ3A5FVDLKUDQFUBYEA695CISAN1GDTTT L5BPOXLW8YLLBLEIQSA1C8FUUF8W6441F1LRDRJNN7E77TW');

INSERT INTO CATEGORIA (ID_CATEGORIA, ID_PEDIDO, NOMBRE, DESCRIPCION) VALUES (20, 48, '3LY7UFEVB6DH9FA65H5WH2679NBL09AC4SJ1EUMAL3PFF1GUYQCU0SP8GDKMT6RN4LRSUNCHO1JDOAM0IPRQ8WGVX 6S43631QUDKWRSOXCOK4F3VWV5HNV 9V9Y9KPF DV8EDU2D7C4KV5K7LM59N0T9BHV CKORR8KOBXXXYRWRY00G79HTN3KSQ RHD3GKWX8 8 R39N5ON1HA5XJNQ8N2VYV9OAU81RRQ1K7BE1TURKKL7XEGR D9SRNRFY', '5XAA8TJYFC1LYA4IUV5I SMQ 5UFNW5SL5W7VJFILO60KE8TO4DQ5TWXAIV1PVOI VHVCVFTX27P4RLM4JLXJKK3I64I23KYX1KTBSHBFO9EEB6D35TB5X35X7VI8KOW9VYOT9AY03XWEKPA1NPUU90GQC0IYOYWCGON 2G46XW FR812 RWKMNMHP6AUB7KI1T3B302XSP3AH4QGUK3H2VH6WU24WQ4ESMNHOQCHPRR0ESJPI9LFM30JWDTRA8');

INSERT INTO CATEGORIA (ID_CATEGORIA, ID_PEDIDO, NOMBRE, DESCRIPCION) VALUES (57, 70, '33HYOVI17IHJG0J7OADLMKSB5A5MWIXA695RKUM58HRC1 RGF348UHU6C78KRLILQ3HYXUOV7YECB2E AILYVIS6SLUYXSH I77VV6BQ7723YM77TLPFK5KB66YWMGEMIT5I3IDDFJYPPVI6750VVK6H1Q1M5AYU3OI2JDPE16VA4QC6VYVL3B NWSBDGNMUA7ISS7SIQR60CDHNHS30Q IIQQ5E92OX2JC9OUXXVU526AY4 ASCIFYPKN9Y13N', '320S438UBST0SAT0DLB20ARNBXJQS 3SN84S4Q7IS8KV 9TMISD4X1X9DVM79CFX36H7LT2BJGAIFO2FQNFH 0QVDTPRY636A8YRFD31Q6DO67B6LPLY 7 2F6U33UO4Y0I90X9U5OPOFXPDT3V18AN44WM638GSDHSS19IIOP4U6IAMD  1MYEREIVJQSIWM5ULJX9KN12TPEHR4F4 I0TCPY132BR7NQ5DB8Y985MM8J SFQ0CEJM2EQQ6XI9');

INSERT INTO CATEGORIA (ID_CATEGORIA, ID_PEDIDO, NOMBRE, DESCRIPCION) VALUES (22, 86, 'IUO 64C2523DEYYPI0LEV8FWFGIFEMD18EQEGUCBAJBBVHSBEFDJ0DSW43C9XB2BIN7VXQI 3ORNGRHBX6FT9NYN9K3HM9ART8NSQWPKS4TDVKOAHGD3M1CSTR6D8EAJS8 0GOFI6M6RAV6NU OAJVLPY9VJ0SXX1TLAO3R8O6FO3T70B6B4PV8FFSEHWM66YDUAPX KEJ73RTOV1QQ6O2EL1H1DU15D IAJEPY2QWUCRXYB767YITS0YOV0FC0', 'DBY6Q13TSRHOG2L38DHPTQKCV36JPEJ54K9VMTGGWB7I4V0 RSBDGI5LDED1D3LA866XBR209GU1I MDTB64G23X8SX1QPB4R7WU8NNTJ2485B7U2INAJLEHKSFYF W5B0G2J90H6561HB IW5S7679TT8E9C43YVC5OANWLV1Y8KOX86JGUOI2XXDDX XES8JGPDHPKNI6IU00XQOEKLR A4GIJ 5N80C14C000JCS 6VLFMRVOH8N8N0I6KXI');

INSERT INTO CATEGORIA (ID_CATEGORIA, ID_PEDIDO, NOMBRE, DESCRIPCION) VALUES (84, 90, '5BO0DPY9U A7X5 LBEM P0J6BAK3DJOOUCVAP60PHQTXDG3DGVT11YGTNF7DXPJK2NP6Q6B2TI964EH8NJ5IIGXVBB24CNEHCBCRI44AAGD5SSBGGWGO9H8L86RJWJ0GAWLGQSJEDEF44ENV93C4NM3R2MFENCO4TXN6T5B2RBDQOGV297S3Q60SSL6XTJH5OT8K31SAC7D8H6ADM1OYRA7SM0MXJ024X8WB6BG9OIKMGUVWBUNXVXPH9WE8M5F', '9Y9P15SNMQYRMR8OHFM9URRWY6V058PO11MAIVH6QL4V5N LG O8SPQC611C 0PXKFQ4DX38SCDQW5A YRU3H4YF7G8HB23F0LS Q9YS092N 9COR A6QOFU2D4S CY4R1V1RF42YLWHP0B7EW N0BIPUI01DHK9T6C11MI4279Q00EPK011VWMM2Y46GDRN44APFEAG7W855UH79EFTD  GD9 BJEQM2U443YEN8KNOW5ERW7 1WYYD IU5DCK');

INSERT INTO CATEGORIA (ID_CATEGORIA, ID_PEDIDO, NOMBRE, DESCRIPCION) VALUES (60, 73, '201D7R930 XE61K4EBUGFUKROU3EEQX0V0UL123H16PEQUINIX8 FG7CN7LDXPAAKN6O1WSYG764FYWCRLU2MMHW3MBNV9ICYF7R5FK1ERTFKXRTY8KL64WMBEIGOUCXHO 70XV6A84FOWTQWPV5NONHA6WPK7WVG8G9U9LCY139CBGIR7UNQI6XNYT0F27 3OGMDFG9XNJY6ISTY0DPVNI99F3FA13I2MK8ANM38KGHHI3B XKBNA20UK616MT', 'FU14HHWN7UK57Y6RRNC0O5XYWLP59MW0WMTOXQSCUWRTRRB 1TXHFJFLPECMQDIUL7QYP5BQ3H2K89 Q8PE 1545HPGFO2OA9VP4D3FP0U9EENWLEKWJB0MRUUPQ 1CG 11UB68D8EHH8QORRRANF89LQSDV0IVCT5H2DMNUIIS8XSAV6ORT5AQVID33WLAXXVNJVYBKAAP1GD5M5JMBU745X CC354Q1O4CEM5KD4MCBQ5LBOJ0593O81RYE35');

INSERT INTO CATEGORIA (ID_CATEGORIA, ID_PEDIDO, NOMBRE, DESCRIPCION) VALUES (75, 3, 'UJI CB00385FJXFL4Y5KN2D9RXTMG2K24E9TS200OJUW2LM1P6V8H7KPBW4XRXT4544TXJT1NXIK04 E318U6E0QUFXPAQWIEG5S9 6VHBPAK6RXJ79XWN10IIAHGNJ16IMQ7UMSPJVCOK0ULE8TO7CKJKPPUD1JNBVJF84U9KARVC0J1HU05UHI7F8VOIGLAKOODPCG5JVC76YWTTS8VHNPJ9TVS3H9MY02Y7YG09BDYFF2NCPCBCAP6N RWF7', 'R2QL8VR58LF7BVO5F5HWV6M6MFDWDXEA3RTRWWJN143FLLCDRNEOJPBKKKWT7VJB7MALFAGNXP6KYVLWXKP87LMGX0FQ8CKRXTOY4FQEEA17I4PK09DNII153MHNDH7P7QQ96FTSE4GRA2UR9V3Q74XYFFCXX 9 7E0FS7MDLVGCQXM6 1WT5RVQIR07WE5TRKFEFB8 1V  VU6U2AJU6C1FN7ESRH47ML47C0XDESAS1YMGRUOHT98YC L1FD5');

INSERT INTO CATEGORIA (ID_CATEGORIA, ID_PEDIDO, NOMBRE, DESCRIPCION) VALUES (72, 92, '7HGFR045HDVOMMKF82YW7UWB6LRF68 LLYBG6UBOOIE 8LJ730DQXL7DBSVQN1QSK6EILPTSJPICQKD5VO0531A9A5D0JM69K07P9M2GJ7A3WQ77CUJVHNB5EIAKQCTKBDQS324YLOE39U3IHDGX4BFH4QPSAHV5C6AETANUJGQML4I46JK6F9SWAS5I7Y26BXOGL64ALPRCY47C3RB6U1QMD6NBET6Q62T7WNPMRVEPJEM94OIC0 IOA28LSDQ', '64993MULSFNMP4WWM40V4597IE9VK1YBBSLCW5DCYAG8DXVKR7Q4N4PKHA5R3GCK213VS4R2XGY5VV8Y5E1KXFNCT 4F2B 9C3TO8YMLRC4YOM7OY75BE5WI31207I5VXOOAPB9BE3QR1WU68MCDQW8MFPI646M4TN3T6X2N9VQ1H1UHO2SWLKD4BRV54U768L1ABJV5G2J 09VRWFYG4L8KOQCTS703D084DOI5E39V4ESJJN21QPJQ572GMI7');

INSERT INTO CATEGORIA (ID_CATEGORIA, ID_PEDIDO, NOMBRE, DESCRIPCION) VALUES (19, 31, 'ORCC5LH9 PPHK8VBGOXA36NF546T2 DB0MGNOHFENKJ288IU5URIH4JVUXVD7XOM28IM 2NE0HO9U4OSLDJXXIS64CGE6EF6F0WKHVMG830NAOGKUR9NB8J35JKRDYU2A90CD9ET06TSLQFOH45I5XWL9HDEHBRI94ENWTWEOLOQWS2Q6D 8S4WUJPDT9JFP5SI1TRSKO13NF7B971QAA9BWQ82B0XWRKGM21XJCC9B4E7U1BRRHDIC0JA9OUHM', 'GLN017RCQJD553C8UD6I EVWF6K M4 YBSVV8 P9EL1ANG22X2NMPDJRNJQC4K8CN077B91LD7V XHCCW2T63BVCYYKEMYFVDN1PDKQ0MMC3KUN0G9B LVX2YTMD6YE9O 8QKYT49MY08BW66G9CWX9TLU6TGYHVK2SXEBGL0GOWOJ8I40U7TJXODNJTNHLU8MUJV90628VAS72RB13N 4PPCJH AD3K4XG4DBETLTFNTPP8V7NQSPW6R443IM5');

INSERT INTO CATEGORIA (ID_CATEGORIA, ID_PEDIDO, NOMBRE, DESCRIPCION) VALUES (23, 32, '1D Q6HWLISNC2YTB5C829XES32O214G5S0KN557BG 1TC1PL8OCR70OOU3PQQTCY6EC0BQUFU904DP4BAD2G0NFF3M80IFY4 M1SR7K8BVUPLRGSDB4F6UKI802U8P2CKA1FWT6PH5UEM TDHUHLY4L OF7OCOSR8XRBV7KUM6L8AH5WB6KYC4XL3CV80GBFV80YLMETA5S938FJ0YE5AT3H8Y MYJCR7GHOOD0186BJ2P4HXYR920IRI86NWQB', 'ILG9OB5S5WN2QT5QM5Q4GB0M7UB04BAOHVIYRMQH0 Y607LIDMIMFGMEH2PNEIGTF5NSG9BA64FGLYOX F47UQL74F7LTH7H14YI7HNACWD09P116RQE2J4TI5BGV7JISMWWDIMS4WR7NK0GHE6TIOSXNCN B985G785T8KGO W5DN985DBJMHI7W3YL30SLQV5WTMB8TUWI46L8N7KPPDLEIGG3H1XM84LJMGLO3ESUA7QP82B30NAV354CKHO');

INSERT INTO CATEGORIA (ID_CATEGORIA, ID_PEDIDO, NOMBRE, DESCRIPCION) VALUES (77, 0, '1 Q3J1RJVD4RI4BCVJ61J72J4R3L2YDUJRJFFV9M 7K184 P5I0JAJ44TWG1PCVNHKLFK6H2HOA87N6E8B32C7YHCO73RGPKSGNOFHQG J1PM1VHC2L1HDQFM3FHB131SPSEX82AH1GKQA7 GNB40O5NHUVIUAW3PPGIWF47MGVGSI73O8G5YB55212C6CGA8AXF7HCBVKD088GMUOPCFUTUEAKSG984BPSHC0 JN8OBJCYBL0OFMVD7HTGMBFP', '30C4586IVBYPRLWSX0PFJVY27CB5 TBE0QLTQLTLUK3TY0XQLSP8F7VW U3UPAB8MFXP6HGIM3XKRK5AQITL2WMEQM114J17EYYXIK120M6H W5DCT4E8OF71QFHBADQS5OWGSHKY H8 3O75YX3XMSKTTODMYFWPXUXKW12TJ4ERS WFDL8HGQ Q5V879WGH060RX590BGEANESTNKESCBD0EG72951BN YR9ED31S0TE6VHBMYWBNCUY8LYCK');

INSERT INTO CATEGORIA (ID_CATEGORIA, ID_PEDIDO, NOMBRE, DESCRIPCION) VALUES (98, 90, '4J1RDOK3UGW3TMT2KPD R8YR09JUT16EM7U2WDTMWTP9ARA0GCQVMW4OIXNLT4URYVHV TE5MEQXQAR3SOK7OMU7NBE2UWY2 G84JRTVFTKM4GKTJ0OPQ44W9TTURQKH1QE6JDMSSD1XKLWPVQF38L7V0I07L3T8F PN54VKV19BNWPJM20SIJC7A83542KJIRI5Q9MP 0XT7J2P3308X1LRAAPGQ08P0KXFF5XRIQ43HIGPHB9NCG8UIWIK54A', '6XOYA 1DKAOHA0X6H0FQJVXQHFFI14NFXPDW89SXANSDC2TE3VGRMP QMU7ALFJ4D801K4ISEOYTOVG07B5X4NQWVJHA8WEHN9UICM7YY0KAWYT5J2NACOUBWFJS265QP7IOLCC13L12S5JMA1VGLMAB1XXLU2WTF36BQPH6P2NX7242DT2I8T8JGCK83LFA6HJCSRYWCCAS6KVD2OCV0AFTJ0P0Y8 14AC0MVGYDJMEDW6YXTQ4BJD8VNPLIWH');

INSERT INTO CATEGORIA (ID_CATEGORIA, ID_PEDIDO, NOMBRE, DESCRIPCION) VALUES (68, 60, 'MV06YFIEKONIXWJKMGD052QYF71SR5MCSCV67 LIU4QD6936VW0G4L9KES0DCXVTDCT6AXNA7RAXNOON1WOKM1AV5TBVWJ 0GLJP5U RYIPL8N3PSC7IESX1W9M0EMANWDVTR20XRROO8FURTH9 SQEXC TQTID9XDXYVW7LX5FN1JP P3UG786US1B9 YU0S0LH1DG7H461V67ADUMTPSABBIPGOHTX8BKBWXCGXY0WF61G6U V1IB782RPWGY', '4WJI5SMCBL1UY24TMGU7BX4I0GY0H 4F5B2G VFVCJB9 9UHC3 HSD1GCUH2Y9A1UMN44M3M 1F1UC GQ6JLQM8ME90HUNX8OYPC9WFWS91VF6OJ22AADR F2DGDUPX5QVP01WF6SU3LA 5N3EYY0XPU5NUSDGPC9YPJ4SNOYNV T0M8L5U8VKS6HDYCH6C9ARU4C2045ARBG8GTI68TF HHVPHII3MQDKP67IBF8YGIXCUKI6HIA5C1CSCAQHK');

INSERT INTO CATEGORIA (ID_CATEGORIA, ID_PEDIDO, NOMBRE, DESCRIPCION) VALUES (4, 78, 'SDHIHYDOTQLJWYY II7C5K3CE9HTR0 WTSAXKJX0997F5JBY93E79VS68M R7VIB8LWTCIOFNBOGXFDLOITGBUFJIUKU9XV3P9X9S17Q88 TD43 UW42BRIWV7RQHL96ODOV6RXFF IJNKYGO7HUEIM4I9977LUMG0D6WVFH45FN6CJS8OR4F461J9F0UWJA5BB5K 859X4163MKYG2H4 W 6TO14M5G0O3E4ERXVVF0TTLI82TY8PJ80Y10 1U', 'XPSMW5G1AJADUKIVG2KGYM9AYYHJDNUTN2665B4OV5YSPNVB856OOP7OKXS7E35MQQ83G4NHF8LCJ8Y4YQ9BN9RPRQRSUIK87WOOSHPR3BMNCR1JHOJ C6HN2GF06R7L2GK289LLEWT1E67KJV8YF6M9R17Q3FQB6N8VRFINMYJ3GAA9PLYX74L4B8YW5BP5U73YT 49M1WCBBFMP4WEIBJBCR0T5QR47Q0AKSLALIIN4TCRY8WN7SKP39E6ASO');

INSERT INTO CATEGORIA (ID_CATEGORIA, ID_PEDIDO, NOMBRE, DESCRIPCION) VALUES (93, 23, 'XA2OW37SX9531KVAQ2YY9ICRHUXJRMJ70O4RRXJAYVRHM6TY9KNP9T5UOJ88QJHSF5XKDCTU3TUDIC DX22OB4R4YPKVOK1XU680UGE87QHY5YJ4CHO1C8WR6X6D BTFCJFOEHW9HXYASIP2L76STVP9IFAEODIXXFL8LR965BNLTIGOSSDF0BS40DVTL562GBPH1XG3I2WD3CE7X4VRLIMJIO5EV96T0JWXLOIBX4TUVPN9IN71M7GPOJWK90M', '0SR C6M QC1O95JONGNEECY8AF8XRFA0AR4AADL4 VI164 01992U7OWR 0YC1K4DDJD1Q6W4W1TCIINU093JV5BW K4K2 OL4POB1MK6HEHR8M705IS1MKIW3P8G7RWA9C FC2R GUM6LHJSCY0FG4EE1BKWQP5SD7KCMVNHBP DKNBFJ7DM26IB5ARHOBDXNQTHYC30M92 5O 8A MXR7ER8U29R7M918FXF675XL1TSP4H G434YT7ISLIU7');

INSERT INTO CATEGORIA (ID_CATEGORIA, ID_PEDIDO, NOMBRE, DESCRIPCION) VALUES (45, 56, '1AB45 LXVSSKFNLEY4AJNQV0A6GV10DG7D2SASH2S6MLXSKVHA09TRN3OUJF44SMBE999ICJ186TIHQU 2B2SB1LHMBY808CBWC5WEN2 VT99TL 64W6RSFRR13A3DDH8JNJI3NQWPCIAC967W89H8IR 5SWW2MNQ URO7JFTLUC2UFR8P6FXDDXOLLJ7NW5MKN5JPIYLL05WNUWXT19E9MHFCH7AVTT0G 8K5CVI8JGGCQOEETIQMKVECA8SSO', 'WGF1LE310XJ14TY3LA44WBCINS43PA6MS2 SA6MRCUSXAV7CJJJ84NWFLUD86JBW8RD1OMTV77BVGT7R21U2FXQ2A4TXB7P84YPOIECJWBYQ6HNQYQCJURROTC U7H5ICDLL57 G 73 EVEO3GUMYEVB KYHYF TRV2T9 SCMTF0PLQS AX3OIUKJUPU6 C56TL9F64S76SN0GU6MAIP2IF72T9OMAU 3 1E40AP8SEAHEUO4I08FB427TCJ3UD');

INSERT INTO CATEGORIA (ID_CATEGORIA, ID_PEDIDO, NOMBRE, DESCRIPCION) VALUES (50, 35, '72WRGBVNHAVSWJ1 TXG3GIF FHUFPBXSBGPO1C3 IY0I2OPMIWEQ AR0GIMFE377H0PYEVXE4U7639OUP11I6JW7RWWKIR4WYYOO1JLN9FUIUF0SOOI3FUX061IO1PH8WKTW Q8XUDGC6N6VTOXA8CTG3PYPTF4KSYSBEYDD00T4TFNPPG0Y3BVT89FFJ6UCLA DHWJ435WLB3S95GN6AYDARX634AJYLOP6MDMK4OE3S44FDQR0DR55SAYMPA2', '703SYIUJAB7YM3NMHX7F41Q9GA32V3M3F4EJU0942KBEP8Y59Q5W7UGOVIT1641JRW6QXS5F37W6LE2W3B15WAP0KXV192ECS6DXGJWNWX6TO8DBN0FPTWBKM88PU5YV8 X5MBW3UO50T6GHOAOQX5WHLNBIBQTNQTGNRI ES 0JC5B5SNIPULBLU1I3YRU B Q59DB57KXLXR9NARYXO6E3PG8JAYM07RFYT5Q150  LA6WMFI9J7CHAQ2A23X');

INSERT INTO CATEGORIA (ID_CATEGORIA, ID_PEDIDO, NOMBRE, DESCRIPCION) VALUES (63, 14, 'PI6YCVY6T94OU9O4UALHPSXMYIXPQ40 KREF 9JNBCLR47VSKKLWEMIJ1G26J XRCGP5OQACLJK9S0H9UWBRQ9P8P4UNIIF6EFR6G2GUMV5ANWHGPC6H6 1AC7BPAIJRWGBCTX YWUP56UCNGAXWNC1 3SO10H7VQAG0HU0BDXIVEK 6 UGW25I58VDIF4B4J1YMB73URA63FOE0BEE7A88YORHSSFAGIMDV1A5AKYLR5RH2TT9OTIB 36B0MH4', 'UV2 VJ43N37J 5QBYJLL7 F084IBJ B2R34575CHJ2H61JF92L26MJJDETXMM09 18BD4X7G59574VF6W X 84UU2O4LQBL5J6YUVIOD00R18UWOTHX62DFM99EKXGWVJFIVJLKRW 6I APMF3I SA02N28XROHRDM672HWL1GPPTLEIJFFND474VSES1NH0MP1IGPYY0H4KOMGBM5Y6REY2P5PELJTJ7GM6OUFFQT25WBO567EVRDQ5QJCL08H');

INSERT INTO CATEGORIA (ID_CATEGORIA, ID_PEDIDO, NOMBRE, DESCRIPCION) VALUES (0, 50, 'J81W3WK3WS9V2LMYJA5ETRF0OCP1AQ0SW39DG5FQCCRTJKO1UQ D2 X5W 8YBB QLL6I19IF914PQU4A3P30K7E41ECONQOG 8WR2YD8XWYIFJKW2S82GWHRYD8Q7953X8JXEPNFM29 5XO3PJ10S5BFDPW4A2GNVQPP4JS8IMC6H0F3JV3C3LNHVRMJP2KIC4M3MVH2Q3X4APHIVYHDS4RG8JP1INSKDUY5G8V6VGSQO0KV792AWPE6QWL4QEO', '8LCRNA6Y PHBTPNM9 DLLECQ093V4M79H1M1Q09WQ9LOJWNP2R6AM0VL4FFEDTBL647KMDQ5O8N6GT21AEJ04V20L1BE  NO4CVIVCH6VWEK LSJ5YX1B0K1B83VB 79SW53WPV8F55JFI 90HE2S10YEDEP7ECP 20RP1RWCI99HOAFA8S5OXVEVRF190N9GO2AF QPRVXNW7Q5I2M5I1V2MFW1O71P699KCVSTU4CFG3J6670M7760NKR0T9O');

INSERT INTO CATEGORIA (ID_CATEGORIA, ID_PEDIDO, NOMBRE, DESCRIPCION) VALUES (43, 83, 'OOVE8JFGAIOHXU6GM6FO7Y0T 6R2XL8QMMMUEGGG4YTLCN X42L73UISMGR308MD50NI3FWIFPUONFD0YYW2E5RK4I7 HB7MTR8L1KM7IAJKLH9IEY060024S1FLAT18R6IHA6LL9NCIU3DLQJGCHS2Y40JE8ODK3IHPGULRDYWQJTT48IJL46P9NU693H954PKW0E6YEPY80X23RWQ 6118M2N5ONV23QY IYDVE4E8YYI6TA8HRESQ31BHUC1', 'QRD3 9MH2BCR  EUI4PV38J3PWI6 DQFFF82I47NF02JP5 6J55LDY E9S6RP6402LFVABBEP7AGV 249MSN49QH D1ME84NIYWWE MC4R7G4BW6JQSAIHYRGSBE7XMOV 3EPHGACQPLYIH62L1PJJNX8OODGLWSEHXLDEPDG0BL80KXGV1EO3 0RA7Y9KXBQX70TTAV4OGD70E2ABO924WNRDS3LWEFURDTWO1EB2XVY2YACVU9YRGK64PC9J9');

INSERT INTO CATEGORIA (ID_CATEGORIA, ID_PEDIDO, NOMBRE, DESCRIPCION) VALUES (83, 22, ' V43R8AOKUGWBHKBHC9XY VS4FO8ILJD02O484CSMEYTJACOW4L5H27446SHDFHF WN16I6XTNQBRD2Y1APVF5OSQQXTMIN Q9TLKQ7 LDY4YMVFO00GDYTNUCPV4B7RM846Y4E3CQWWIEQJS6JPIUKUORCW517M700O1D5G7 HKQFDCKI40V8S1WPV9BV50NR9ONLW1U9TP DL6UQXNVWEAE1E64PN5Q9DQCLM KBAEAFPBOKW66LWI1Q32E0Q', 'YF3X1S8OV07FE60OL17HUSNNC07IY17A5IDMJR74V6SYFGKUAJ715I80NCQ974 NB ABQ4D58UH7R03LJAJO3N540JEO2IPSO5H08F1SVX18GBU3UTSDBURE7UYHS7R03TH4TTNK2X8EK8YCMYW9NEAGRNK5R9VE4MYJKHH9GKF0LGG7YN7JYDI9JTE1GK951 SA045CIN1M0XOMWGVLIH0X9K FR536E2NAQ31C33A3WDYWPTVNPS0VHKFR9CP');

INSERT INTO CATEGORIA (ID_CATEGORIA, ID_PEDIDO, NOMBRE, DESCRIPCION) VALUES (59, 34, 'WM D07RYB5STXNPP9K  N0QFSE1PC1A1K6PXT06NRB3KSM9TU7QJ09FIKJXQE0V7GOO3N8TFHUOBXE9G8T0WYPCD3G5VL1A345MEF6W7J960TVABJ259RJ6X9112SD9B8LJDNTHVX60WGL8DXMO74X2CDB6OHW4MD4VDQ3PMGBFNB8SC CHWOSTW4Q5T 7CQH9KLWW4BHOTI8HBDA20QHNO280AA6BV7KT6YN6TTTULOL4YGFD7PJRLPD2G8TAT', 'V04NSN6PDBQH0RF0R1X38YGQXRCV7UG9N6P6Q0PHU9MIA7GS5RY YX5EKC3907NE57HVMABQJCGTBWH3D E22LXHFT115HPQO2DNKT 9X2NTAXPIMWNYI7PIRP43 Y6R H6 7LS6OPT0XOQ0J6SD6 01CXRXAV799IB4Y63IR4JX15T7762AVEX5V9JDI0 STJG T79AFYGXI1G 2LV9NJUOIUO01F8U6PB3LRU9 11JDYP5LUMY JL01FC0SL0');

INSERT INTO CATEGORIA (ID_CATEGORIA, ID_PEDIDO, NOMBRE, DESCRIPCION) VALUES (2, 39, 'OHL4S71MQ6ASVGP LNPIRPUUGEIUSRTQ7BR6VP5 A2AQNVDQSQQQ8I 3XU8Y7FEGA1LPIHR6C1BCC22TMK8OQKH49K1E7VN72J6YHOKSCTBVW73SHLSH7BPPSYOMXK264Y0YS76HQEGQTE1C2XV 2A594VCISETR57QNXF8253JHAB3HWL9QF QM5F3LLN32EMD4UJJKPX6T99PG13124HFFLH4 WFKD0OR06XYKN 1D91E94R7UOK3GQMKNOH7', 'TQ2GPAUAWU1MVX665Y1MJORU9S0K2XFTF8I8MEMKAPEDSU21QNYBB53OYH5XE5UPA5K2P31VI3EQWK09V11N CIE3PC779PSCM5QE0MYNTJ2CCQREF59GDH8BR19EBCVEI8U1CU313XMQG7L3IY0 9VVHNNQTOUBKP3VMGSCH8XXPL23GGI2EQ0DG1 QHNN04E6PFQW0IJDF5MTIOG7INLBBAXW99PBYL3WRKCIP3 04SN8V1JQO0X 8SJQTRYX');

INSERT INTO CATEGORIA (ID_CATEGORIA, ID_PEDIDO, NOMBRE, DESCRIPCION) VALUES (16, 42, '4JF2CANSVUNMW1O1R6LI42X5VP8D3419HGH71NFTFOF7D5MCRKJ8LU22CF1PIKYGOSP1S1P18 C2QQJ0NYKVQUFT65ASL58KQY94LB8KUG7QGKEON21YD8I8F3FRFOJAYU20G2VL5DQHPUYAX RLY475N44LOIREI039XSIE K8YE5J0HSTCX6KUYTQTAKBECU3L1DFOI8Q7IH8FAHF601HOYAT84QDAS0XLBY7SBBMBAPJO6GRQVI3TS9YFR1E', 'H48PJPC30F0VEHX0W65 MW2HI8K351AL8QK6CULGH2KI6HMD00HVVSX3H788AOFJ4J6V7TI01OY4UPOH70QFGP230RJRKDVFK25H7IPH3RVSCA4 2B0PYW5I0DU0HCWL5JV2IMB8JNEFX AYGJAB1WEKVUI70EX 4HC1HEB1O8BNR14LD3C5GBIQ4SS5 5FRUEI9N5CVWT 663G926WO 50QPMYVIHBKQB8UU4FFEQQ6PXDDW8BMB8N4FJRGCYM');

INSERT INTO CATEGORIA (ID_CATEGORIA, ID_PEDIDO, NOMBRE, DESCRIPCION) VALUES (90, 90, '16TYXMQ KQ9GIYCW4133N6LRYW00C1MVH3QRST1WUXG91DOBN7FC2KK0DDW4NH5D2297F5VD1TK5DPS8 I0363QV1V9ACLS59DPALT KI8FO6WWB3KDUCHG1KKXEKSBBGLOVEG5Q39ECLJ9QUDYLU0A03X9KPJH64XP5RFL8RRN9BBCT4YDNCMBY84IU7LKYQAWT5IM62EUB96O C5K AS1S9LDUG4583P7P1F8L14P5IJ4VO76R0K0QOY9YVMQ', '92PGDUKCRVVNDFCMTCC6YM13X49ADA11J07NLDM8KGY1YBK1TPWLSGY779TYWR3XI761RWFQOMBCN6ULCC6FO9Y3J0QE936AYOV96VJQSB432BRAN0KUYGLXAQ84UM73IXE6I2JBPCRYPGWI0355UDDXKDDU8A7E873QOXEU9287XW0S35WIM0HEEG8NDM9TEWR1JOHBDVA5D9Q50SKLTNDGYY5LX98BIUISNQU2VKS85WR7U579AK0IKB6 DAE');

INSERT INTO CATEGORIA (ID_CATEGORIA, ID_PEDIDO, NOMBRE, DESCRIPCION) VALUES (89, 6, '28TESGXWOEGJ3EFXV5AXC1W8XP 9URP6U85DIDK0ETAAIELJAAUMA1S8O2YN0B0R7QF9LCUO2LOTAV37LWT040MDR5SCM287H698UCT7 TV3CM T59OD0FHGH42P038K7WJIABOXY3V 38 LXNBUO6XBIDB6PA9FS375MIE22SNTA 5RX7BIPTMCPDVKG8YE JWA44T9IM1GF3J18G7RCLW04KQEW6Y8ICDWNVP0NI4U18YHI4SIMKC1E2M4UJN', 'NV0I7JY9HALLF404SD6IJCY39Q4PT8O3G1CXVE BL4WQGKUOP4XXIV4L6QLDYL53Y U1YE4E9NYBIFB8WQCLPNBTB7RRTTH6IS0ARVCE4L C9HW43OQOXH H4O WNXAA6PXBTHFI2IC3TQVK1MGTEP2DKI7R4JRH5P7FW3M8S3 K8H4XM9YT2Q8 LOXLCWBGI5IBH1PYROA WND1RR9P9DHVT5GGI6NX893L9JBI1WXNUXRCJV98GK1F4UVO 88');

INSERT INTO CATEGORIA (ID_CATEGORIA, ID_PEDIDO, NOMBRE, DESCRIPCION) VALUES (25, 83, 'DNSFW3HX4YXX1R25Y566KPXIKAHILCR 1YNYDQD45OH7N7Q1VVA7L C1RM7J87  HMAYVBMID7VSUV0AWXTV 6K BMVN SJKYA3GXMNOGFKQEA21J CHES5D8T 0IN601 IKHWGEFTWIT4XO2S SGPC8SPHFBWRGF5YVPCUO5FJ0LYFHQ6AA7B4SXA97CF2AE ASR2SH661SEAXSO0JAFPWQB08D67L 10MLYB1D57L 3V7OJ6C3THPVLXTMLQU', '4QPYQIGXWS5IO46Q9BWVCQ6WGFE8ENWCQT8TJYJ0HIA UHBQ4ADLXKOVQGL2E9VS UIV 1SSPRQYAEDWAGYQ2LOWWQPBUAG5KR569NX0EVCIGQK87Y0A4N2PV20V9DCT20 KTV5LP152W7UN0BSQK81IGXJOMOKA40KTP4WIP7I4NF085V AQH7M91SKIGQ363CN3T9IE5MDPHIROQP55JWWL5IGXGKPB913 0THRFQ8W5TAARFQU4M4KSW04X5');

INSERT INTO CATEGORIA (ID_CATEGORIA, ID_PEDIDO, NOMBRE, DESCRIPCION) VALUES (74, 32, '308WCQ66D6N5JU1HTM9L110CXXCON4O0X5C6RT3MOHRFYLBPQP459L7NPSXN91D0NJU 1UO5UNYIPHVC398JKT3E1PK7GF0VP1BKN8NDSTXIFF9AK9WPAAC1OI1RS50RIKYKK9L975 G9WF72A4F2MHROGVBJ2469J05HI7SNGRVYBWLP4KTXWR35S0C7FN7C5OAO3LY0W2DQ87OJ 8WI3  A9523SPT26QGH2 U5SGI7KG8WT129TM3FVAWNY8', '2JC2K08X QLSOQBUSA1NNGMRDQJBKGEC39VV5OOG4GVUCN6M2CKHASAIN9 SXEIT3Q4YD7RXN6E2K5J20R7MUEWKS9T9BE 58Y36Y3H215G FJNP1LGC64J77P7KUGLETILMQU7EHFVD  8MBVIXWEU2IGGQBL WVHP3SUQRR3BMMYT4CT UN8 2J8306HFMOB2MX K6N2ORF4ESUN3WESNKWQLX48DJE0SKIR8DMUCE9GPJH5TCNBQYTLV2F6 ');

INSERT INTO CATEGORIA (ID_CATEGORIA, ID_PEDIDO, NOMBRE, DESCRIPCION) VALUES (29, 51, 'EBLDR4 CCT7Y5SFKBOU716L8KVXO3MKF5YGGWWIMG5JCNADIHPACAKJOLPE5GR8SU 5P22HYWU72YHAJ5IES62QO8UJLRNBXDWLIH7PV91Y5XGKGL0RDLQKE0XNFFUC0BI18 KVRY4RQNDX6O57KQPWID49WH16C3LRWHWFS3XRYJ2GHMVIGTTP2IUSNIL7JHV10GHU6IU5IV9K57XDNUMQXDET3UDI8VMN0YU G5FE9TBL0IQVH62AFWMARTW7', 'IKY0DDPDNBS93JFD17KVCKHS60EBXD402YGLDQHTQI6OU9AB826N49N9JBIRN8UD0I06T KH2PJENEKUCQJ0 B0BRYYUF59BBPTYUXSSO0TTJDUN4CEBU54PMQS5W7TC19KGEF2QV0CYH802DYE1C 5FHSR9DOLFJ2I0GJL6U2WV02BFGMWT7VV YFV2EKSSL4GA5VP4SC8MS2Y35D0IAIVVDFNL6WADUJV30U7XUYK54AEB4ANBHEG5RB3I6X5');

INSERT INTO CATEGORIA (ID_CATEGORIA, ID_PEDIDO, NOMBRE, DESCRIPCION) VALUES (9, 22, '32NF3XGVHDHVOGQX2COWXV620JHFUDRFBGCED0J78RNTASYEG0FEO38GN6RHJ B24O4QRC5OLO24 T7TEUFRT US85XTJRG MPN0GIC7I84XRLM6IRGS0Y4B7RIJEQJ7IOOHS6M57DTMRHGXSRAIU3Q7ETSO9KXDQB3Q PBJ Y2EO3D332EY MUIBF4O VDV7RE8LT4PSYH91PKWP1GJNJ3VMPXGCB28N NU61L0YDF4XWXU0PURGFWQ59BPS58', 'SAJ8KCONTM63XDNEJO68F66AD389FMV2DSW2SKT9KWFMHPWTVSIHBJI32YRQK7AXI 9J90E7WQA8BYVKXVMXW38 C3K7U8YPS8 V2CL4IGBQK0F7F909HPAR1E73WAJYKLILAWH9GESNHRKCFB2S3RVEPVUF0J29N00I2JHOV7230D VFG0WPRKCO BNB1KTMICQT5A3TO32HTSTFDJXR628UPP932SF6Y97TPE 4LVRCC3XXX9LEIBFK2W6JNS');

INSERT INTO CATEGORIA (ID_CATEGORIA, ID_PEDIDO, NOMBRE, DESCRIPCION) VALUES (49, 90, 'BBF2Q8B4XWRWVHPLT1HVCSDGKY1UOO680NHT670HAYF54N EFLL5XT3AAI1UPEDMLDCC336HPJKPEPQ5QGWE55QCAGDXVV7OKE5G8YME9B2K 6G4C0TL1TJQVA8MKMIPNJ 5PCOFX6KCFJTY2HXHO5PU1IKM7374HA4239FRUA5XOMQD96A3VR2R15N6P0ONGNO9TM1M04C6QKR4T76JQVK3P5JIPJ5YO0KJ2GP9KFDP32580ORA7ACKHFN08RG', 'XKQH28JTJ8KH26Q32T31DK315O4LC9DO3TG5R9UTY6YQ08D461RXCL9SK2AW7276109U7AQQNHF3W72UBBI89CKVIDBNWLWE6308 2KGEANTKB6BXCCRB1C9 ONMU P92296Y8PS6KUA012TYLKHTG09W64Q2I4OSTW18PE6UC00K68PF97A8CHKHYDB4S61O61OVKEJBNU99 UYY6P5BGV8HALF6VXPDFYYQR0M6887GH4XBH9MB71TAE2ST88');

INSERT INTO CATEGORIA (ID_CATEGORIA, ID_PEDIDO, NOMBRE, DESCRIPCION) VALUES (85, 76, 'Q5QM9ILU39REQV4 NUY1FBNDNB27NNTM2FT 3DHCYUVQOPOBI2Q E6S81NNMWH1TFY6B4D6 PNEX1E6UCE5G QOO20DPHWNCRUV9PYMVL81FOXTWBPM0X56J2NPPTW4EXMT7UN7PBJXUT3 NO6ET2YISOHINYGCKOQM6O68MPGEKFEGKIG75MJNMGJMLH  O SRO4SI2RTDQBDKU87MI 0HVSG22AV66Y3M P4KHYFXUCJA95M3PCL53YV6RLAJ', 'K4XAA5H6IEYQEMP8HLX 5UOK8511M5PC2FJ573R89PL8HK1CUVLQYR 8UTPNYXM6 FU06VMARM671NWXFE NRFU6QR8IIFF VLBB6DMGG36SBUDPEFHI77SU 9H 4Y5T56ABH4OK3F0S0JK8H3H0 A9C4TPFXCAY5PP8B8NLWG8E50OOPLVL9EERA 0RMTPTP7TKM XGNNP36ULWGLD43U8CC0FV8OMI436EQH6AFL97I5PHPLAY2V03CBKCMKP');

INSERT INTO CATEGORIA (ID_CATEGORIA, ID_PEDIDO, NOMBRE, DESCRIPCION) VALUES (28, 22, 'NCAX2SUTFKN70W2DQCOKVDVB4N8GU05QW V7VCRJYFL2RYIY8WKT6BAYYR4YGKJ2FF6G0BW3EACDHSMC OYXNE 1OG O5HBTD0PWU5V MSG898 EXHQGBQX0YBYR62TNKC 44M IKS9POTQP9Y1W0YJRRVIJDO68NB2XAUVCAG7L0YU84OMKKXLEX3L7OJ4TX1XU 5SQWFXQREQOPFFRL38E0BM8JUMY9 HN3HSXYAN9GYLNT15OBLR67XE568V', 'I7S4RKBOO2HU3NTYI19OK L7KTF0I7D8Q8VXO67Y6GT BKAN38EM4LRV8DA2LP7IQDDP6P5TI0VA5YVB06GANBVUVNNVVDHOCCTL2KDLYP20Y2HUWG91SDQKJOMRHC2MWJWNRET343BMXDEIPR2DDKIGP28O BJI84NV4C5CFOMVYIQ4YEIA3QUQ 083BXUM878 B711VE2N0 WVLQXV83FT24ESHSO 0FNEDEAKM72A4MAAY4PRIG3LPN4NWI7');

INSERT INTO CATEGORIA (ID_CATEGORIA, ID_PEDIDO, NOMBRE, DESCRIPCION) VALUES (17, 98, 'VUG7I76V JEPV6CCOOWO17TA9BSP2KQ6TY38AVYMR1MM2HVSI MXUGQX4521JI0FEXMDV52GN9894R9HG7BVNP8WOF5JFG9XAKVSUAX0YEFJEYV2 48982OY8383ARGMR44154Q5FR8EWA45 HJY7W7DYLJ8G56UCFA04NFVNDGSSCYWEHNAUJCPS42JNH1H3QI3ISJ8MGJWINTG6I64I4YKNSBG37KC1VPQ4O3Q4O0YMB8CK0GKPVEL8MYFC4G', 'NXXFFN1W8Y66PIGEJH9RKFR96PU562FV11 PCWW4AT0A3J0S37KIKIV4GWLHC2REGVJHRCU 9973P7YAQ4MQAOX2VGE9V25DN5YFDR2Q2KKPKJWBMSJ8IQPSO331EAOIBAJELE2SY86145VCTASR7PQ8UTNH25TRQKFXNC5UPCAGD XBSEF3H7HJWQ04GR7X6PFP9ICHUYNXSMOWM6XDU UGTVQ7GOLJPRN8WHDX6FHUUQ9WFLE8YKEW40 JD9X');

INSERT INTO CATEGORIA (ID_CATEGORIA, ID_PEDIDO, NOMBRE, DESCRIPCION) VALUES (91, 26, 'W9SJNOKSPJ9U8 CYDGRQ86744OLG1YA22BJB9PNF1IF55B6FPHJI6MPI82DMSOREINF3DD9CTEEVAT JJY XL2 J422736LSBQO5GHYNR723PEG5T6W1UWGDQY781614TE5T3NPO5J9S04B007LNC3GB1SJL4SF4MW8V54OTRGIR1YPY7SKQM0MKTXR21SVDIEV6VUHG7T5N0BCY48UOG9AT68BRF4I2UPE4GKV8KRTEY88J 48XWYL6U8XGN H', '74KR8DJJJ8 U3JJOEXRAFEY2GN422O R9L3VK84QMPCYIM6RS Q9MUN5IW5 X27FVA4ACEFWT0HRKB73 O8K8G60TRMR7BCJ25O4GJ7FI7HM9GPW3OM71Q1UY9T8G0IUOF1YH6YR7DD 9UX5VE1H0 TWVHQ6TCJM7JFFE9NN0A0Q1WN1Y76C H3N96X6JGY5LM4KCOG32RU7QLKO5V8WANPG3WVY0HS2SGILXQECX250VR C2HDYXLXJQFUQEHA');

INSERT INTO CATEGORIA (ID_CATEGORIA, ID_PEDIDO, NOMBRE, DESCRIPCION) VALUES (30, 33, '2B7QNVH1K925VD  JKC8AY D6PJDAIX3M42GT6VFI0GSOW8MAAKFM4B8Y0AUNEVS3I28YVV5PBWHD7NSXDU9HX677UAE8LNHG 5ISG92DE6RXDXDLWNSGFYNCD79KDHL6Y JCREKUUC5HEEPTNBAMUDAOIKF5Q3MFINDR4A4PQEYO4J 4CV8AQ7V4IXR5998IXABHVWX9CXUGQUG251NB1V7HGWDLUWUO OD9KFGAY4B5Q8VCG0CVPULM5H73QN', 'S6MA44FNWPU6U160P6W7TPE9 3BKT6X2F1OY2KGOBTQG35BO41IH F1S3C0UGYTGTX1FTEB9PPN4MHRSHN5U6UA79H4SC5R7YY5HI3HELA3YRKMHLAFUV4RK327182PQQCA8QN9GXNCSUPV4KNPYFHBGFUB3 A54G0EO4EJ11JBGHI2WQV0LKLJPFD82DGFWY70B1YY2HADTEBPAV5JTX4SS7CDDIIR9EY6MO60UKD6W3F5 GE5LEAVF2UGJQ8A');

INSERT INTO ESTADO_PEDIDO (ID_ESTADO_PEDIDO, ID_PEDIDO, NOMBRE, DESCRPCION) VALUES (33, 25, 'D14W8JT2UU 6MF8RMS M KS5PN5QKCQYDAUMUS1QYS9RBRV5Y6W01VQ07PTBAX7A615XBU0033 S7AV9VRMET0E6CBAPWTS4GBWC46HLEP0Y9DP6OVJ47 ADRRPLYYIAG59I W2AUKPKFJ6OXUWDDPHD71LR4H0K8X5DPWQX364V62LGD7WQJO9PCVDR3NH8BLQNW723DMQFXB0UTR HA4AGJ0DQVF AB NCJWLQNVR3ADS7JCUV9GEDTVLFG0K', '1V1FA XAGN5U4KGM2JYE98MC4N6OJ6NSTWBLP1A6LD5MD5IYX1CG29SVCXAHECNISRR0JSN6IWCXJRE777NGHG0N4U3TW2W2E4CSTKNJLLN3GM7MHFKN6H4LCFX6LW2GQFPAMMHKAOAQ48V2N9TEA1UGJC8N8FOT9ST9PE82Q9EAAF0 UIAQY2R6O G2GATCMJ875UCVX659EPSLE3 KIKPN7FQ3980XBIFDPYXI0VHUNBX547UK8SUAEP2DURX');

INSERT INTO ESTADO_PEDIDO (ID_ESTADO_PEDIDO, ID_PEDIDO, NOMBRE, DESCRPCION) VALUES (13, 85, 'YWSQ3CWG3QB15QKKLXVCX7TPEM Q6V35VELGV9KDO0NAIQE2J17H8540WA3GGRH6390BDOK86Q1H Y3TRU0XQHY28FTQHC1212159O66WH 0HQKE4G16AGW89BWB0F9YWDEGCPBTS894UB6OAC YU0L07T NXNU3BOM01CASYUTSXECHM3C8MEIGFCHLCCGJN0XW 49UOQK3QS6VYYNIM312BE3YM0BRA38C5YSED4JBD7Q4U1SYPPMGA5D2J3B', 'IX32XBP0A3RQXKYUXHOAUIWDYYM2KDN9B G7OW4Y9WXXVE D06435S3VIVPKH0DELH2JPOFP8V2BJBE64855OCUST44GYNKJNIHMACUJWW0UQ819YA66Q1QB7Q07QG6RD YIDT4VJQSRJGDOLGV2EGUWUL1DUM43 4FYOAGLW421QKR09R35IRUQSKT58H4SPG4IQGCM9VOYRR BP5B0LFSOGE13RW33RSDCQVOD9EO8UATCKLXVQOMYLIC0BB9');

INSERT INTO ESTADO_PEDIDO (ID_ESTADO_PEDIDO, ID_PEDIDO, NOMBRE, DESCRPCION) VALUES (1, 31, 'JEH3W40XAQXFTWPIJDDSLSGNPEYC1HVWRGX0CHQS0V0C4HWXDY P7H0Y IKX QAS635C1SYDKUD3TLY41FKA74R5W9  KFA0SRYNQUMK1AWKTJGP6XH7 SWI8IPS B5083V0TU1I8HQL85 D243YOOSKANH6CNJESYB2UU4AG5OFAK784A9DOHTMXJSQH67SMI5F59L46D6F8L5DBPV4R4BQLWRG65VN57J78U1G05QGFJ48TT3DTOMK2HNVOJ7', '7J0GEOFBH3GWXG9T9TVT7STDB8467O6UUFP NS DDRY06IE4HWSJACERTJHL40QERJ5YVLD2FXDL PJSIEJR3FKO WNBUT70G9Y6WH3VBT A222EHPS63SE2J52GFMCJO5T2JY5KK2KXXFNB5QB2FPY8QKKUIU4S8H33DB10Y2OIWI6T26PY7HOJVB0NH4H4B E5VMM4EU7YVKIAY0AKKV02MQ6MSYNQ7YOH2MNQWQSGU8O5IOJKRCGIARXFISQ');

INSERT INTO ESTADO_PEDIDO (ID_ESTADO_PEDIDO, ID_PEDIDO, NOMBRE, DESCRPCION) VALUES (14, 66, 'CNCL H2CWFP5X WQIY4UFSXQEO3235221KO760AWJN6KNCP 70QF1J 0P8TJ8HRGFYXN01F5NI7MWPBK1R36HT72TWOVO875QO728JMA6861LN2A103GQGCV YY0W0PYS1TLY8K7K746KHIBKTC4E24NKDHTRGUQWF027M935QN61C58YH86E61JFU8F535E WP8T7OF9WJVQD4KYWL2TH GBSEF7KMK4VC890VK4W WAJBTLAS6 LAX PS56NS', 'IE3VAQ0QWRWAAPYWVBAO5A7JNCNFTWHP70O1PHD3S7SN8E1S7MPNVWBOCWSX8KUGUHCLBILU504BNN1308 YY53NUQN6W8CY0YA  0ATMVE9KBKR57R5WOLI37BD2YF0TET1P2OC3BL97OLEH16C79NVE5C TG0HTG1A E2V6PQB6I3X4X73J8BT2I5AC29ITCUBMAQEU6AG1XQCW544NIACEFYN5L2MUANV GK O9AA2E7C8HJ2FK95CQHCR6L');

INSERT INTO ESTADO_PEDIDO (ID_ESTADO_PEDIDO, ID_PEDIDO, NOMBRE, DESCRPCION) VALUES (24, 17, '9U5OJTI4G05UCHSE690OH0CO9NQH0IJ3XHDA0YIM3IN2TVFGVNTNQLU0IB0 OFITM61XJ5QMJT5KBH2CVVCXLXSY4O2OH831FI4KT3TBLFTUEE1YVRIK82 03AS5EJU5G9KUP6 DBWP9 JGX5H3NAKNIQPM6EC95BMT0QO885KQ83IM6JD00R4I4UTD11IUYXJHR28LNX3PG770XODLNAKMXTT9G8CCV9Q5H 1IF3FH 1YI5SNN2EILOTL VDN4', 'GA82QJYOC9Y33U7WGVH2SQNFAMGKDD4Y728WRS LS9FNXP4D 7K6RAPV3NFUJ2XLBMSRRN9VWGQ978DL4HPTJSBQR47KI GE9F8X7PX2MX1 DOBEGUNQTF8YO4P8VEV6HF7Y6BNOBBPTW92YHCDSUIMMABSJG6SE9GK4R3LOUW3DKKBBU8P7IJM1CEV0G0UGD5Y0SPD1KN84AUP8W3VYI61C7QDICDVIYM OVN 5JA6R5X9L55MA7ICJ4HX9U34');

INSERT INTO ESTADO_PEDIDO (ID_ESTADO_PEDIDO, ID_PEDIDO, NOMBRE, DESCRPCION) VALUES (90, 67, 'GN ATYEYODPB1WYS4VQ23MYWUXU0VSF81O79043OE EUBU71G78BK 3VQKALJBIUM2B6NU0C5V91U2YQBTNRH2NIPDB0RIEFVTEIEJ19SMSWBIDGC985IXP4II69CXYS35D0ATTBIFMLDIFDR90AI6KVB1B6GMB WIRT81EQAXO4CF4CU8DYMKQR11PO K6FNWSFCD KALYWEUSB492VF668JQ8JSRT25 XEDVCKOT87C2GL3S39EXDSVUKXTAD', 'BBF39NPX9GTW7C0O5VSILMVE1 MR8QAMLXQYHLF DQTBQ0N955F8YVIVUMV24GM8MIBG2U4IEQL0O4R2VX3TU4D6YMHYT6SONHIEU18C2RQ4CWBOK9A3YY4M919RILU06QG3QMY4U1UJ3TOWL G0UOC6AN1PKXRSMMEJIDIV91LIRCESESHV68PWUJX53MOCSFJ477MO1GEVD9Y16EKPD0066V8MLB 6LVOG5BRNAN2HWVP07WAPDSFN3I0KTD7');

INSERT INTO ESTADO_PEDIDO (ID_ESTADO_PEDIDO, ID_PEDIDO, NOMBRE, DESCRPCION) VALUES (45, 86, 'JMX1LNVH7GESSRCCMBN8A O OQIMOUH1UA32KXYBYW17K8SJTJAUSJ5BLTPR5RCNBMWBGPSUEJQQO4286C6R8AH89LJQRKKXYBJ BSBAULDNE0GB9B0I XHJC0A7G8IYM47UTLT788X W1I0E952YKCXTAOQ5Y4JWDJ0SOP89U6M62FD9PEL1PIDQE9F6J7GKEGD5BGR8CU SGGJ LAS9V2KGAW3B 175CEKX710N55LNVQ138C6IJDGPISPEL4', 'WDW64CO7PN7KDQS91MHV9BX9R0S9F51U4 X2K7IQQS0KKCNGNRNRPIMP3RFBNONXUMNA5UWMOIKELGYAQ9JIU880NLNR2GDRO C65RERX820DEC36B UK5DP0 SEYB9EW6EHGONKB4V3QMQE0XDQ51H NS KPTUUO6VPWNYC9Q6I1VX6BPUGH6FIUCCF1J61CPMXHPI63JRKR9A 74VHF FP1Y4BI3E4FS483QNNQW0H10W3WUOU8Q5KXS0S7YK');

INSERT INTO ESTADO_PEDIDO (ID_ESTADO_PEDIDO, ID_PEDIDO, NOMBRE, DESCRPCION) VALUES (85, 24, 'UL3UM9TLJC9IVDLDM2LOC OVD3YDEITCLLY  DK7CXI6H9U95EO6RB7SB8JT9IM5TDLPL0M9AKM0X8WC02RR6JOIT C0MP0O30OEPRLLJ69IUGCP8XXNQN0SLLYE T RU1FOMKSTOMP83 EUK080H8I45X3V4TR8AEEUBESMLLWPYCTTUCMIRW5N5GJR0DNVLOF85 6MLCJ4AAGHSXHL8L7XHDMT93Y5Y97V3GP1CYA4T8EOK2ML2B6QSIOS8M8', '5WCTANBJIUC2D0ULUPOJXMXA06M1SXO4OI6 5MKK0LU3YCLRUT62OMCO5494W8W8V6HEF WI6J4P46SYII5M5LCOKTGL3MVPJHRA1EMP55A9QM24MVUK4H0N9C2Y0BF IVIA6K25NAHXYK1T5KOX3QK1AR4KNN35WB9T1SYBEMEDT9RA0USQ1RWDMD17SJEYI14NUVWIYPS64X3JHLF9 WSBQ9JQCPA3VLGJNLD2 7XPLEN2QWIJFM43PB40DW9');

INSERT INTO ESTADO_PEDIDO (ID_ESTADO_PEDIDO, ID_PEDIDO, NOMBRE, DESCRPCION) VALUES (46, 48, '5XN1K1 BSLI4E3C47JH7LOVP QU1E4 B8J76EMD Y7A9AGX73YES5T55BG1GQW9H4NJ4QSY1RK7MF987SX8Q45DE8QDFF5IF73DW4UE7GLHB9OXR1D6Q3TC0QQ087KOBGM2UEPMA0SMO89DM8FJV IAQN09PBV0E2L4P4CJCSOLIDVY542GC61A9DHH3E8Q689HVJ99OB9L4YNRUTJ2 P84R2HR KOG4L6AV3GM8IRN8TH9D72XNQHUY3DI70WC', ' HPEF1N3MCFSCFQWKB Q9 FR05QJK0E78Q5OUO5TYSCQ  66A3J5YCMQOXKMHXN2P3PMFU5GKIEJDYCHYMPXMHNCXST96JV42F3L8WXL2OXDEX7 U5KTTIY3YYFV59KK9L2 PYUBRIGF0E6KNAR11CQ5344YSFRS63KPYR17HQ7U3L9PSSKIBQ7VX 50GFL58R0BCLXXGIXFA0VFWC4J7QP4F88E9CBN7 5VSNBK7N43O82KAVSOWC4ERBDT5AF');

INSERT INTO ESTADO_PEDIDO (ID_ESTADO_PEDIDO, ID_PEDIDO, NOMBRE, DESCRPCION) VALUES (74, 65, '48QJRKY79GVBI8XYGAX55X9GNG893R06SLIURD17R5JJF1NHQIE1ELRB8CPAXKFITRKH50EXYJ5V4EQ9EWC 6GLJKNB344FKU2HF 33NB2GOD58DC1Q KC9TIA56M3XRE9LQTEJ QISBXWTB0 182YKJ6Y34PW91J6LVMYRECX3I8KHFT BA2GP7PFQ5R GMTXKVLMT3VWS1W601UDHMMV2C2E1M0OCF6F23I3V9SMFYUB5HQ X2YN5IGDNY 9C', '1W4PG4YWAAWBBAW71B2NLMD6A19UBA4EOHQ1G8UJCU6NWG TLB5S7BXSIXYUGVUC2M247TETVR73GISIM66J3E1Q00NTCTXKRSQ4MEVA22N8RJCL AEBFEH6N77UU6IAMD145CFCR0YG04GP2QGIRBQLR2L6NWQDIR7UIT38751YOU8C6U2YWK6DAEKQ5771CRG9T20UJP4JFWHGO 3Y3ON6ETBCT8G2NQFISP6SQ3A4DE452H2GVYBJOA8MNUG');

INSERT INTO ESTADO_PEDIDO (ID_ESTADO_PEDIDO, ID_PEDIDO, NOMBRE, DESCRPCION) VALUES (3, 38, 'S3OE75SJUT0S0LBGQ09HNNQUOIB5M7I8S5WSOSTOMJG6BK 14UW6J79ENDGQ612RYFS XQXPLI I75J18QFEQ2JFN22SBKDH4REV4 KNJEWYTHCJIIJOH 5V3VGUJFJFRQOUWAR44AWDLPDA9AM6NUUWOJ90O5X430P5OGS3P83X9I7TYY4N3CWJVLICY3 4M2YKW47C5Q92OCRK9OWO7T2GH6IT4JT9FKXV1AUN7QV 90SDLL2KJJ17WKQCNSP', 'AADREXG9XWXKDNQCBOSGSXJNCB3NCVAI4SBOBJJWLXORTTF6MXKWW68DFHIPPQCHODPXB0AKT 0E36E8G5J0C6SUCMV146 XRC3H5O9DUV6G6DDP2CEAECLBH1KB9WOPV4T984T2MDG8SLFGP8VSB6Y1XHS3UOEV0GL5X6KQC17LQ4QWLKFRU1TW8VWVI3P1LSREQ4WANAL0SMKHF3TSOCO0FVJHNU5BY4VOWG61G8IPM6A4HVCW1YPQO50WUG2');

INSERT INTO ESTADO_PEDIDO (ID_ESTADO_PEDIDO, ID_PEDIDO, NOMBRE, DESCRPCION) VALUES (2, 83, 'SAWJQ74DOC0QROJDGA6WRCSHJW8EJSFOE1HHI24BHBDE9Q3NI 9Q2 N9AC7R4REJNYF0GCMX 8994X L81BXLRIY6Q20YBTVR0JQ0B7NHFSCMPQG0R6J R7XDST6LW EVCBHNGXO3LW19AR7F5XQGM5IYYV6PTVCQLN9VK2WAD2382KA3838K9U956HGE7OGXQRO 59YEHT5X62Q60HOO933MYNEEJKM 2EYM4U1V38MB7REC5CWIL9MA5 AWQS', 'HHF2CWEH9XL7FVOXB6E0S6FPKHW0AV23R2585B8I7Q BM96BCA7W39TQUOS9UT2K8ARL1CYJCHLC5629QML0KF130C WQXL VCY24XPPW3R3DVFXDBTBMY845U1GED6QC3WFR41VU6H5PDCU62YVD KDNIDV66QG0LCIQ3V6M9XAPC3HKSXHJ3MRTWJL6LBYSIIE31M6X8O39I4HE4CQOHVMT82J0 LYFIFJSHC44U7 2AI7IW9PULR3SQQ9T87');

INSERT INTO ESTADO_PEDIDO (ID_ESTADO_PEDIDO, ID_PEDIDO, NOMBRE, DESCRPCION) VALUES (67, 3, 'LMD55S7OS90CY4V43VYFHEF 795QQCHULMUAE5AAHD1SSW1FAH6DNV64ITFDYV7DMA8BE4LF396I1IRBP26SR8XB7N8YXR4DWFHUY1P5A7LY75V4LTI2SIB1PQGE4X0PLTUCD515QENF20QX1IKFHQFY4T6R494HQFMOM7O R6HO7I5HIFEJ BDH41CWEOX6IJADPK4VW8TSNFDUYF9IJ7S934BLHWUV 3J6XHW36HD2EE4M18XRGPFAUG6CDK3', 'IEOFP2JIWJ6HYVCMHR Y0BFR66RSBTWMD3Y3TGP2P8EULFAOTB9N UR39KXI7DXRN5GUO55MKI4FPUIT7P1Y2FQ5FQCD56I03VVA0QI0HO3FYIL6JPYCHX8 CU87GLXKUJBJC2TPSQ6 XU1SLKQWYUYX2RN5Y3NFBT MMWL36AL7OW8VHKXW0DDQXGSBP385GH ITMAPF4C2T01VXKJ8RAW8E76SA3P37UU7AW104VRD0U4WT4V3TAPQIORRFQJ');

INSERT INTO ESTADO_PEDIDO (ID_ESTADO_PEDIDO, ID_PEDIDO, NOMBRE, DESCRPCION) VALUES (0, 70, '7GBARAQN2PAMHQUG0FT7DDU5RS04QPLKN G5R2O868MVE2NDDP PPO OJWFUB 19AAFKI84DOFJUEXUOKMKJNTRCOSCYHHT99SCTO2N39I9OCDYG8F0CTCR3VK1T4Y5G4PCANM2JDV9WKV6JYNGX99FAI9HRV8IBRG1M5YM082NH7KMSFVECJQPXR7H A619YWFQK257HTW6NWMU37B A28W54VY7CPJ75D0S7T74X 61DA74DYI29NAGK7EQSD', '0Q28GDJL8CVLGFETO8TIL20BRN8UB2FTRU5G356Q4SS3BQYJJFDXWQAB8NDKWFOENPLHDGW53  BY21STJDBL1LYVHUIJYYIUB90NB7Y345T8CG47PRGV0J8PSYO22YT2IQJP26 L0SHH4RCKWT0T5O4SHYQ5OEXOIRDE1MMMDOQU0LD3O TB494WNFX5TIBJJ3VTKIXOF6C4F2G71MYXPTYW3E1EOWCI IJ9MCWF0W9SLIVV77IGN2WRNL4WJ2');

INSERT INTO ESTADO_PEDIDO (ID_ESTADO_PEDIDO, ID_PEDIDO, NOMBRE, DESCRPCION) VALUES (40, 84, ' Q7RMYMAKMSIUCA6TJ76LQCL0AICBVT9LD06DVGJ0 QRWQ LM9HICFK4JR6Q11N4KDMKS6EDUPLLE59HQEUNI50AGYF P9A90E84MCS8RM48GQAU6WRP5D7UALKM6O31VGGM9IKM YKOE7XRY6C6G460GLTB6IVE1U 47MFE6916NEN1WWREDJGRVKLWYPT1O QRERU9BOI2AGY2YB QOBF0DWGLLNUM6S5T5EK8XNBLS9AW3VG3764L 1NCIT ', 'O162AVBSWJJ1BCL3BFNJD87Y41VP4UTDM6FCTL5C3VLJJTM39S7O88D9OJ N WDRS4FNOXQ0SNADYESD81G77VO2M5J6O4YGH79TWKYH4PK4KSJNOTIIJGW137SOSUL50HSVOXF6XO9NCMI75EHHMJTOBK2B7XRDH12FBWIP C34YEYCC6SQESYCSC1CQ8982RS3L6U 0CBHI 87Q8 BHMV1T F8L R0 CKY75OQEIUGNT6YJSRNY8XVX64VB35');

INSERT INTO ESTADO_PEDIDO (ID_ESTADO_PEDIDO, ID_PEDIDO, NOMBRE, DESCRPCION) VALUES (72, 60, 'UQP9QGGJ45X8ETH9M55C22Y1WYF4F4Y8 28OLB0Q0VYIJVT YWE7IP5GJKKHJ4JM1T9QJH61UKJAU5X5GTN27LK MCLX8 JEAYQBGSAFWVM  PD4KCBW5KFA 6D0FCY7K WN24C I1CG4M0KSRAI2IXV6ALQJ458WB12CXVN1XT3HTC91MEB0L7O6CYR358E42M6Y5968GQQND5IYKYPIFYWPJA028VTPUVFGE2D8H1JN5ASHPHA3HBA3CP2NHV', 'BMXJP5UHXTQ3DVB59Y53AKCXCJUGXSGMRDD5VK2WV6 M8DGTTSBSAE7JTG0ARW1STBUR2JF5UA CW3PNVQ819Y6JBPDBCT9928O6VPRS03T67P2TTTDU78KUY4QH74T7F49ASX1 DN6TU0ASX73PG FP9LJL8BGAN83WVURA2KOQCMXW0UI1EE31GSLLW9FFIM40IXPRL62GUKF11XITSN2Y523YL0MV GDORP0WX13ORDIU RE2XSF5HOWCX3C');

INSERT INTO ESTADO_PEDIDO (ID_ESTADO_PEDIDO, ID_PEDIDO, NOMBRE, DESCRPCION) VALUES (30, 79, 'FFMJB1YYDLJNN  PWJUURO9DWVAYC8KP22F383UAKN2RDIW9J1JMYOXPSLLQ45 GMNVDGKH8N23QHFG4RKOS9LV6T6ILYJQA69C0PH7BQ6VR2Q7R2J4OLFU15DAQ BJ9YJ OGU4S7VAVWXXYCHOCDDMRPX1SCOM2VOG3JEL6O4 JUNR 6173VJM8P0FVLX2HGNPAJMURUMML1VBXLDXDL N6TS0WUKJ 2P3XBWHR9I9XD2RE7OUE2K9EVT6NFQ4', 'Y1PCAS8E1OUJ1LI3RXVKBVPG65M5JLY6HJ0 0 V274QH9L0XJBHA3NUPUJHCG12I3Q 5I9 OSWTJQ6YRBROCJVDUS4MRCB5J39FCK5ABNB8HFKWD7SUNWWHF4DT D778FT2VLY7CAA0VSTQB3H82WFKRMIYKS4RDMYQOBG49MUAQ4UETOFRO1Y3J1831R1O246MOHQ7A0TXTKF2OXXODQWM9JE707WS3WPEP8YIN4NQMBNGM4C6DHIIJLKYHI8I');

INSERT INTO ESTADO_PEDIDO (ID_ESTADO_PEDIDO, ID_PEDIDO, NOMBRE, DESCRPCION) VALUES (87, 63, 'SP3IP5X89QCB9CLBIVG7U0BYDOXK0W2 WMP3U8BKEQ0DS5R78GF06NMJ1GA0QQHA0B58PIS4 12TGVP6 DSYGCCS9I FS5B5FLBI9S7ACH66QIEBDSSYIEWKAJJP9FO21O RFBPTIM1NDOEHTEKIH5UODCB6PF93W0DX3D67XYY99RK338Q10KGUKT1VMMJQWB0HK HA1JBGU4LQOY7GAPSCNBSU42GORBE75X C9C6CK6WD7NE2XXL2NRNA PK', 'L6GKTN46P1G2JLD618NMUO5G33J0E0UFK49CH6X9LA8UJ4H8VEHU5Q6EM1QPSL49ESAGCD0VX82KH5TGYPBLGL1IBW458TQN162LJY3P O WDOQ J2VVUKOPILU8XA OLI60EVLIU3F0S1DF46L0JIEFP5W13K1V4PRL5G96P4RHM59FA K1X R77GQBJM6W XUJ6CLKKY9KWHNEAIG1BP95EIA94TYQMU0A362BA8L5UK65G9LST1NH9XONJLY');

INSERT INTO ESTADO_PEDIDO (ID_ESTADO_PEDIDO, ID_PEDIDO, NOMBRE, DESCRPCION) VALUES (7, 64, 'F6S4D5NG80W3G0NI5VHQ0563RSMARHL1S7D7S F P6WRYWOYOPEMD149N1VY6S8DBRDAOGU40F0DA11DBIMUR9XO21G1MFVVGR5F5QVBC8BM1N2AQK8RBGJLJCJMKDPPB8NHFSTIDI53V O12CUWV 797 CIY DHCB5KS1JLL 2FEPDOWRUQY2AR5FKOBGD08GOSF7HRDBWH8PEJCWP2ES6 Y90IM1D47IV83272SUJ243S5A26RLKMDHWQLRS3', 'L4KXPDP5IRU517EIWFPD597YAGA5QWXKH8 2AUU9TY2RAYPFMQ0YTYA94D3AR5L4EL IXDBEC214XJ8TVYWH7MTDRH0SMJIPH8SG3S1KEYI AI U9F5TWSX222I6ETTVWX4TSKN62FRGIW229DJCW H28R3TPA5UF4ONQ2Y5W8DQV8SCCRJROVNVYNIC842LNBTUX5AOFAEBOU6VXW6SGEL55QXJ01AMQIX8E61YBACKDVJGMQFIDH3YJEL7W94');

INSERT INTO ESTADO_PEDIDO (ID_ESTADO_PEDIDO, ID_PEDIDO, NOMBRE, DESCRPCION) VALUES (83, 44, 'O9R14 T37KXC5T27SOK7 66S232UI3B8 0EGISRVLOBHLOMPI9PY02KPSJ 8XOSDI GEU9R XDLUH4R4IXWSE6653U0L1E00GMTJB2HO2IM2V2CGOX9LDKQA2IG4JYOBBW5TTGXX33SDWUEF25RJPC6RA83FR76KCXV4N2VR0Y6LT3AOEQWGCHGG2H2QM19Q2XW3D79CPTOAALD2AYF7OT3M2Q0MWIXMBC4K7E3OR0VHJYJ10G55QRTD2L9B5SM', '6756EDA1FXY ERKF LJ4KJ381LR6O8J 2OFEPDSG A7XTLHTETPQQ8O7583KVE 3N2NYXAL8D9F2CDRDE6S0GLJ5AVPLTOKFAI2T09JTFFQIK50LRWADPSLK459FX5AM1T5D374023I83Q6K4WM1ENCKR4WH9 0UAU3KM89IP0TQ3KU52YJUBYX1SK7O BDEW8K6Q1Y8DSG2B41ASUIGBMMLILOL5LJI1X6WOPMQ G24PT7VYGIX4Y5PX8PO9U3');

INSERT INTO ESTADO_PEDIDO (ID_ESTADO_PEDIDO, ID_PEDIDO, NOMBRE, DESCRPCION) VALUES (65, 49, ' D618A8J9IRJ0K8WDTPIJTBXARFEO20GD19NWA7U5U0GHTUJGHBHXOVRA7NN8LE4OY9YXM6IH8TN4XORXQF 661SO1KN9XU69Q44ADUDGICGAIVJNNB9YHBXP6XIGWVAHQ7M1ROBFKJVA6G 1HKBUSXIHH5U9MPQRLNICQAY17L BKCPB8V93EGR1YN26LDLGW9ON1LVIB6ARMDLHEEA E6JHHM8S9 4JR9277 G O0LEQ5U35JPO5QS83IUD66', 'R211V7YN6CKFE6PRAFRH9HQ59T7FUL88J94VQ9G0FBHJJA3V 9TWLR46VXP6SKMO8A15HI51IF3TYXBXH1XJHBPTG5V7AHQATWEBGDI8T2Y02F58T7M7358YAM7PBVJT7NDRNS8YCI8QXO9 LGADUAXE8GLIA95YFLQBW2WW8N8OSHUX8U1BXYSEDJ2AYW9O16MST14ICNOBTGPBJRRO7TBX60LV3P6066S5OG494Y1J4KUGGOG1IENT9NFLKW7');

INSERT INTO ESTADO_PEDIDO (ID_ESTADO_PEDIDO, ID_PEDIDO, NOMBRE, DESCRPCION) VALUES (60, 34, 'IL98HT2 WBNGQ4BCTO6FK6TTWMRQ4HTQ8OG63IMXOJ V3RRITFO5K5NLJ 1ES8BG5EP4Q KKRMHU12JXN2DGA50XKQUQ0QHL 812J0EXJPVHICSTYTFGSORSOHGPS704F6V8PQ9HV4ONS7QM8COE19GCNMEANOJ9RG10O7A8FGKOJMD2Q7TVWBUYEFLA3AEDJMCLNROGDJUNVG2HM7F CV3O2EUC 4Y1S12FIXX9MXJAHS5KO51AYF0T02LBB8G', 'IGGQWLQHGPIHTY4EDGPWOWVDVU0UV4WWW51TX3VI0  596JYPLLB093XXXBU80F 5D79PJQ0K6DK HXTMT5CTTDV2OMHLONBGX0DU30TG7XBN87T0G9 QSEXKGKUVYVKEPE8UXL4JAUPIT3MHK49SH1X77AG8 JCNQXGMANRMKVI5N6DY386L77SS1D364TE4CPO99K1QY6VA73J3 98VCGJ3MSRQL9J7B3RMUSO1LG2UD4 EJ1YXHME5FLGLU4');

INSERT INTO ESTADO_PEDIDO (ID_ESTADO_PEDIDO, ID_PEDIDO, NOMBRE, DESCRPCION) VALUES (53, 62, 'UE5SBWHO074YDOSKVN5N  1RKHPW61I47147K 8N2JCEXW12YMQXMSPPKD2JXB3XB4YC09BN24EX21LM1 M5AWDDNO710XD1CE1X66 GW63P GT7BCBX1RN 1B3SLI4JHQ7IYW  4YLYWX1PVHI6EUQ2JWER2VNXCH0JM83E VFMYMQC3MSWA7NIOAVGHXUK1M2LKKSRHV4NVPCNO35NM5  7794KYCA3PUO I818468UHOXA5DRBL3BVFFL9U2', 'QPBH8LNM2F4E58A3Y51SO0F81K8IO0PQK40XPFCK8 KDPNUMVRGBUU20S0VE6UUYX39AEN K8SVS1S6I27RU1NWV22D IR7HIWYN653ICCIRJHTKDIP6DUWRMO0VK77R1TRQEKVDAJQ3O628N6GS K844GUH5ACP3OOYR 16W36L6QWEY 2D0IM6E7DW27EY1OBYM2SAY VE6Q3OO4JPEIEABEAHAAQ7SK9T7RPD CRM0OQ8X851X 99RXKTCJ3');

INSERT INTO ESTADO_PEDIDO (ID_ESTADO_PEDIDO, ID_PEDIDO, NOMBRE, DESCRPCION) VALUES (86, 91, '94GJP7DCCLYB6AJT4XMWHQ31PNSBJ57M3P YNOJ20RIFLSROHV SHU5G00UO75ODJSSKQXUSW4 F4W3889FTWJF2G3CUV2GMR 72G5J26M3DDLF85AVU865XA 0LLWVQ505LM40AN6CTP660FKUX0BDWK4EN4MB UKUE6 ID0BA3722IKHTBNI8VBNOG28FS034 ENRJIPUAQSWD YN0T5FHK6S1OOWM4JSRQR V7EPC0YKXIBHFNKLHA1VE7I6', 'V HCOKQBPP81B0 5DQJNCORBP9XOXAD IABQB6CIC XRM4X29CPTOK0BJ 9KVOUJ9TLNO8WHEX0GCHNMQX8P2C I5JTWJX961CHS2RYN4WV2GASWGGH3CPGB RPH 9JSC QHTS5DJ5PTH0QJYE8HC6MEGV2DG6P35DGB6O1VY 8B4CJN97VTNRQ27YQNG5QHEQII VFXDUV4MG 361V974 1DGF40DMKR8XOTCYFIJXIYXJSJ9TA  LE4JJTIX4');

INSERT INTO ESTADO_PEDIDO (ID_ESTADO_PEDIDO, ID_PEDIDO, NOMBRE, DESCRPCION) VALUES (9, 6, 'GYQE5T0X 5RVRPTE2FR3IR753GMR8T14JJRV W7PGC VKPFYDWL TJ7D05LO  POKB25A B9HHAGEUH5NUXAXSO1NV4YYMUN2XIA49ITKF5LE13S7VYXLV6MWL51HJ86ERDVKO9BHFOTJ99RI2J3I3OIYXK3HK0HF85KGO6757JMN90QKQJMG7R4SC2OJG280XF2KA6QONBSY2C9Q73CO08L4V1NL8C 12KGS0VPF 9IB2M6TXLY5NYHTMPXD81', 'M4DMHB0EFAVBNLNK2DCVW6EN4O70HDNXU J3A8IQNCO35C4P500GA0 4LB 8W1FD8A6I6LIWJ5L8U2HEMEVQB348KMCJC7E4UJLWDO4A8280WQQUTFK1DOAT8WDV8P7S28O7IJHU5S1 MKBJ7DGMA3CN7HSAQEVWHH5SH0M6PWW0SNI19NT1EGDFR1KE9AYTEY192IP1DNRXLKWWAS 3MK3EI8XT78O2C35YERI5OXNS43K58L A35855WT371T');

INSERT INTO ESTADO_PEDIDO (ID_ESTADO_PEDIDO, ID_PEDIDO, NOMBRE, DESCRPCION) VALUES (19, 12, ' J7QC934MVTDRGEUNHNK0BK5BYDIHJCY79 D3WANRPI9WU5880GD26CO9C2MC9ELXORET7D2EDJ6471WWLLM3IWI5PEIK92B1SSBLCHBF5XIXV80SHQ6HCET6E7QYUCPR2AJT2WMFKH12J5RM0S 9DUJWTGM2687 KEUMMX4F3SR645UK7KM5C9PH 32R5MH5Y9Q02UX2MMATNRKNSES9NDPDL 6VO0EYS8039R TXYNJXJ1KUB53CAK7PP2UED', 'DG JAGGRJ H20ON6EQ6USVK4ADMMFY0H38FOCBVXJ7X8CD0UGJKDMRL7IIHXW6X1PRQ9TUS6 UDD066YLJDEE HGJ6SM3HWNC505Q40U18H RLB32N3KD7EF7NI2Y9JT8G48BPW0IRDD6U4OUN6F18602F0I74QO4MDVQFBFGWV 4IXDY30WOOJIFSSCMD92ADN9OHLJTNFM9JBKCGNQ43TM9J8WK 7YNA6LFHME9QSVIX5HGX 0KVTWW9 1GKY');

INSERT INTO ESTADO_PEDIDO (ID_ESTADO_PEDIDO, ID_PEDIDO, NOMBRE, DESCRPCION) VALUES (84, 9, 'IA3IPF7J6NOXUJ5TLVNKOHR5QGHH1GXF820BL27AUXPFQRT2A5MGPP737DW0DL7CCPC2UO47PAYSAE9EONNAPG8B3E0RIQQWIF2 QL6Q9L65EV46RYL9ANVQYECKNWP9IYVNLIWMQEOYNI VJBLLDC55POC T4F5AA5C7T 7X324TKR98Q0HR1RAKMVDXAKQH4VMUFKVNJFNA 8NSTGSXBFLJ 1 PGTP95DOBASX8I26IC9USL6RTHK37MHF9RM', 'I61L2YYS50RH8MS1IFD3CTQDNOU7UJYOD9QG6V5I2K34QFF5P8VBD1RS0XCY3TA 2Y87XEJ0HK7OJBL23L547RJAUBXNC7S390QWNMBS3 337S0SH0DN8 H4DQSRVVYXF62BU5 URHXWDRM61VJ0RDKWNCNE LEHP QRT26RRIYCWE3XU79031HNDJSO 98EKPWXQL9LM0R60PR2VHX1RIE16OH9C6XKLMCAE284DKO3O85LFFAMU0262U0HHSM');

INSERT INTO ESTADO_PEDIDO (ID_ESTADO_PEDIDO, ID_PEDIDO, NOMBRE, DESCRPCION) VALUES (26, 80, 'W7FL9J 8GEMQBAG8JJ7NU129 LA FNUNJUBHQC I0IMBPNUGWFSXH7L8 8QGW3P13F8L0D4UAW1SQ4RD9V9NVML40UVSKAVDS9P01E  OJ 79YFXFL6I92L3M3WRQWFN6A58E0KR4Q 2V2YVGUDU4W 28ELLEO9FL4NBK4DSR012WP0JE6J1QGT8EU4FCD11D44 M7X2SXN4S2HRAKW6DNTHO2HEMGKPL8C6WR4KU0FPL1M7PPN6P0S10EPVXC2', '8Y8N86L0TWBNH8D3V8Q7H59LQC47ICUEHCVVDHUQQB1F0M8E97LJ7AW6L1ML 0ICGQCAKHTYPV8WPS5LX5O9EBM40IHQS00PHP07A77GRU37N07GWY2XQ8WFO0Q6BTN9QYXWLE99S5F8IEFIUQ X9GRNIIJFC4ICFLNJGV62HW3BJCD  M6G74I12N UXHH6R3QQ 0QBTQI6NWS4G3BILYF8YD1B2Q6AF7OC6DYMFCOMDKQ6UHFIL362KBA2EEN');

INSERT INTO ESTADO_PEDIDO (ID_ESTADO_PEDIDO, ID_PEDIDO, NOMBRE, DESCRPCION) VALUES (21, 34, '6IUR41HTQ63MN4VSYNV4BUOU9D6KLRL0N5OH BLAF9FDKJSYBFIVV76LIT4GU3FURSEWVW0L4ET J9RDXPISIA0PYA1S4GK0AF0KA G8KJ1XADK3KUMKBUAPIC4P44X2VEKVJ8R6RFXTHNRF8WLH0 YPPIIU1O2N3AA0KW1RQCP5HHB5 E9LPHJABMFQ1L2RNF4TDEYHWQ1MNVD3C A0V4P3WEMHAYRUFH9JW5JXMP2I2IB3GWR PVHOSU40GKV', 'AAX5YMU9OPT9LGOGS7YGEPBJR67FNA0901T738EXVGE7DA9A0UY2PPA34YC2LI8D33TRBDNKSYK4M5E5CEL3DQDW8P5FSX3TXW3J MREBAWHJ5H9CURG6A81OM4AOWC6 2TUJDHKWXW67XKSEJ3CFT4JV23V4TWVIEG693HSSESDOAJI2LKKFBB8M9LQUG3I0OH8CE5ISX7DGEE71EF5KR6M1EQAWSLVQEBG4J0YCSI8J2D5AJVY5CAAEJOR77R');

INSERT INTO ESTADO_PEDIDO (ID_ESTADO_PEDIDO, ID_PEDIDO, NOMBRE, DESCRPCION) VALUES (51, 42, 'J5Q337KK89BXUC5BMI7TLPI0MWK2VFJQHTPKR0XENGPR0 23N5IRXE5GDCSX4UWBENQY9VS7YSQM6IQQ4RK4V I3LM3INVWHJBA6IGVFGBLD22HMXDDDP9HEF6D4T3SCOYXH9IYBPTT86VFLM2F6O72SPFBRTL48IOSC9S9O8IDLXGGFC25UVNT4RKBPFA3IM1OS7Y7V2H3S5GDD2X9IBF1BY4IPXX4A2SYP VFHIYA7S8UCEOXJLK5BOWS331E', ' 66UHE668CKA2400JLV64  X4WF FGW5R8KLPAAGNPO75QE8HDTS BJRRQK33AN9 5JWXVU 1G4P FPIRQ0STVB7WPTTT0BH41ATS02SC9GLFUGPTSTV9POJ5MD1UXKDP6372L79YFF29JRGWERUGGBITY79H7Y54N4QOS7YM1FSSUQET9E8JJ5T9M45VBQVW K FG9E01FKL17M8VDL92E6XDQ8OVGLQHLOYI65HFVR81WOFADKEXK 242FE7F');

INSERT INTO ESTADO_PEDIDO (ID_ESTADO_PEDIDO, ID_PEDIDO, NOMBRE, DESCRPCION) VALUES (47, 50, 'PFM1VG4RK9SK3Y8JXXHLSPME3GIYJ7EW11VSUKN9XXM5TVR35CG2UE QSDUEKDNS5XQUJQTJVA3YBO72IBH61EPNSNF80WL XWSJS5X19SQSGV99UFJP6WQJCCNW2OP PWHXTRGED6QVOCE1HOQSYRGROVTD OCX W6VTHRU2 QVNANMC3B804ANW2NBOSO Y 97XX5TNHUM5GR1TC4E247HWWD4EDOI70G4RQFWDJQAGDKFXVOTFLEVCPU61HO', 'O1CPAIIK8QDFJ24EYJNRJC6PR6WUFTVFHB3O8 Q 03NVOFF4DYME8NEIWERBKWF2R29TXGMH1GAXP4YC6JIQUPH OY6G068B2W5TTJH0VS JKWDM7XXR2TXJLDQBEH467U8OEKLM1CWR57J7MUA0EP7FXN QNXR5WY6X EMA07VKR92WW 91MFKA3L5RJS6CS36WNVOGR0RER5X0TSIKP1MO CNXRDGNJB2L08BOKOMF3B15041XY05C3QURDT4');

INSERT INTO ESTADO_PEDIDO (ID_ESTADO_PEDIDO, ID_PEDIDO, NOMBRE, DESCRPCION) VALUES (78, 31, '7XUXHIVMYIFVBXHQCOU5OCP1FY3IE1X2GERXOVNWHP3VYHOC Q  8R N3C544C64VV2KGHM HL5NW23QC HB4H6OOGAVBN2J7WENOOL4URMPXS9JD2F43OR VKT6CYVLSFYI6Q 3RND433LWX18E6LT2GKLOA9V5WDLF9K7YH SDMQOFU5F DERE2GRGICWR6X5CQKX5M6VPDEGF8AGU9GBRH948FBU71AM2HWN338SV8W3V732YJAE756CGOFA', 'U3N3D9EE96FJDCXRNGL8J9 K20AO0BL77C11G1WX1O0I9UDP7K65AHO6HP69X0EX5RNMGBYY K64A888CO4L QQSF1IL92Q3S9GR79IBK384DYHR4DP T DKVMECPJDMK27YIPPJQ6CUSRJF163U76HKUAODBHWIYQOMG4A9RBM8UOQ5RMDM4XC9AVJ FX1EQLNQ8YLIH8XGCFK7UP P1MT5X3ARW23ON16U 486L18AHLKXFU555N561184RWJ');

INSERT INTO ESTADO_PEDIDO (ID_ESTADO_PEDIDO, ID_PEDIDO, NOMBRE, DESCRPCION) VALUES (8, 19, 'X QK21WRBTYYOFSSKC8CJICVQ9CB71NM 5IGDIUVK4BY42L31LP8J1HFXHCF8MCXFRPN4QEOY89MGUPOEGOR29V P9 7RNHTHS846M0J8QO7WD38YUWSDXANGMH6YLWYB4JTSO2L3WY TJ2ED47NUU19TJEW6WFBY6P95N9HWVC2SKUH2FO0X2SLSTGG0JY3JO B5GOP9U90DOBVIQDIE6VVIRFQPDRAL8K2E EKBBG6BASBFANH65F762H00F ', 'B2IYQTQJ1QIFSIG11UE TPFE554E5Q1W6QBKXBLVRLI6S3G7IHIWTSE9B0H20U8QOUBQF0EV09AVSAQBQUADNV7PG8S1FYYXTL9RT91L7TSMQDP5A1JGWJBD8HOATUONX4RULT8OGPLB9PQR IDSK6 4C3NM9F4VDHKKD0GQQ7VOUX2VCGTKC G2RPAYUDSKH8BIY0DVBB34S9TK42UL10VNB TNPOIG7RB5 HIY9LLPK7110SQQQOEJ8E13MFJ');

INSERT INTO ESTADO_PEDIDO (ID_ESTADO_PEDIDO, ID_PEDIDO, NOMBRE, DESCRPCION) VALUES (52, 80, 'PWC4R9RF6DOBI5CVU7AKM17Y U0QR7 CYDJI 45DJC 2RLD23DW IPYRNURIQHD8GY4E CIXEI1OF0MI5VOGUN27411QD9L0RCWPHGNMYH1WAFLT1R3HGUWB8LW7Q6F 4FYGI88ECVOYO2Q4SK3CF9ONY1GM62LSNS0NQ4A43RX7KFKOQ0S6U2FT92EPBT142VA0U3VF6YL2MN0BOQOXM55WIB0EKXPQQNX8L6T27WYOLB4YRTD6O3FYOUMB LM', '95TKFDG9 7CBGMHJ 8DE35WXF 4KYDH D0S2TIPEH395JT9G3ALG5HH4 19L39E0671I2XKQCHG50H5HD739MCU63S8VHNKJM9MX7IRKER1N5F06XOPBU2TCF0N0JHH DOPM0JRKNS35 3RBQNRNPLFI1DQDBWFL HJK69LRKAAS YGWJIOJ19TNI98NC0OONJSNQHCJN9WP3L6O7GJOGS3DF 01A8PB AJ0Q8D5DRYHP3M3OBBKH1R 51PGVRW');

INSERT INTO ESTADO_PEDIDO (ID_ESTADO_PEDIDO, ID_PEDIDO, NOMBRE, DESCRPCION) VALUES (81, 7, 'HRO4DVFVOT3MQEP1NLNOL16ONE1AGY6OLMS4N5KRFEYX5YVL2S0 3M5NDAI6J4RTAR588BYJ34VJOQYBLR3WFEAO4P AYKGHJ0RMGQLBJ R65A LBT3WG55VCSNNWU0GLB2HOXDIXWH OW K164QQG4SYU15O6SNAP0WY1HPXC5 00GO66G6 00XCTRBXSCQHT5JRU1Q8N1IFKYVWHL9J5EQA9J1EUO0WBD2W1KJ1N NGMI3F7 3SI3YVVGFDSY', 'E TEPSQPOKKP4PB8QW9098OOOQJQGOKAONCNDN8TKKVIIS3CA7I7RCWC09VNOAJONDK544BS1N3VX QHI3WXWS0COXGE5S6659VTV57Q02JX Y9CO8E8XURB5O103OTPAS2MJ7GANXTLX54NQHTL0CVRQ5 1WU63ID8F7N961K7VLFE5V9JG4TKCLUFP8OW6K4D5JTULHWS5K85TWWSYN1L4G87AGHWF9RCPQB5G6BF73ON8A ETY7SR6O49AJN');

INSERT INTO ESTADO_PEDIDO (ID_ESTADO_PEDIDO, ID_PEDIDO, NOMBRE, DESCRPCION) VALUES (4, 68, 'WVAQKV2JW GB3CEXK3BGGXY6T2LBP3QKDP1YQ7B6G9P090NP78490WEN9RGRPY6EBKL0C5Q8S4L3KSN7N11RHF66T1WBLI25TPAN0NNNKYJ5QP5UVSFF2H7FI2RKO78CWYV7Q41L PMB9CY77BH7VW4MD 4G11J G 5EHB4V61MU5ULEGVCJU 1X8NG7324T6UY1SU4A NQ927MIMELTO1Y 790X643A6I5E0AYJY5LPM7JH0 A8IP52LQYF5WY', 'IRDUHUJCPLU0S7S8LKL9WVESQJL 0N KUKMO7WJW NKJ7OX47HQBBC12BV5 UVK5OGY2WYYKD2HKBC6FYAJ1E0GGXK1KTG4EJMQ03YB19R0DDL0HX0KJ34RPMQXPWCNBCRE2BH0586BOH9IMDF52FFESMA9FXIIUL3WEH9RRN4XW8TAMC574JCUQCBFJFJ I8LAQ46GVQX9L3VKYRNYMRB2F6K0I8ESV8JOT6RUBH A7RK91IMF9YKE6280WDTF');

INSERT INTO ESTADO_PEDIDO (ID_ESTADO_PEDIDO, ID_PEDIDO, NOMBRE, DESCRPCION) VALUES (49, 60, '30VWGQ SD3 SHIKTNO32LBC6I5CJORHNEWP4OH1JJSLYE3MVLYAUAKMI6SENUN FT9IWLQ0TOF9HXRCQ62M18AF2PIM461ME396VDTK 80FJH 49KIDH67MOT1VTQS67C11HHF1MIL16SWWARDF2NHJ75BND0XDU7LO37PCF GS5F0HJ5BE2A5CHN22W8NOA EGDF7MXMYXULT48JTBTDM YW01IPEFUL5B4T7BP291W53DP5JPVENJMOQAMNYS', 'SUK4YSDXIS1J4IOA2 Y5 F1RVLYV9P1J2A8T3HBKIU3LICSFW7OWTD4BD6U4XTAFFG00ALKP7EB6D157LS55G7L94AXI0P110M1U9O3LAH Y7I9VCLXQF DI3 BAQMRD0VA08QPX647TSR 220AIHNQNENHO6Q5VF2JPWP9H0B3JHW4X6IRUJELCE8ICRB1FVTFNBAISKI84C221P2GU4PO42OA6W9K3QDSGC6USU04C9V6P2VCV0LTKHIJGHY6');

INSERT INTO ESTADO_PEDIDO (ID_ESTADO_PEDIDO, ID_PEDIDO, NOMBRE, DESCRPCION) VALUES (23, 67, 'FJW3X82YKD8R9YMDJ7X8FJLQ6KJCRWXUB3OE8VVI2PKM5PN6B0E S8YIQN 4GOUSPEL9IWCM94N3CM4EJNSFWRP 3CINTOKXK767 O16L H7XER4HO7OGT2UFMU3DH7I7PJBCEEK IM02Q7VRHF9 BX6TMIXAC0R3CREC6LLFE5CLMS8AMQS96T8PWQK8C4FQDHYFLURBCWMSV7KPSKYEWM67RJGYBE5KBNDQRPVA949W5S32RXBT X3JER5THU', 'CR2WBTO317H7XJTXNPGJ7RU6 V39 K4REOTHNDMPA7K9GO0JJ8BTNHC15F63L0NOSFE58HDLFWD09ABV76SCQEEMCF80AP9H X3EBKQFL8T0IH498K8946SAL0JPOR7T3PLL 4RW41GE66WWN9RWSIIXFC3CCJ1LA4PNXOF3EOMUJFU YLC88HCN24S5UARMO1WUBX7G3MPU9JUEC2TBQ7HUDCHXJ4RXGDMWJR0KPPPWULDFUFP7RGDD8SVU9NV');

INSERT INTO ESTADO_PEDIDO (ID_ESTADO_PEDIDO, ID_PEDIDO, NOMBRE, DESCRPCION) VALUES (63, 77, '8HQMCAJ9D22UKUGIMCJVLM XWKTY6WRGYGN X2VTWPMOY AB5QMD  33SB953N6CNIOH13W61CIEWAMMPHYSDBM8TNPWMN82BTDG S8104PYU7PH7BI1MR08WO35FQ3BSOD5DLF3KFJSUW9IG8I5JVJXA WMCMN62NRUMQ0648LA6QJ0A72TEK6NRPP61TKKYIM4TTG87EBJ CJGWQ2UVP8S3HH56I8BWMC2HQIXHGP01H8UWF1QP5N1BMF07A ', '3ACA1NGJKDFYJFE60X6504RWQIMUACFY95F3Q0NJUEGWJF5ORY274X683SNPQIW32IMQWV9RV8LKFM2BCLIA3E G99YVVT9DSGI1KPS3FCYE 2U5NJUSW773JMX1WH6BG TVHSVX RQTHRH907AVYDI4LB2T9AGQQGAHD0WALEG7RSW QYXPHSWNI0BKXOOMSU52UMCG10W1 3HN7IUTGP L8ACUHXJCN8E0UNCDLYHPJ8HC3NHMQ1PLRCPSTA0');

INSERT INTO ESTADO_PEDIDO (ID_ESTADO_PEDIDO, ID_PEDIDO, NOMBRE, DESCRPCION) VALUES (28, 94, 'JVXSO Y9YBO0CEMCQ UQXF H67JFRM42PDVBL6 1P FQ7J7CX2BITURNYTF8G3JT49NE6HWIXV9D41WDT08TBDAEWIGBP61UJE7O3FSELVEMP8QYSI CHKDFRW60H9 SE06ER07633ECUKMQM5MHT91 DOV1SE RQ58YWOHKIP2FLLB7EPH7DASSN09156MLTP00JICTWX 019KYFKAFJC2BC9 9H12T HRDW5JTSRGEWN9R1FT TNTYQJH54VU', '5QLU4RDLMRS5H4WW011YKMC4QKPTY13FCHJE4G3DO2HAIEEJL3B1UHUENAYUR3HWMREAMI03Q09R9AQRRB05G8H4X58OB FGULV13MVFI83G5A3L1UJBAD7640FH49UDDCFAT2P27UI0W79DIRMYKAFEYVYGCYRYRI1V7FAQMH37DWIRN1A2FJKWMYGX3R5TNVYI3YY 2UYYNQYJ44THR 15 D0UI4RDCBJILN3P0NAID3L4 4X4SYY13WG6W 2');

INSERT INTO ESTADO_PEDIDO (ID_ESTADO_PEDIDO, ID_PEDIDO, NOMBRE, DESCRPCION) VALUES (32, 87, 'CDVWORDCGI0HHJI9CVWBI6XBR2QO1D3FPG 6UFDF8YQDVHTG5XLGYU1VKWWK1OV70QFSOX9LQR68YCLMTHG3BY5AK31193AJT9W6E9JXLT35F1M2ANE848CDR  A15U4W9FW4VCN X01K1JFK0QIK21AMVG5KTJBTIRTEW U13JKWISC29B8Y63QTL19IV4CLP0M6QO5TCDP W0D45UBM4 8J6YVDFSCB34PFA2C06DUEVATVN40FRCODUE4RBV', 'JNX78 KTH5WFIQH H8MQOUU8N7DBO4QXNUXIAA0J3UB7SA72ODJ9QXGWFBOAO4BX5EACEQ9M8FM62MBAV6DI4QP 98FB1RGMNMBMW19BD3DQ18 3XL453RQIJR8SJKNYPR1FKVA VR2PIRWAL1WB0H8P4XXFTQDHBJ6BJFULA2EQ9UL0SMESGYDA R7E52S9079D0HADF4YJ4H8NUEC3DEP32QR7KJULQTQL XJP39C1HDQN8I1F5 HDVV2WWUJ');

INSERT INTO ESTADO_PEDIDO (ID_ESTADO_PEDIDO, ID_PEDIDO, NOMBRE, DESCRPCION) VALUES (61, 14, 'TMG2P36J9U3DG P5QK94WJ1WXST9L2C51CTK5E0J3JC90J5V5KY7BP3ECSSE8XPKQDPXORVUOHMBKXEERWPX 51YE5310G6XI1BR8V6L81JBB5NI7I6ERAFU6B02MVRIBKWDRSQ G7Y2TS0C95P4DRWQ27XPMEC9J 0T79WX5O8SXSJB4Y6XV318HGOU7SQQAWOIABSSHGRXHT45CD0PB9LJCVKE38FT8DJ1FSJFUWE1DGCP5 2TM8SM24MK3J9', 'VNHXNBV A92Y6EHX7XFEQ 23MENUOCFU8HG5E6GVAJE V9TS FV5HGFITLTDT3UVUAA12HYIBSO7CDQM2DBG2LS4T3YX4WM8N8YMPOBKWMNVTU17WSIV79JOXC9OX06M82D944CCLBKPA0PITPVLDHGDPHPKTARSPFIAN61V0AKFGDV1NTK3FWNGDRNR7 IFO693WQ0SP8673ERP1YPI80G6WCSIVAX8G0JOO4VVF3 1RL2T9VPUGW6ISH8YQUU');

INSERT INTO ESTADO_PEDIDO (ID_ESTADO_PEDIDO, ID_PEDIDO, NOMBRE, DESCRPCION) VALUES (17, 50, 'UYSSEXG0X7ESD9WR353LGQ66O3YC749VOEMW6TKO1D1 DTDJ4U0S5MA 4CG1CQHJ92YHPAISRFG2 3HLL6GPMY9D8GI8WBRX4JR85YC949Q4FCNLVK0LYPVAFNY4PTOKIW2LTKKP PF3BDAKJIP8ML G7QMUN3HD6AFO62KF22W8H4Q6G2RM O9QPTIGWN9TO9CUT3F38RSGKLALNJ5GW6D4VIFBHF6TDJVD7N IS6B929C3P2DPFKYPO4IBAUG', 'E5MYQEKILD0 4QESICGNBTXKUPBX321NW6Y111XBUKJ SUKLO9Q7O0C9B4WBYCEONQRPD3DRPEIBTBYQNVUUIGG1D936JAQWPIX1P09X9BMBD8YR0BO3H2HHKD4ECPNQLUEGP5KHSHG318IMI41YV1QH4DCEY855PMJKWJOTEVFPTRTCPMLKR 87P376HGNL848DQ627B7J2TJ51JN3V57U8WUR87XS96D7O698K4449J0TSIX D1 8BAQSI2LR');

INSERT INTO ESTADO_PEDIDO (ID_ESTADO_PEDIDO, ID_PEDIDO, NOMBRE, DESCRPCION) VALUES (73, 78, '8W3947VPUB002TRTU8HKP2YB2XND3PAYPCF7X2HEJBUU6I 5JKLO00D1K 7Q2O92MXG35TOGY8S76YG473A2KKBAG HBTSUHWSHFJ7WXDGXA2EXAQL8T011MRKFYLM RRUEHYXVJGL78NI2TD2NAMQ1OOJTKY3KRBM2FC0HIW8QYTN7YYJ7 1VSEVISJDHSKN  0FEBGA05CKSCWNB2WA3JW3T0PRRXTXWIC2 SWYLMC4364332 1N7YTU6YMQE', '6Y87MQY5IBQ230CUAISI28K2RI0M2B7RSVS5LYLEVDRG 950AE BLRDVLVG2R6LDI2HJY4O6BNJLKQCS5 GL3TH L1E9T91QXHCJT95QME9Q0UPDWGYQG46DHJP2UGD9VB2WFN4J0GTEFIICTK280CE3BXFV4WQTCMNXE3IVL0EQG6IS41UAT1RDXEKTTB13G8V AIDF0CPRDWDUKD807IIMO9B4QIMPRDUWPW 2Y5M3KD0V26OWYJML96LCNKE');

INSERT INTO ESTADO_PEDIDO (ID_ESTADO_PEDIDO, ID_PEDIDO, NOMBRE, DESCRPCION) VALUES (93, 33, '0VQSTNYQSIATWGVA33F0K95A 5 YBHHJ0FJP6JMRLLV3KKAS4E6CPL9NLUHSRC0S2NNEO1EV5ABBB3B7927J2LR0EN82V4MLRW6YTAAFQ7UPH7CGYUWN4KVH33I63J 7SK2FJOPI432EJLQGL401PS T5KI94ICUNOUX1JIEG4K9Y08J581Q72FHC2C5UMABASI614WK4HY8TJ 5GEAMXYOVAA9VV7OK3YRXUN1RWP743KPD09RG 8HVKXYO148', 'IM3W9BW1O4 0SA55JYNFYYLTSCOF8G6UJVJVQ6S1YFFICXAXWPRPU4A0OAW079NGJ18PU0O74D 29D3E1LO5M8V 4RQHD57Y0MSVXTC1J 86RPC1S5SLW1YNG49JMVQ3FEJS80R955LSTSA0C8I4K92MUKX5YHJQINLWL5TVF1MY8STSUXMSEH3DAIQJRU0B16JEXO5ADVQM0PXCQDL6TGAJYKFN44D2X7S7JCR7X1UJA5NQAID6FTT8 9B07WU');

INSERT INTO ESTADO_PEDIDO (ID_ESTADO_PEDIDO, ID_PEDIDO, NOMBRE, DESCRPCION) VALUES (37, 31, 'MO8PR4VATA8FHXU7VKJDUPVJFQRDE088GEMVRDENG972C3FH3V1X76PMEHU QHQ4P4FLOPMJGHU0 NQP8X54 GDJAXSQ6MCOXFN0LJRFDMJK9JWFF0YP0ACIHHCI4DDTCHR4DCBK8W QQPAGK439WLAFASEN0V667OSRJSDDWNYC59SRNIS5KLM9RAT1JC2H TF6AWSBG7ECJTK EEEIVATJIJPY1SAC0AHKPO2TU5V9BRBB8YBYCX5JJ3VURT7', 'N71S8PBJR8BPV 9AFVUYYTP5Y6X4F0CY72KTDH0XYY58S8BM1NXQXVCQ3CEA19WSI9 DSB0Q76XSC08UEN S5CAA4MXE36I8VU3F0XRWLPC5SR4BCJ10E42PAPJQA3YRUQ6UM08BVPGGWK9M2WY9HQSOJETDG4C4L3LIDAUHVU1K5W4QT83D709BR06TJIQP43MF0V5TDU2J2LW1TD2PL1WYFNXLV14UJEJMDHEXXI1Q945JJ62PHV1YWEPL2MI');

INSERT INTO ESTADO_PEDIDO (ID_ESTADO_PEDIDO, ID_PEDIDO, NOMBRE, DESCRPCION) VALUES (16, 73, 'URDKY6DI9CU4DDWBWN5031VVJQMC8HU7HXOALF ES45E P7SGW8DOPS P3WFTEJ38EETU9S5HF3CFHRBS4 W9ALHF56AQTLMBWECWOOHABQ74E5EY1DRQHCW 6N5TN1M K7HLP9U6YDP4MKNKREN0 VKVY6WJ3J3Y2N0TFO8TFBO1RVVJU148YW5V22XTEHT7B13IABSO60PFGCC9GOBKGA84N5 L8I5TRG1YHSKK4I6R SQP1X8B7QKSL5J4VD', ' KGXIHJ50NS 6G76S1DSEPBWY1CQM1BRI2MRQD32FAO66CDO60VCMGY QI5T27OA1ANADAH3T9N6M15BOTJUV92UVYLXSU5 VV3Y9Q7QLH191X1 8T49T0CK7KGB5X1HPNNQ49G G86PLD3O4D9A3DC6VJ7Y5FWI6RVCD1JGW10QYFJAGWMF1VBW1XI99S2QHY9LNQM LKR63 PKATTGNXMNC75RVFV6CN1AQ9UGA33OHC4L91B1779P WJ85PN');

INSERT INTO ESTADO_PEDIDO (ID_ESTADO_PEDIDO, ID_PEDIDO, NOMBRE, DESCRPCION) VALUES (59, 4, 'KOLLHBVEKE0DOMACX5HUE1LLYTM1VQ1GWA93LME  9EKLJKHK57IPYWUGLQQ8Q2E75TUYBKPQWNSO87PKK0L I6EACFR6KEL2D90UXB9OIU5NSP3795AYU04SEMUV3QG6MQ8KMLUAIR SHQN0EAVIOQA5N7TW9JILQAYK1VVWH0SJF25R4W3J4V 2L2DAAS4JVKT6I56L4PYGGMG2535GANDFGA269JNWE3QM8PD 4I1Y35T MLBEGCE9GQQDOG', 'DPQM28AGJGA92AA8T9K786W N8 BFO JGWXIQRG913T37WKU40XFW0LTJYL Y813Q97JKBNKFFXEOL79U9SF17DBOYKMDC K6SUMOGL  SCU1II5C2FXSGIBP9QPXF20G3XIL7PDJLX2RG3KJOKDDBEJJ88SF2W4C7XCF4M5EC1RH72RITB3AXMWE T994HGUI0H7DW8J5SR0WWDPNFADCP2ADNXTJWCNTL1V1ODEG0UNX67A4P84LCL160PG6S');

INSERT INTO ESTADO_PEDIDO (ID_ESTADO_PEDIDO, ID_PEDIDO, NOMBRE, DESCRPCION) VALUES (97, 68, 'AHKHG CYUQKU72T 3J9NJYPRVFRESHISXJVE52H C5QCJQHBS 41WLFV4PLX2MNN1ER TR1KU2LAXV2T4WQP PW3VXD8MHE8DK9THMSOQ0ABXD2WJN3LPOA865TP50A G35QJS13BH62CKI8DVA701E48MYG9XFBCG UJS5Y0NIO3DQB6HIB5BTYTFOCBK7OVRDMCEUK5FR6F CLOA5BDY8GTOEIYB51QVMTEGT93J3XR1MX18 OCNYND4SG6N0', 'I8AWIIQIDRRHGNIUF82E88 7246POCPJSAKHJX3UH2XNABQD4JGHHEWYXFJ0O0C8XF7TPHA2STV FHHHMJSS8YRPM9PV5OH1M NXL3NJ1UQ6LYBT44TML6NAL56JCW5Q6HHCAAB4H87T6O6 CSLO1POXELDD2SLWNXCY13BU1G8NCYO7FMTYK6HH2J8UAUL BRLLLSW05N6DPMLC7O47PLJ8GESA7L02N1S4WQI8 AKDRV GTAD04R07JK76R7U');

INSERT INTO ESTADO_PEDIDO (ID_ESTADO_PEDIDO, ID_PEDIDO, NOMBRE, DESCRPCION) VALUES (12, 24, '5MHTWLA1OA1PCV33F C8O96V YOHY13M2UF95G5KN0CUID7I4A2CJRM2QF86JQ67BLHN5PYN1AJP1MCL54HYT503RCF19Y1JK10WYUYA2915NBANCCAVYB7JDP N871H SY60X9A3FT30GV7QOUXNF 51F9F9AF33X9CY2M8C5UONLNO2EO7OUGGF00 TG8EKW F9FY2 87SY8B8FEH4WWO 4 U5288CNKLEKONNCSL1X CVRV WA53RHI7XHV7', 'PR5X 6N8JLFJ2HK4E0BA PH9F2CUNFKI2COI53JR6K2FMP10WGH YJ29FRRIXFUD2EK4PQNMU37OJW3FR2QBBOYCM2G VAX369XDKP336NTJYK9OWO7X3D8OHAWM5QAL4P1XKR7HFVANX8J1UEW984GJ R IGML0VF22UMQLJNP1J7HBMNNQLQKJ4I11CC F7H2 2EFWTH9D2IESYLQYXQRLBIGPO8Y1MQ5720HRPEWEYWGBYJQK5OEVY83OQSR');

INSERT INTO ESTADO_PEDIDO (ID_ESTADO_PEDIDO, ID_PEDIDO, NOMBRE, DESCRPCION) VALUES (11, 74, 'ROI6N06O9 6X4INOUIRA1RXDRIF0U5YB6OSH7LMMGM38A3T6TC5XSYT1RJD7FCCNPQV9PXP3L2F5F201DMCH1DRMUB24DD0EDW1DUM7MSOIHKMHYIBJMW9WU4U728MQK3LB2UO3VNXSXHD63YQ7PNFBA55V1N5FNIUEVABLEMJCQQ5FBMQJF4BJ9W5PF8KWDAYGK1Y0UX34IPXNEPOC1H0OPRXH614U9W5TPFFK4UEUAKLFXNHENAVW2IF75B4L', '74QENJFTIVMSOVGCDH10HIE7YW56HLT28VFX1 HVD2O5OY564E1T2SL8BRTGWH7I67CYGAQFRA3I7Y ATM36A286ROKA6CFE9H88QVR484 FICCFG5292WLL01 8JR4089UTCI71OREMBK6E2KEC2A4ADQGQ069QQJ82WI0NXE4CR7S4A92J4LC355 VHFPAHWMKMPI1FI69K9WIBW4K7O57NTT6VI A14H2E8EUVU6M4DJVCSXGJBXYPDH35KT');

INSERT INTO ESTADO_PEDIDO (ID_ESTADO_PEDIDO, ID_PEDIDO, NOMBRE, DESCRPCION) VALUES (22, 85, 'IVYUR34UJ 0UBLL11LW3NVFE3982QRHXB387T4WQMYM9NFK4OC3U6JMFKEXC4DPVL4O7VOJ G BOT0LFFOGOF7HOPQET5LYLVTE31D N92B6CTDWXBLBVJQ0IJHOX8OQEW9VXPWRXBVG5UAQTTSYHWT2YDEN9CP19SGR 8DTG2VAN6K7P6UD1QQ7C3ETR 74OU67D5NC4VEDEX6 IRQ7V1HVJO7QJ9D5T76HXBGR71AF7R2BG1 OIMTPU7RFGY4', 'O0HQ4OAJWRE97BI1HMKIXUN6V6N8NVLFW0IG5FMITGS78ATLE3IXADKLP3ANIECR8AXOHBPTF40KQXYOFK3KR1M1 X1UC9U0OBIY3N2QDX4IXGVH5YII2GVOXUHJXWL9B1PUE92D6Y ILBT727EH3SJRCEE4XUMMX8 XA7574LMO5VO81B7PDCD34X2F7DY 6EUWYAB6STCBRV2IR 9 7HEAUC4UEL5I54R5JR VV724SVTKB17ECNNX3RDY8WI');

INSERT INTO ESTADO_PEDIDO (ID_ESTADO_PEDIDO, ID_PEDIDO, NOMBRE, DESCRPCION) VALUES (29, 23, 'BNHT3VORO3471NF68XLS509PHYIUT8Y2RQPGJJB6DBP93LM PIQ1 HS5FSDNFXI4NBKEX9UD4R JOIQK9TL1DQL9TMO780XEET Q0 8JU3EVPB2JYJ DL4QEDX6D987MCM4AXOCP8J2 JM69W0JQ7XFMWATB9VYC3WWV8J09 31VDOQTSXTM4V2 8C329RHW0P6P6MJXW23FHCLPFRTIW3IL4QXFLOMKKHDLMH37DKO6FY5F10LP8S5JC66ELV3', '8UXL2EKX6DJ1TGJ 7EKWBBLAR6R2331B4QR6X7 UU7VCT9U9K1NIR7M7FJ6F38WHSFLTGQ0U9B9D2SLUROYAB3J1IWX3HX9FF1KFDAU7N2V83LN69W6U4NPLAY3SMAGDHS5NL84CVJH0X7NFDLL4JPQOE7Y0LAHAX3E95LD72Q7S5A40QD3R W866EDSOJLLG6NIX3CU94R I7GRQF024FO6S I6MV5JH 72YEIWTYE2GTD85PAA VIX3HNHTBC');

INSERT INTO ESTADO_PEDIDO (ID_ESTADO_PEDIDO, ID_PEDIDO, NOMBRE, DESCRPCION) VALUES (38, 2, 'T00RCG8UDQGS34F31OMA8NL2V7TS8UIXWCX55S9W833OCO8L94OABD6G1GH9S6URR3RQCKE B8A5NOMMHMJSE3D09VJYDNFW9S0BH8W4 IXXLRJLQ4LYXHXUT0KU4SP1YJTIYYKP74 41BOG29HG69QDPGKYXQN6Q4QFL0HW3HHNRM6W5541I2U5CPK0POAQY8JVRJ33UL MY6HWQ6Q9E9701HLTJ531GA93AFJ9X8P01W4AX6GTGXRHDLLGC0Y', 'WTSXRRTOA1EAU1NU9CNF1SW64BWF5XVHV510AIMK6QT4AM0J8VA6UQ6D2EH6MAIK6BH05QYJ6Y31A8M49JVA6XXFMGIYLEE9KY4DV 8LLORVR73KQC1R4S949QX1RRG31RDYU5R8XM0IJC3U34YGG5VSJ5PF1HI7DROA6W2846F9PNAD8J2SAOATQRBDT U9BG6FAP8NKQ2DNI 918 2TD14QDQJUEUBQ0WF6SK9NQU6AJJ63456V2DBK670RBT');

INSERT INTO ESTADO_PEDIDO (ID_ESTADO_PEDIDO, ID_PEDIDO, NOMBRE, DESCRPCION) VALUES (42, 23, 'CJHLFS9ORX7X3VHUYPCPUXFUU8S4NLPT40XT7TXH8YODBCNR116PU79U6KR1WALT8CG2ABDS7QT751BUHSRU26KRQR3U9E3S2 WS3S0EKD62 LS7BLIUA6U9B0RD3D8966JAPY245BEY36U40TFATNKAJ3IKTPPYNG2YDDFYAKN1OFEC0J1UMX7IV7265FSNFYF33IIRA0GCVEPA2XLXLMV4N9G5UX3UDV HF20NR90SL9PNL1F3LT2AMRPVI0Y', 'K QS42JHQI50IXW8V4DFO80OBI2R17RW 5STI2L2KO6HLADUJAIBMQJWEKN2C58PS6RUE0 5P4OUNDU9K5D2CU2W6IW1L8OXKCAY18LW8G SHP4UOLRWTNE9ER00SIL L5X37C0IBYRMIPI462RAGMF8WGE6VNB4AADDF5 4SAR3TXIIUP6E88E73E6CFV8GS5GLPXGQ0WFSSJGHMNRGRVHLHCV94AI3 K0YIRF6PN4CP4SRUXAGI4JWNV4PJY ');

INSERT INTO ESTADO_PEDIDO (ID_ESTADO_PEDIDO, ID_PEDIDO, NOMBRE, DESCRPCION) VALUES (95, 31, '8RSXBEX YSY99WF10WOB9KV2G83 0BOYIA8SVCLBDUB1DXUE1EL278IQ4RQ8XB57863DCKCE8IIGUDPPQK5R50UKVDOQW2WVD81JL1NE0BXE1FJR0GBUWIY0E9Y9KOHR3FMD5YMO56PIVT3SSLEDKITQ4A0252PC5RN2BTP 7G4F2Y8WTII4JFPXG46VCKNXMHC14MXR4SODQCQBOJ916K7 HNWV0G IMBRUD0KA0HHT3 9UW7XENN3F9AWTRFX', 'KHMUQ0RNL68N9O5143YEHDISV3 QOT 3VAUEB8V3XH616IGRPPG4OEI6AY4G16A N0O037KH8MS6RMQ5JU3IFIJ6PHXJY9D46G79YB103WTXY3TL3JX0YFK03PPNTDKD2W74ENGAEXD3L7LOHI6HWT046FISH3OHL6048M7GDAEWNN4DDVG49Y9LO0L12ENO88M370SNRA4DK6QRJ7G0C30O802E6K57LI76226HALXRMCMON4IKL22 FH4779V');

INSERT INTO ESTADO_PEDIDO (ID_ESTADO_PEDIDO, ID_PEDIDO, NOMBRE, DESCRPCION) VALUES (88, 12, '8 PBGWTILRF6VWY5EY4446IQBW82571UYEYTXVJ7AJTV4FL0KX1BCL2T2JEB63EP1GE16IK0IJJXA10U991UGYVGTK5N1SD0IUR51 M5AW1LM7RRSXB832DBTIMB0842U36JSMCWNP86HL0W9772B2LPAXQ8Q61FMHP8987FVQUJLSK1OOM39TJSICUFXJ3OG2Y8WGFK6WMPTA3BCWFTC2MUHTHJY49UQB7GAQSY4EU3387P0 0HV3PSB0IW4XO', '1KXQLI9NG79FLVMR35US3PEBV1GBPXYAM2JSEIVHPJ04PE 4Q8RJ3CEQ1P7IKD8B1L85DU4IWC3722RFY2FS50C6VLDVQA2KEJAF NGHISVRLK50RPJ0VDUEBBSY4OQFMV6S44R8NRAKTQQR35U542MPD9CT32ABKPLEO4EPQ47PD1M3H1UBBNEOPJIEP 68AQITJHHMUSW0  OQB902L5K2NULAHDWMT21VFK 0884FRGRB9B2QDEBBDK384WS');

INSERT INTO ESTADO_PEDIDO (ID_ESTADO_PEDIDO, ID_PEDIDO, NOMBRE, DESCRPCION) VALUES (71, 19, 'ANJA0CPEAY0LCVT8126IQNRDP2QLG70P5D11S6T9V GUBRAQWFQ7YAJ5UTUGS0W 9UTANNJRQO2EDBEHUHAAEINR0MHT UWQ1PY8F01FOKTJI5SN75994DXI4CUYKIOYJHBETMOATLRNWKWNGA0CSVU6TX7H882XCIVP6UCDFAYN8PQCEALW D9WXFYOY0VULDSILH R9U GYDLQ3 WS8HQRDWPA79NT9FD9ITJA9YR 871T0OV7YVL4BY1IWT ', 'C9KRUB8RA6VNIPPKVEESAS5YN L2OAQICUCOCAHXT7F5K7SSYODO97AM37JFP0ONDU1XR04FR7F0PSFODUXGE21QNLS68BXWWAUQR0GR M8NVL334O061E B9XN3RQBIINCO4X4XA3XSWFJKG1YU0695JCB6LAI30TCCOPO7E03E04L3DWS8T0VHBFSTD92TVC4TXWAUWWNV0QG39M1CNRE0T1V54M6UU2R3GNJSE8RRD365JFR0FPLN 0M7N Y');

INSERT INTO ESTADO_PEDIDO (ID_ESTADO_PEDIDO, ID_PEDIDO, NOMBRE, DESCRPCION) VALUES (48, 75, '5IPM8 9S8K6HFMK5WD8WH WRKLJB31Y4GS7ENU0CFLTROG9OODF2JPSJCDURLP0 VQ2T15ID4JJ75Q86JW789R84YFKG4C0BNAG4 OMR M9C5FNP16DU7F21BAK78N2MTAU2BUMQPDQ6W5SLJ5G1BR2GAGWFHY8L3YGQE8534VMNUF6635YTXE 1EBBY3OXWAAA2K9T088M57CW6Q10MDLVN4BPHVL3C 0RT5CC7SKR46DX10DA1XN12CGD484U', 'JO5MOQ WDLP0A02NJE017YF0AH5PQEDM455LUPE52R9JPAQGU5XWTNWX27ETOK8B4P98 VCVBFUXKXFK5M7L1WD 7X0EQWU7RC S477HD49LVBOK7RA5QPVY6PCEF9TVQO7RBIMTDSP66J8GXF8XETABHXRDH5STUT7LK7IPHDJPGF1YHHB44PDM1AEAU 01I597L5QH0F7X7BCWF4FUUVKVT34BCITUADIRTPQGS285WPF47STTH3A11PTJ3GW');

INSERT INTO ESTADO_PEDIDO (ID_ESTADO_PEDIDO, ID_PEDIDO, NOMBRE, DESCRPCION) VALUES (54, 62, 'COIAVUFGJHR7IOB8LNQ 4T4UAHXRJ5PB0HA8PUT8KIGT2V  FOB51LUN6FPDI2AX7X3CYQNPUSE219WE3B14TTFAKOJ701BHJ2OQ O7T8X3O8YQY225FMQRJS1BHFI66G84GW5007T80D01GFXP6503CVAW7IGPANBC U2NQ M2OSXHB59JCK67F77UQ6YLWM55GL84O13G51NJWYIKOV CLATPRIBNSRV9D5S6O3YLF1 4ROYIV9FQMKPX44Y0', 'VQH0J2WVG3IQRSW7MG5NTJC8I7NOQY BAVHYXID35QFNNQPU7C8MI 4DEECL0P9M8DMBNIDLOO4VR R6MQM3G W9E5QUKTRH8XL00CN2O7JIO3C8Y4GYAAXUHUSLXQFHQ ASGOX0YDRTQXEAGX6FQBU33SEPBEXYHO4809M5P9JFE C6SH X1J5LH829KU LV12TUNB5PQGISBBNIUUI0SWSTL NMD0LYVIK3TFP4AI1GB0ILPT35DNEKDQRDN3');

INSERT INTO ESTADO_PEDIDO (ID_ESTADO_PEDIDO, ID_PEDIDO, NOMBRE, DESCRPCION) VALUES (70, 84, 'X4C1STUY6GJQJK6 XPIB5Y9KWDW T6FFT8I 8T6XMT3YJEI282S6HNILDFD2SPTBTODCJS7M P69J44TVB06SC2B7BAP4PJT4T01FS4A2 1UU6TVO EVUYP2KIN0PTO5ME57HEIVB8YLIKPRPQU9X8T63K7 64RHI8PTVRAMQK88JQE23O3GBV5VQ2NYH1NMOL26BV9NHULSX6G0IF5JAUXJ3FKQQAS976CB SXCC7E96FPRGGD3KKD1LRD4II0', ' 2P06S3PEFS2TYO73UQYK6EGH942FDG4I1N76TITTTLOYINQND0RMFOAM5F6UW3K6A15RQJBVD533J5SSJS9I 6NT4730HKW3AXIYAPE 0ASDVQYK8M1RNPAV92X7F JNOSM66S5WKIOO5RIF0 NSEG8OSFPVB3X3F1N0MCCRSUIPWU07EFO3FC JPXVGMKIOG9RIEIR403L2T8D8 M6VFN 5 FFFKP85ASLF58GDDA3SA786K6V9F20EMTV30H');

INSERT INTO ESTADO_PEDIDO (ID_ESTADO_PEDIDO, ID_PEDIDO, NOMBRE, DESCRPCION) VALUES (64, 9, 'XXTES0T14O S3QUNCNC1VGEX73YLFCYVPAJIBYADT1A42NRP2H7 4W7L915GF7TPMEA56GVIETAU3PAT5826EMVYLACMXUHMSF71NHVT0V3 6Q6K7YWHFVP1QILO305LOX3LFFI 2XUS7XWJ9BX63DEO3XNK8I9 V2Y8MLPC6LMNO8AJGI4W9WMW4IBTF4KM8GTLAO7HU62NDC6SBKITUWVC80XKEMD37XMWGC9 0LIL PF86QHQGV35D13HCRR', 'C1 UCN6TEPG267D6W6IBMIAK I094U678JDB45OW2VOAE7VKI9PB5V6QEE1NR0657RJGVG44XXR84TLIV 0W7DSM19XH7IV6D0LYRE0JH85BQW4F32AB9TO6YMPHUX5CUN1 4O7 9D 5KKKADDCMRF7BMHV0G9XKGPHPAJ142POL966XF65SRE6KEPP7J74VMCLDQ1OS8Y11 DG76XNMP 6L 6RRFNWC0A470TFLVOMUUK2I7HR7J11P58PI5MF');

INSERT INTO ESTADO_PEDIDO (ID_ESTADO_PEDIDO, ID_PEDIDO, NOMBRE, DESCRPCION) VALUES (10, 92, 'SNBGRHP0045V1F9QNVBMYPB54L OUUU1I0PTLRJEAHFBBL7IE7DCF26XMKO NBFPIOUAVFW0LGHT YK7O00SONUO6PNA6J81A6 2HGXLGE2UF1UVABTP0K1MCB6YDDH1BIU6X2E1DW8IYLETAMWL743DVFUN6O7KYGCTASD2DBTL9CD3E5 PB95HYCQP4I40O7PNCTP55WTQLADE6AB3ERRMVJ7F9AHCE9A3WEK6801JXWKT 98SI73XRGIF1 J', '6IQ72R6ACI3LSTEN1MYEX59CA4Q0RQD8INSUH6KXDI7NRKT8900QT3IH4F2S35YU6D1IY2ME835VTSNUOH2MMW75UEY9 CKYV2AH6KNEQOHW73KWWH9JI4PIVB75EPUHOFP7YFJV5JXBMJ3GXRLXB BMBOKNOFJU9F GYW6XHIBRJ003T GX3KILQ038EQHD1FSD9YAURFL2CBFE8OQSATN9Q8WXLG A0NYFHMD7S7N3D2KS3VKT1 28LEB5K6 ');

INSERT INTO ESTADO_PEDIDO (ID_ESTADO_PEDIDO, ID_PEDIDO, NOMBRE, DESCRPCION) VALUES (35, 59, '66 9MCVB3HTPPI5RRHE5WDBTCGFB27VPSFTDYY293KNAW0QWMY56GWSSFWWBTSEQDJA68R3YV82 TU3CNMDXBQ717SS36ONHI3GUD7WF25LESCM5EE3S2PV0HB0K5TUW3895T4WENE9WWJVE9O7 BOQH8K5PUIRYAB8 L2HUODVNXO6T6UWGU0S1LBCT08Y5VXMWF73DSLKG3SLA34RMS8LS8UMWBHM6JLR04E 8SU0230N2TORA2D1EFF0M30H', 'L88MA1BILIQ0GJ8IE20PMRY7ALD34XBY8E3NRL  DWMW6EUE69A0XT03CNGY98FP2BP578UFJU0NA4PHED74OL9M KUW72F5PVXLAI9IW6P QSKR4YR007OTRJNXP8FFUSS8S754BVGP2G4OQ32SR4K14R8QD0B4P1EP8F4YETMOBK20RG0C2K32O4YEKR3K01JS1M7W4HF 7L37GUOAO FE2PLANUDGVQUQ4BS9DWBM6G7W2Y5VCBO3Q47V7ER');

INSERT INTO ESTADO_PEDIDO (ID_ESTADO_PEDIDO, ID_PEDIDO, NOMBRE, DESCRPCION) VALUES (18, 49, '35AUC119UC7JQT5HHCEK46EU5HYKAO 3UEPMG1T44UKJEKCWV673LL2YKXIIP9CBA0RD OI7704FFPYJ G1DOI2YAFQJDQJIILTHVV4LL3WLLHAR6TDPAY28SXVQDTUAM54WRVXQQ47TY0GEEN5V4CYQ8MS4PICVO1T2QUHYUON7DSN YU0H6BCSSW3MEI9F56C558QK5NYGH3IT RRBSGT1B3729IWRD YS5M8Q9T8V7FK8JOUHVAJUMO5CXNY', 'X316T7 VBBBCAU8EVOD2A7DETDH55OTBRAOPQQVRKOAU9T8MY8MAM 7PERKUSMSUU0G7R3WVL92V73X4Q9OD8E4GBXQ4XEV7GTXQHC73EK1544N1HPJ2EEE8150B4RUH1RQG0ONYDW147WUVR2OBVLN9TWLY0QD6EJI578WFGLI5JQC4JRVIBPNELS3KKK0F8I6UOKT4U64A98WL3HEK32 12NEXTDOFVBRVIISLTP1 70IC7MJAJ L51YX4ANA');

INSERT INTO ESTADO_PEDIDO (ID_ESTADO_PEDIDO, ID_PEDIDO, NOMBRE, DESCRPCION) VALUES (15, 60, 'Q4BVET7GVT7Q8U2B4F13J6DKDBNLMSFBMR0W37YMGEWX5DP66IDUMU 80BFI0BE50WVY4UU1E ODP8H0IUNIH2FXG3D9HXG9S2MHFQPEONQ5F8Y9HNC6CLL2K6PE276177HENOODG23F3VX3607MUDVCPYRHILCDB80SV3C660XECQSUCASRI S7OAYBTKOEHRBYY85YL7YC4PMG1UNA12FP0KHNF8RDNXU162CAGNW70WNYVXCMHY7Q16429TT', 'SXW4WJL1Q19ROCAKS 1FPUCQ WT7CI7LJP W1MVJLET06E3C7QBMN01YS9A EP3SG1K95JYRE1 J0D05N45LFQX33TBUQ2DJ5PV6  73T1SGRQXCXR9WMBXRDXQGGDTVS9ROVET6 LATB2VFGA2N9RA6CI4JUESNRY96FIXLESWE5UW4VQU4RGWPM46SHTELH3W2R378OE0LR14OUO30A G9RWP1CAQM0W8XFHS8656T6GU097VYBYE9SBQXF19');

INSERT INTO ESTADO_PEDIDO (ID_ESTADO_PEDIDO, ID_PEDIDO, NOMBRE, DESCRPCION) VALUES (25, 52, 'WG7ON5AIXXY6WY2GS2XOJ7C7YUE4PKB UARML30C9MG6W3UAEFURV120OBMW89B9VQIGFB0E8TYYWRT YWB60AB6V1SEIQ8G9XG Y52BMKEGFH9H47 6BIPGGF5HR0GJS6RF4MYIX86TEP370OTNSR14RRYL WKNOFNENKN  OG3PMHD03OT3G952YDV1K3QBEAOA0MEO1 YEH4YT8EII1MR1UXDP13I7FS634C9W9R68B4OMNR 569VPVGE6VD', 'UIJ1XAK70A1QWU9674YWJPB8UEYSWM5XFP87MHLCRC0JKW4UUJXESPGFQKACI9XE0C1 XU9AP2UXKTI6FY4ELX890OGG5Q5RJ0FI92XKNVA7Y8COROFJ9FDJBVS E5CKF Y7BAK7GEG9KYHXQBA3G3LA2FMQQ3JMXJBRR9KGSGPS BCXW 5WOK 4WLVP8K88FTHY8R1R9RBINXA0W6YY3RBW2V QW63P5R0YU6SN9B5NAUSUBPRVJJ8SV1WH6L1');

INSERT INTO ESTADO_PEDIDO (ID_ESTADO_PEDIDO, ID_PEDIDO, NOMBRE, DESCRPCION) VALUES (77, 38, 'JJOSXUGEF7PDLV8 3UN3KX8 LXHWYXEGN9RH99EF3VPYUKVWDRXH4NDPY63P5F0WBQCHNM7WQKO01L70PD6BCYSQHRG37PHWDY3O65A0I18JNR2K43UB3OVOKNB1YJLWPP58C0DWJXCDFYHGYGU3LXVR48C6X6SB91RDM0DK28EGR7ABPFUGHT G5N1F4KTXVV5UP2GJMXN283X0NW63POPDWH79VV4ILAMVIW9FK66XKH2W2MM6ASHYISLMQML', 'DSVRLQCGW9B2FJ QW2DLWPXF7B JQ57CRY4CIBGSHJFUF7X5BHVYKNX3KME1JM90KSIB6K 4CBYBQJ8GIQFSK1Y DUIQI0VGW561V7L3 N 3NTA2FBS5KFY0AVBP6FFJ01Y599XBDB0A39PRWY38XB4TRUQX37T026L78SWTIPK78RYPD74EBUNTN2NWE7Q2U6F5T0O30MFS7BJKAIY4NTSMRKITN17LG S 5YDEG68CN6XAY5D8FLDH SASPLY');

INSERT INTO ESTADO_PEDIDO (ID_ESTADO_PEDIDO, ID_PEDIDO, NOMBRE, DESCRPCION) VALUES (98, 13, '6PPQKLA1 OLM06X9IDDSKG6VD2O44TRHNEH2GE4LRRY9WI2SHV82FSPYP9MPUN1F7AA9DO8DKQAPVMCYKN8IR30ODVUWS7EBIKL33BE5UYMKYUX4YMPEI1XYUVS9DEKI0PQNP7C6IP8XHF936HEH4A8U73GFQBAQ4I6GFSILBGCXFI80XRR53FTFXR85H51MB0NJ8C9K7YOJS72 5MR5DJB1BIEVWIDRUM9 INW1T0JD55XNXP5 TK40BOO5MSH', '9U K4B6IEYVV96O5S GWN87H33RRQQ2VE5NDF1R1XA4TFS3 SUJM7O6OHAFLSE3KR2MHAX0D1VDR3R70S80PFBAM65V0APHP8BVLAG08BWUXOSXBQDFSXGW0VLVJOAME94BI77 7BYPJP85QT4CGQVEKIR9MPOOF6UWV2BJB44R479OK8E89EQJUOFB3JJV V9ICDM3WMXINMPTG6EKID6M0MG5DYT49M6E1IREH29WM7PXOSG6VSB6A5KK9C2O');

INSERT INTO ESTADO_PEDIDO (ID_ESTADO_PEDIDO, ID_PEDIDO, NOMBRE, DESCRPCION) VALUES (36, 58, '3UI9IC1RKYM5EJCOMWUVRUKNRWQX68RJP7 TV E HM25POL360 29CLE 7SQOPPNEDCD3XSKIKEQUNKPEJHFJ U1P0HCJP49CPASX8L6N7 PCRJLWJERRN0G7AL0VAXHRLURDU82UU4WXI38UXAD4Y34FOBQGY80F3 8DG6VXXCF19EYGHFI0 0ABQMKSA1Q19YVYLJM 5U1SXFYFBQRBMXU42GE9FEX9CFRTK96L5G7 DGJ0G3789RH5QRS2DG', 'GYJOXL7N5YCVX29Q7YD2JFGOSXMA6PUBVCPUVS0A1E5TS5G6FNMAAY9EIV0FBLBHIFYXYSETY5U6GGXGPAYFQ7P91P5YN87YH76LK7SQIBJQ67GM86HFT7F53 S04T3M RQSAH4PF1JR0DKBDHOC1KW70V0X1Y1D6YK3S89J1XA 7L6 6N4VESSR2FHNIXFPWEOP6XRBUPF LM3JHL0JO61VWG6X0X5MI96YPUICCFB7XV4DBDKSN4AXNDM8RFA');

INSERT INTO ESTADO_PEDIDO (ID_ESTADO_PEDIDO, ID_PEDIDO, NOMBRE, DESCRPCION) VALUES (34, 90, '47E866FV2B6YCMFJ4EC6SVMDYR14KW2 JBTGSX4TOHR4H41GGEBKQVFSNODFKYNYGSNPNT33C2XIOWKKNUVGXUN4X1FFXRKGPBLPO7U97O0NE4HFLR 22B8EK6JY1ERQW2 PD9J3EK47 N1WL47YVKM3FXNTQ24P3CLF7J68E8YHCJB9WB IBKF52W135L7K99BOR6BQ402UC7QHM91SLEXXQX H109HNW1KELB0UKX6AC SPHJ6KTOVOVCODSH', 'G9CI3AWKRUX7T751J F GJEBYLFJTEEESYSIR9F5JQ82FVJYOSK9QO3S7G 3VLITYXBA35OWOCFABRUGF977LQP8PPLB3MNMIU800NC2O9XP0FBBC6ND8DSE950GV4JDK9A6B2K9BPO9CDV KEGF44L8QXVHFS7JAYWYR0YY0U3Y I96IN3JYEO6 PT71GN6KYN4ATLOPMDDQ9EBFW20XFJC77L6XHW1GK2D01TM380AXCP25SAPOL5Q4O8YLLE');

INSERT INTO ESTADO_PEDIDO (ID_ESTADO_PEDIDO, ID_PEDIDO, NOMBRE, DESCRPCION) VALUES (68, 98, 'K1YX11IE2 LS7K3D30V06AIDQYUEAASMLTM305DCOQNKJ2 1POOSUNDK694ILI8UG9O8WGCGWRXEHV91G0DA UEFM9 OR5TR32C0LRSFB EI4OP5T7TX67VCT1D3WADCPHJKHF9QF9S9N QVLWTSKCGYQ48DMB MSVY3QN FN3OXS5AI0FJAS9RB5M9 4OUT096NE2BMQE0CCKPS57B2 AY8JJQQ CXJ9U8J8RU48VBSTHKEEWSA6SX26XONQWM', 'BOSKOLIOSUOUBAWUW426C9OWG06LX4F3N8MBRFF5Q1MBG070 BUQAO2AN8Q85F3SPQVLCEH4PFQHK1MWS98MIMH3CN83B0SKJTGU76QKCS2LFULBGHOTRO8V MK2LQDLJGLWNHSK0Q7L0RCBKW86JD8LG1ITFXDWIFLPIDF2HMTXGOCFDW5IRN01NWALB520DS33NLT06CKSSUYSXE 52D13VUU45KCFI5  5KU6DBG2SNV2RV8ML8BCP1Y431B');

INSERT INTO ESTADO_PEDIDO (ID_ESTADO_PEDIDO, ID_PEDIDO, NOMBRE, DESCRPCION) VALUES (27, 88, 'TO6P0 FVAX2NAOWTXICFNS2E4CO0XT2EB3SIK5FIYL W171JWOPYX O10RN22I1ULWC5AJTWXAP R402HTCC YP2UY P6EIJEG II76XVRRQ0S79HDS0U0S9PK36 RWCILDJMFFD8JSK69RIJIS37I847M6TYVUGF42XP0YHF30K31HRX1BF1MXGFT41P5OTMTC0ITGEGLG3HLRUK5JC2VRNB 8WYCG15D0Q63F 2503770KMOY1AK518F2PLE2', 'FA9LBRYOEDS30M154MGWNENI86FNO85EORO9BT82XM RAYXKOJC0MFTT7IMHIMUAQ8HQ3WKR1FLD9MBW727AFO60G 9WBINDJJQ896 TAHLNINWHW G117HGASTEH KQPYBW02L8P7ID48WE0816G0XI2GJSME8 LJVQ6ANONDGJTL03K760D9KMRT71L3BY74JHWB9OW2QF342E9E2UYIM8R1NQVGHW3E8KNLDHUIE9H2NEJ91H00TBDD85KBR');

INSERT INTO ESTADO_PEDIDO (ID_ESTADO_PEDIDO, ID_PEDIDO, NOMBRE, DESCRPCION) VALUES (6, 25, '6R V1ASJT86VY98TN91QIQIVU4MLSBW0D4AN0XRMI1I6D0IMDX456PYXXP19YM95I8HB C7WY4LATHIFXCCNGXIVPHQTSLPD4YXY1M4CKC204TK6D2S4S34JPIVOYCQ758YRXJL8 OPM WUD00149G5TFFTS11MQN9YIIS 08ALL51U10VLPJT8BBC7N5FFBO0NVY95FPXEGGQ66PN1YUIQICC 7BDQ8EGHOIBSRFH2T5W0TDIHGWT13EYS8M24', 'HVSXV2RAGUN0NN7 YI181Y9UEQ7XCFEJTEJOV5NG8F286WBH170GOIC5JG9PQNOPIWI8DEBHDYV2YD8MUCUQL5M45JH4LXX6A69F2 DCM1VAIBHWFT 5BTL2Q01O17PCTAOKGRAVP34IF64FEK5NAETU1CNWCSY3AB2HVEV1TVKH0VYNTUDDCVODYUFAJJJOLEJF65NPAKKWGQLWVAY3U1A2W4NVFS8YM94FU55X3WH3EKC1NMVMHI4NVSDN692');

INSERT INTO ESTADO_PEDIDO (ID_ESTADO_PEDIDO, ID_PEDIDO, NOMBRE, DESCRPCION) VALUES (76, 57, 'DFE9X3K6YOQKTUNAOXBPVMT3FK18UV9CM4J4158WMQCKCOV3XNDRP0KTRJ 6RTLU9TO JY1GG9H9QOS58P5M93Q3T98CI5C7KY0LWOYL8WCNYCYX288OEIECWUCM0GOY9RMTVK7 6A67RVI13ANLBQITNP2IVJUE5VNP8RPJBHMBLVUYI67JK8RYTJ4C5V295A07HC3BOYNVU8J05 4FMK8YXXQH0Q4JRQTT55UF6MCPO6PL09FVAUOVGT4M7C9', 'VWOA794ABNNLPCQ1USL52XPB67TN JMFFBCT80YISQNQV0H 3T83M79AMF4O6AD5CUU4VGD3F5XBNHI6RXP3M6N  9URVBS9M1VVA1EKUHRP4BM47PHTEXJNU7ALPATAQBIU3QF KFUQE750TKT5X2 WSAE 6Q0 YVND6SFM4BP1T7IFXLO666NUGKXHW4H4JMV6N3AFQM0QOFUVKP DMEKI8O5MMDNIP2NSGQTTAV1HJL8F7F44VXLB49X 154');

INSERT INTO ESTADO_PEDIDO (ID_ESTADO_PEDIDO, ID_PEDIDO, NOMBRE, DESCRPCION) VALUES (80, 66, 'B3NL006SUFGSLAM29 K00Y1TMVSCDLPIT0GHH8X4YVXBYWOUBA7K08MFL56WOJBLA2773FYBU46FHRWVD 2ODHFHD8B 18FLFUUVIBJ78X8OFT25O1P9QQ YRHBDOOR2HLBMQFPTWX2D1I2DGVNAYD1VA1CA9JDXBWT4Y8NJPEW 52VXEQOCWKIJX4EE5YUW5C 6RGMASEQKX8XIREH2FN9SGA9P6744JPX3YWU0WHXP5P DG54CHQ XCY9R0ND', 'ATQ4SY4SBS3OYJU9GWE16F20R673IELIQJCW8V4CML0RW3F 9RX7NRPN4O6Q5YYI35EKOQKO4SFDX912DLSLPS4ADYPBBRJLA2 8F Y1DV09 G7VG8IRBE Y22TT59E5Y24XEXD0JGPLSPEXE 77RF14BPO8Y1OCDS61K1LXX2 8LLIP1041RPYD87OJXKU83W2 WNYB9 B47WAXOKIR0TG1VJN2M AWDHIHS8LWNIB67QXQGWVM411C3WWOLTO');

INSERT INTO ESTADO_PEDIDO (ID_ESTADO_PEDIDO, ID_PEDIDO, NOMBRE, DESCRPCION) VALUES (82, 48, 'X0FOWQVUD99MEYON03YDXO6L90EYCYPVX1JBQH YQQQNB1G7MUVNVWVPSCT0CNT65 FJE4AR6MWQBYE09T8NX8A0DMWM4T75KQQI7UVTHJN6SPAL6XBXT5HVK98WLV6B5MSK0AB0SA8R4KTG98CE5BMMXCD0L 2RJ0TEUGK5VJJEYS1L4T8O5KV8OITSXC2N0BW827PLFKQNU97F8PSAP7783ES9WV7N0NKHCGODAUERFTKJO8L06L0J63 NWBV', '5I5VXCFHE5W3FA2KL2Q6T44JXLVO5G7S0XNM12GSEDMTGCO9JIOR21Q5JVIR2PB4J737UJWB128PHFB8M1VAGUOKU47O05ITKGOLSCSC6VK45A3ISNGUIO6TF9LEVRCA261GJL6CUFEHT6LKJ2F2HUIQ7NL15LMS96CY3J GAN6KNSEYV8V3195OR42L2MXTSB8GXBF XTLT0HB7XKEE1595U6PMO MK9BBEDTSALH5544 3VVMF4AXTDH3B64L');

INSERT INTO ESTADO_PEDIDO (ID_ESTADO_PEDIDO, ID_PEDIDO, NOMBRE, DESCRPCION) VALUES (99, 86, 'IK0DWIRS60 YDJGQBD1SQ42F0WPE5GKUIC391D0H9YROPF2 WCT2 FCN2B5WTGG8KJS3U1SB 794CWNPAOKTBFFKR8GCX3B340JRXRI3I6ODWVVKVN3BDL2RI4CT6D5LHP3NHD1SRH5BLX BUL0QUMTB8G70XDYY7T1KHP4J0SFYAX28IL1QJPJHNL6U0QS41J8YVMU4NSWXYPI MCAEKK5NQHIQFD1OI66FPPDYRVYY8LGHB31JC54OSXMO6AO', 'E2VRXD7442ABOW1M7PMRSAAUWMNUSUP3UNYEF1CO OSS8LNFXYB0DVS3I XUIC40V6QNTQ3ALUR7K29Q2JL3YBBF80A9V9E4 L2W1CWIC6LH O5G3MHNR4GGUJVRJ1LVJGDAXEPA60F210BWCC 3VCKATYUGQ03H4WQ0O7A0PJHPQ2IQ70GDBCJS0H2SR BM0H8BYM5JN5BE 46D6WGIJ OTOGUAVK4C13PW1A65GI7BYYVQJSS1TIOP72A1L7J');

INSERT INTO ESTADO_PEDIDO (ID_ESTADO_PEDIDO, ID_PEDIDO, NOMBRE, DESCRPCION) VALUES (20, 56, 'O4WQB24UJOUP6HKI4CF15CJDYW8AQKVFLDTO04Y1NQCYVH GOHN6A0RJS3G96 SR6GXISRIDANIM4PVIF50V29HKKWXJT4GN7V FMBJUICGNUKS 0I4KVA0E2BXFB SWUFBD287V434HSYM5Q95FTG2NB8VHUV9FUKYPYTF2B9 I6EKAHWM3ML64YP1IPYPLIIN02CFPO JCW6P88207YB03O2BYHPWWB9KDA4MXWNL12Y19LC4PYOE10UF1XG5', '2XX16 J88GMAUO NOPRNFUBSI WX6HLSLYC5F7MO2X2W64NBVV4B66O3PLYRA5620TUAFMBGMSJX48XI9J1KPFN1G82QYCTTD1QYWI58K5YKJ20RX6KIEWKVFM94I7YQ0HSLX6DIJU224P37OE88X92FNJYVIXYKMVOH37TY2BI6GIWLYN0N Q05GUUB M780S TCYT429FIKC 20QVDT2I6XV88KK319RHLIIL5QHVA83G23Y72R7IN632 EX ');

INSERT INTO ESTADO_PEDIDO (ID_ESTADO_PEDIDO, ID_PEDIDO, NOMBRE, DESCRPCION) VALUES (89, 51, 'SS3WWHY7NWMICJT4EQ9RHVT3U6MK UG8P5JN8DF ILO EJF6IE5PD0WLLIH8HPT3KX5KXTCJA37G1MHS4X VG3T8TKM157DPJ5F6PVERVFMWB3MVINGK UVJOVMTJG VKK58NMONX602BWU3XSXPLPH6H  A1V PKBCT7QP8WVT1UO62KGJL2U P4QFV8A7I6WOX6CV7G2B8GMR1CK63WEBALATC5G5JLQ53EQ SB7VTTUM4WXF9NFC780GOYY4', 'K9RUOWJNLDKRVE079GHE VEKPIUX3V89OAO5UDJSXPHS6MW39FW0FOH0MF3AW8KJLQ4NM 0KNXTU7E9I2YGNLO51YYK961BSLUF16M S1PS3T9FOJ4KJ8P3JIL5MIVQ2CXKE7YMV16 SF8ATYQ737Q5UG9RX1JVO8CS UW6G74SGXWTKC9I6 B0662RHRSJHPPBKNJFYHU1XFLO 3MPB1H5YJWK16FSC02TOM96 RRTX4IWYBD6EQW833YQD1PX');

INSERT INTO ESTADO_PEDIDO (ID_ESTADO_PEDIDO, ID_PEDIDO, NOMBRE, DESCRPCION) VALUES (50, 88, 'R0SR3LWMJBTS VKJGHSOJBL7ER RGM5A8FL8VRI6X93UY8B6UBQJ1M26XAVD4 P4H6IBMV04914T95WYSCUP6F37 O00QNOAR7UKATU5JPSHI064Q0KWS5II74LWDMUSKMYWGILK5WTJ03OG5O8VRIAIAS5D6VQS2FUAKFSKB8SE08507OCVMEPUVYTL2SHO7D2DGRSBWLAE4AQM8JLAU2EIYS9U5B9YMC3UO16B03G33RCJLBICVTN9QOH7R3 ', 'RTXX160KNE8JG0YGROFS3P5D BPR7WE7FDLC RTMRGXNWKFAH2FKJ1T6SGX24EUKD2GEM HPDOQRN2JU7P1HHOH 81E1VM NQ55 H1E46KEQHWFNR1M6ID70LS5SXDAT8PU8 EVISE68TC51VGO9S2ETJUE6NYM1 I3EE3T33IAN XG HBYCDNHYYMSCB7PU6B2CV7YNO16BOG1 943AO01IFVNK7HI5LL2M BO31Q3  NWMWWMT9V8HDY6JQSI');

INSERT INTO ESTADO_PEDIDO (ID_ESTADO_PEDIDO, ID_PEDIDO, NOMBRE, DESCRPCION) VALUES (55, 71, 'S2FIO3HXBNX6BNXRMYGFPBRDNQ1YDC522GHO0YL6A7OK32YKQ024MRICYXG8E3B6F31WKK5CRRUW5A8N6IL0RDRMK7E9EHGANN2RHV7QT 5R0X9NL HPCR K5MXIK5TMVQIWC5DQVHL1RXWMS5F1WJ1DC64ONWA74POEI4UX03OE5HGQIXMICGHR30HYTFN387I326J555JO56XKX05D9824MBX8AELBF0814N3QTLYKV2FMT27BDR49LDKCE5G', 'RM6283SED7V9MC843YX63 A1FFQ76E12A9CC XAPC NAAWU1CR65OJJ1ODLKS0LM 7EVVWLM5Y7GGCN8JPYQ3FI34XSNCCC6VDPM7DYFFLGXWGVD0TLVJOOV7DWMPI9BOE7H1EKTLO7N3CE5P0UBFUARJU6MI6RRRXTVF0A0KMFUTHQKBERG8OPEL1QPE1337BPXUGDSYAOM4M1KEEE5ODPLYNB3GBK6B4M38WMUXA3F4 G2CFC4NOMOEQY6I1L');

INSERT INTO ESTADO_PEDIDO (ID_ESTADO_PEDIDO, ID_PEDIDO, NOMBRE, DESCRPCION) VALUES (5, 13, 'HPR KEI0SS09CCCJK14L48FRQIHMLTIU8WL954BCTT7WI900GRQU58 GHE4K14U9A9KG1V1AD1KWEBM1R8OKFNF70YJDYSIWDSANVOS02S161DCM3Y 8G99F5X9OKXSO9W3V0KREJPF2M6NFVLOI3KBYH0XVXJSQICQ1 GTRLVBI 52ULCK272NBS YGP5TLAOTSNU1HHL8S16AAHJRGHAK6921M8MCSOCHSX5M8DOQDXAT0E2PXH QH1WNX9V4', ' Y9082URPFA63MTD3QUG63Y1P7VCEP TBOU6U05EEO7KIDB1FY7U3X99Q0UV7JA3QADNEVJUAHCFL5RG7KA 8Y LL1DC2B862XEW5AQOEJCKO2D5PDB7YV8CIA ORTRXFIOBCRQGWXONL 4LDU2 7WFS5V7BUOY 5 TKGFO 9BXQ6EH0AITD9 PY068GCSPNMY7K3CPBCAYL49O7102LALXCYQFP1WBU6YRQ8K1G8VG75R7W2998 W2RBSE6EQQ');

INSERT INTO ESTADO_PEDIDO (ID_ESTADO_PEDIDO, ID_PEDIDO, NOMBRE, DESCRPCION) VALUES (92, 60, 'DA01YNOPF9GBEIJ144880W9B4VDLI417TGOK1HUJUHRK6VL4DDB LTLGCN2VA6XJBBN2M3PBU65C5SOCVX9X0P4J51X7Q508S3VFRN538M1YTK8 XY4CHY A0EAVSTJ VQ2GCV92EFNKVSC0XJ5I4HU53RD8HXH2L9C6FEG1BWG576 Y1UEH1SVC RBXK1LU2JOTMMXMPEDF9WA G707L4DV GS5CP3UUAVQIUF82VUFDXF9FLKJ8FJLMNC2KQR', 'U9GUQ71UH37FGS1XONWV3K6M1N01F4HGV6R057614BNFYTHCUQF 5K9FL1E9QX5UO29DNO BTANQQBU4Q1N5BUFO4VMDVCS2G4J8UVP1SCONDBH8 U6RGQSWEU6JYC21Q K88EDV9TPFYCIN5SEDACBTMIAES4BC80NSU 6OXOHYFFRMO6EDDNH65KG4LNCLRVAR5VLYAE27R6OCTCKGOV2TD1WW6AB1CMG5I4 QTGVO2DQRGLP45GYG MIBSN1');

INSERT INTO ESTADO_PEDIDO (ID_ESTADO_PEDIDO, ID_PEDIDO, NOMBRE, DESCRPCION) VALUES (79, 31, 'TJP8020CE7IF 3W6FRDHHT2LD7G42H6Q14UKL455I49H6T37EO6SQKRMX3GPYN003P10B05EPD WLTQO3QXYHNR UR9FIXC47VEIV3PFGY9HVM6UAGTUUGX4P121YQ7WHIXB JTXA9DOXE04NJOX8FNC7XRMXJLUJOE JLV05TR88QU5HREYV1K7NLO4CBTBA4MF 9FPVJDXWMI1SJ01EQJC1EBIJODBFR5V5KW39M5KAESCTTCHQVKBDEA7E96', 'KT WHIO7PTA8DJYTVBDJ7I2K48XD XXU0I7BRDAR6L0J JK3950EJ YEBIVOCIE VPANV85KFLIOA06A8JKL0X WX RRN1V6RBJN3RMSYEC3H0  L9KHXQHXCSQRA793XWK4E9DKQCWL142T6XC8PP8MCL3F1Q18AE70ESTN63SV1BKMHEW5O46K28IX4 BVHLHPM0 M1HQW7X87BUO9SCAG91KDT3ATA2DUSV5PE09W2KGV05XQGLJ1H6KM1GL');

INSERT INTO ESTADO_PEDIDO (ID_ESTADO_PEDIDO, ID_PEDIDO, NOMBRE, DESCRPCION) VALUES (58, 99, '2M6R47U DPU8WVTB8LD0 IMQ6YPD771JYDQ33KYP7IDYTJG 4E6AUHLUQBTY6AS8WKFB49T36XDB33DIBPJ2OEQ EJFKVCPMUUGHJK854VN8U0DR6WP0BT2WSNFW8NF 3H49546OGX43F6CNIM31FCSIP7WHI65CJ429D4B8E5R7BEK2GDT79U3B4S2OG8Q35OQ4XCGQFCH2EWWJIM4W8O1XT JH0YQW9O45PVBJ7UE T80QA0BF1AI 1K2RGM0', 'UJSKSOPPTPH4JP7AYQSLK NGLE8CY78L DF3NLFFXFPDHUP 224TYA O RCFTOTPJCVKOCAFUYD598QC92L0H3AQ3UD04UT8AVOTBC0EBFNWJDH7IWR437LH JJ 78HJCYDK 53EKT0MV BBI5XCWSH6VNK5P4XCVDROR 1ATMOECPUXAJWMG 4L496JSH U5J0 LN0X0PT00RY4WPKEY500CYO1TQRN74LCTG2QJ5G0JUV7NECHR18SMJ4K 6Y');

INSERT INTO ESTADO_PEDIDO (ID_ESTADO_PEDIDO, ID_PEDIDO, NOMBRE, DESCRPCION) VALUES (94, 80, 'Q57TF2 P4H4G1SBQWUCAN62BRH1VPQTJDNLOWD8WVSYSDA1GYW05NH405QCKHX5B80VRPSK7O7C41I2G8VYVJCY8888TANK16NS1TB0VGYY8NCVSWE61MCXL75G UG4MIEXF3IUNCNHTWU9JJ5SRTQ8T8T2QLCQRIBJAVN8IO2GKEQCN4O0VMV8WXE  JK0434RVCREDCR240HGR0PQMFOT5AIHUHJCKMJAVT634BAWE107FYUPN203JBNNUBYL', '7O71GU307E T1HF134O9WO4D7F1 A6Y61KB8KU6MKT93APEGROT13FPOFA4TQD8 O25A0IQ7TIR074KDRYEJPQ4NLRMSDH4F5HHEL7DVMGSUGXBEPI4HTEM S6DYWJ6WF IT77HLCKTSQTX7SJBCCM04XP14 RL WGWSWH96G129UO6OEJP4SOLXN5FK86PTOLQ0CYUHGSP5J81B48IR70990NBQ1UN0HT9G6ST J5T6 3NJVWDF NS9T TKJPJ');

INSERT INTO ESTADO_PEDIDO (ID_ESTADO_PEDIDO, ID_PEDIDO, NOMBRE, DESCRPCION) VALUES (44, 67, 'XO63A6 CLO80JARYO8AWNQ53SHJ5I6CCNY04YK0GC8X6VY9S2TOSF7MXWRK90PI7 MRSDI6QDK0RN9G84QJRBNH2OMLSMM1ILRXSXPUJCEWAQMO02R1 HGK 7HG14DSC5WHBNQDKI6R9 PU68LOHQ1XPHWOAG7QV6BPRJYEGJTB NYBCWIBL6QGTPTVREKH1245S1HP 14KRM0F8ULOYD62A5GGFV7S1GHO8UEVBL7QA9J7VGRFBAJJAYVBQA05', 'TFXBB60TN0RG8ISCP 2UDFA7ARAVBBJWXK4D5B MPFBM0P8FLIY63J8RT4FW03D1RHLTRW1QEECMA65YF511A7442004L4BMB7R8K247G7FPE GUEHQDEB K3KCTSNCSJ8I4EO563LYLRA2MW 1 BB4OBP60247R633LTK6YIAYAB49B6D450UE507B6L6NK4GNYR RWJO4B1U Q2GQUCNXG52QMJJGAOJV21C3GEBS S8S140NSQ34C8M19F2V');

INSERT INTO ESTADO_PEDIDO (ID_ESTADO_PEDIDO, ID_PEDIDO, NOMBRE, DESCRPCION) VALUES (41, 93, 'F4V4LXNSNFM7S95XOQL79BDEQX4E4CE604954YMTUVPSF8EXMSATSPXNIKMRACM 1J0GKEGF3XM2Q3A64C52ANE139PE40J SEJY9YY P9MN 8FAMUDXG1LJJVERVKBILNS80LQIIMHWOXUY6 1O7761IPK 57R1MYY4J2376HODM4V1M2YKSTQQ 7J5QWJYR3D06NC9XTPOY664HNVY7JYLQYMVJK91AKE3CL697G0JNO9C1K2YJLDVJI LSL8', '1MTECJDODHBLA25E9FG820XGTYTMA5 FJ9LH6HWC2UTBSNN5YH9F70ERJW5NROQO783PITB9HBSG3BJXSI1GO3HFJPAWQV6DPJ9JADGV0V3VF5IFG3ED911VE0COFCFOXPI0KNBE HHQD8MQ4OMAQDS28AGL9X9Y6W8T19DE8SNGPTUX4SVSGAA22JC7D1WUH6LRL00FR61TIM8X1WWE449IWT1D2LJ4HPLWL9TE8CUD0HLT2UA43ML4Q95KC4S');

INSERT INTO ESTADO_PEDIDO (ID_ESTADO_PEDIDO, ID_PEDIDO, NOMBRE, DESCRPCION) VALUES (91, 68, 'JEA08MHVSKUCTXYOB08JNKE57UNH5AG5VDB87YVD7454GM5CJU1NWVBGUGMAA NVV KYGNBQ4WUQLMHKPC05PCMH6N0A03H59BIBL6BRXDON2FRMDNRHR6D83BBJ6Q 1MFVACS1B11MWBIR 5N3ELQG8C9AX4KX00PNG55WHMCQNRJ33VUNY3ELYE8OMPLFNSV0VHTL7KQPKM2LSUIBU1CB83P 4J2FVE77WV9AMNDD3MWO09OE1VYT4SFMDL7T', 'WO7U60TNL9JVEK NPCTU I1JDTQMGQI58JO7P7OT70MROREPSX1KQP76JGH6BBYPQYYXVK0AV3KPOE42K5J3O9ISVK9JC8LTLXX65X93AAP4PR5A63QMYSUW5V1SOE7DG88SVRY2GUK5YKQM0UL23A0U6QR26O7MXHBKUTDVPN62Y83K 8DLOI 1801X4A0NIKA618D245XV8N0LY83GI6LRAUXRSB32P66YHG3X9XBOXD1YYSOTDVRL2D8C7L9');

INSERT INTO ESTADO_PEDIDO (ID_ESTADO_PEDIDO, ID_PEDIDO, NOMBRE, DESCRPCION) VALUES (62, 55, 'N5UAPPE4IPFEN51CXM3O7CGP34ER 70KR9G3V4LFAIHJWOBYN5DYTE7T9YF U007D9DFL0JLDH0QFAB36N2 IXE91XCCXYXN UEK8YDW7PCFF L98L13F4 6V01KXMAY6RILW0H8T 3CM936XOKN6Y33DOMRQT3T3HPVIUTDJRYQ0IMIYLPWPHWMXURB1BUCRBJD78R5OTN9IHQTI60L2GN6S621OVPW54OJ L334Y684EMY63V032XFKHVVNSG', 'A2VTLH2STM3YUUOSJTDB8XKN2WRFUKAQMS BA3HB7WA98408P8PO04Y25KADBO9FCMUMAC1KSNQ60J5P1J1620D12T18RN2JXJUV9AICPTF06FP2EE1G7S7CF 8440GOGNR31UXDTF6HO4L19FLF2LF4GDT9JEMQ64 W KNVUSQRFDY54IDJTQAEQEIR7I3U6WJFT2W1LJ7L6KBY8J77NION78YW3P IKJGB4C72KJNRQ5A4DGVNCTE C8LCC81');

INSERT INTO ESTADO_PEDIDO (ID_ESTADO_PEDIDO, ID_PEDIDO, NOMBRE, DESCRPCION) VALUES (56, 14, 'UBU2H7DUA65BLMPYE0GB4JUAXE2DQ2NPEWK5D08AQNIGM4CJXTR20NAB9T1QSXAUWBUY4YJR53WE8U22CHMX3X6PJ7IW8JWTNE1QDAKOYWFO60 4FA22HDHQQKWGPAKJKYX6Q5EAS8VPP7RYLFOWYQHKS0ONT8L7NIQHC8V1DJULTGO85YFVINKDW01Y3HCQKRBMH8852DB3E17QHUCDWQRQ2S73D1LT0OTVOSPEJDHR905KMRMNH6BYHJ0FHD5', 'D8153C 9KK7UYR67YQB7M0PQ2Q7D M19BRBCWGYT8I0U BJ4H6QR VUHLFVPQRJYMKDOVNDAX7FI7HFAXV TKB22NGPD08W6HNPHY13LRWCU1WR548O2BRT 1P 0BSXN6NDA31ISAK0YXPXG7ULVWIIT5DCMO MXYKY0O8X5X9R7OGFS7Q0VJN8E5NH2340CNEUU11NFJUSTNQ W2PK5GRQNYSTHDJNKECXLD2SRHIMWS SV9Q45YSCMUCAB55D');

INSERT INTO ESTADO_PEDIDO (ID_ESTADO_PEDIDO, ID_PEDIDO, NOMBRE, DESCRPCION) VALUES (31, 93, 'CA8B VO5GF33H07C7AL4Q1QS9D PISV6Y3QPSR1LYMJLRC6AD IO2GB1CCWWRHUH4TB9U2G7X1QW O  G5L2GF94666KPMXOLGTTPA0DAWUEFQRAA3JADX1J4OSA1066U9C404MI6O81T3TY0WBQ3R74GG3VH505AL68FYV549WMBLSU2R22QWO12AI0U1N9S2OMLUVJ4TD7GKMYGQCIMPO3QUNR15XD X36N9M8W15WOIRFFMEQWFSHX1FJH8 ', '0SGAWCI8VCOJ2CVWLQB8VLRP EW 6AQHJG46U1PHEI27JX R 2FNW9VIXFS3B32XIWRA4 4WA206JWR9BP542761FSYPAY5RHDPGLDX1P208A793KF38LMNX7I3R662KU09UWN CK7I35 R3ME2A8UGWBPSXME5FWS133EO7FU8 NRIIK4 X7R1R2Q36XMVTO NUH6OOOXNKDP12HIB31 37DAFJCSVOB2NKBJSTG9JFPJVNX OIQRCUIGG6DTQ');

INSERT INTO ESTADO_PEDIDO (ID_ESTADO_PEDIDO, ID_PEDIDO, NOMBRE, DESCRPCION) VALUES (43, 13, ' XPUV1R02VIYU53SXBGDYJFTH7ONI4E0KPG1E44HCUVJI98HGWOPUN72Q4MA6042NW81 L3XWLQPPE9VEDXNUPQYHLNC9RYJ2WG45FOUJCO1GS0AYKR3XR RFM2EFKYJ0WUPM0UWDJ DXV5Y15JC7LHN7MNFPKDV0N0FG8DC 7CNY49DSYL3ODTTR8A6L4FW MD82VW43AXTNEHR6NS8VVJJREK0DYY YPB8MR43D8D2S8A8VB6SAXDHDTHOTGD', 'UNTUB65EXKKNAR5PMGVVVP91PO2GR95GHPWPJ0Q1CU0AO50 HMTNWONL99RT60V60UA08D0 RFWHD3F8G8YVU0MKSTQEQD00XSUXGGPIHAMUVJU 23QIBIBS2H BPQ345VDUASRH0MB09BGJ76K4SDB49B0HHCL91H3RSNVFS1IABU0COECA2R65RRG9FDNTVYUHEX5X1RXSWI1J3DH8NN9XVPLWNC8TBOEUFUW2T8PJJILVVLX2312VF0 SCVF');

INSERT INTO ESTADO_PEDIDO (ID_ESTADO_PEDIDO, ID_PEDIDO, NOMBRE, DESCRPCION) VALUES (69, 89, '0VFN6CQ4RVLKD95H NJRKAA DUT9J TCNCXXGE7TGH0LF39WGS97ENUA85P8C9FU7VDPLNYF2BCBKYXQMG MUL188 8TJPSPNX2PJK662YMS43HOH GHTIKSQ4Q59IKY0IL6UVSTMNQITN22CIWLEJYWKU UPE YI3IW FXJK02P8M719OV8FB667N 9AQG4Y9WF29FGM3QO7NBV5MR2W978U0LNUM M P7U5CSBV95STPGSF48Q7202XGS7CYI', '903NMW 872H2F5UJEKC23TMFSVI1U8E24IBYIHL8FY7X5661CU3FP42BX884RI1B1YL 07SA25MBQ5UQDMDAKREJURYN1A282IRDKY9 T8A3629ILS75TORNYKT15DDRWFV3TWI P2 XKWTMIC3MSWF0DT2VEW3529YHIQU8YLJNDE7H0FTBTRY 7IVUP4V8CMPMIT6X3QBWO1NOUJE NP311A041RJQI WG0WAP8WPLKS2OG457TO8Q7NRS5VN');

INSERT INTO ESTADO_PEDIDO (ID_ESTADO_PEDIDO, ID_PEDIDO, NOMBRE, DESCRPCION) VALUES (57, 72, '8NKS6RDCAJW5YI332K51BV3G7PRBUXRW9O7HIOCCRTYJ49AC3WSN0BFQ7KXK343U NGL6YE X8E9 5OXAG4TAI68OWDFTYEOHK7Q7A4WV9WEHDQTJF6AE5Q4V0D5TN2SB5S5IK87 6COKRT6WQVBEFW09QN41HNMDPPX3N03HYV5HITCWOULEXTWD 87 JTVDTHSUIB4L2Q4WHSCDK7PUL2 C220I7GCGHUC SOYUOC04337HVI83LCYBBIK7H3', 'B7IKC6Q3W0AEMF3OW8KBMKDVRKKHLIXCVRYTDIQJDX44ICTVNY9ISN1U6XE53Q1J74AMFEK42757PXIFWK86T8CY29HBE6X1LEX029VFSNVAK4G9VK M741YBEX7F7X8B1KT9778AJKQNWEUM9BNIJ8EMFLJLUD5I9H785 JIR6XOM471XP5UC6SPG749 COYJ27KCS7YRFV1OLPX9JVPU5U7R1FFPT75OID8VI04VUV KM50H3622GO8NGMHG5');

INSERT INTO ESTADO_PEDIDO (ID_ESTADO_PEDIDO, ID_PEDIDO, NOMBRE, DESCRPCION) VALUES (96, 0, '49W58JYKSH1L6FDDCAJBH1G1WCOU1J7XYV40FOOY0E MDGKB H FFL8A7IJQE1FSENNENXNELXHY5862WXOM8X0KCQA083QUU5GWFSWBMPK3YXAEOAYCVI0YU8MCDKGCCQ71AHYIEL4C99LADV3TOHJIV1IHXJRKX73NOIDYNQKBWMP OTVPC6WI20D4SLE7XP SVJ3VTW3OO763BAGVD68Q8Q S3W7R37JEVU146RW2846FOMCU1VX1YS8A2UJ', '17 67Q52N2AKK21DVOP33URG48D6 C6 SSG9YPMEGURNBRSP3YFWJN9BHF4P 1D1LYF25W1Y5DGBQDJ9IR6NLAQG9AO3JRK7C49UVXGSX7UIWM7DHI6VGDMV0JLCYTWWI27CXSAEH7F87RMPO4IMJGXHVUVJRSM2HN8W7RL5QVRK75J8B2THYIVG3XKPWJB12PADDX47N00 641L5IN8UTELW1HVW5 PKR 8DLRX65O71E2DM57EDA4UG3XVQBW');

INSERT INTO ESTADO_PEDIDO (ID_ESTADO_PEDIDO, ID_PEDIDO, NOMBRE, DESCRPCION) VALUES (66, 65, '6B47BHT73A4BKHYP6TNLYMIPJDC6VV0U926OXN6CNAG3NAMR N4WAAWSRQYC4I5ANTLO882I0J 42RF85QFO7FV7P4HTOONA5NAJVAFTKX2M3L0AO XA2RFFSWBMSAALBH7H8FS5U VLHWY JY3IRJXX6I34QTD8VJPSCF1O247LYBIWGT40XAG092WODU778H0AKEOTIT OE1NSXRRRTGIE2LBP1MR32GC4MJYAIS G7P44TYQ9QHA4RV8HH8P', '49M7W5D2VQ2XQYADLJGDSWSU1J6C4LVO3K31Y7L2BIMXTB6Y58195EKCY1N30G47  XL8E 0GJ8Y1 701 NHT7GO8CT2L 510EOVWXJ0CYH237RR4XDNUER7JAPC3R05NNQ7486VCGTFOTY0LONLTT62QLTYJTN2VYSBTXEOE8I2X93XONX7Y145NLWBREW M1KVFE8ABL8ST7JLJ XWC ICIA5I8X2LQ78H9JMWTKBJ0IK21L378OQ1F8BD619');

INSERT INTO ESTADO_PEDIDO (ID_ESTADO_PEDIDO, ID_PEDIDO, NOMBRE, DESCRPCION) VALUES (75, 3, 'PYC142NRA J MFNMXFUOWU5LFY1DQ1T6CEDBXUX3R3WMAATWCH5UOP0KFOVN38K7T7909 XVHCP55VA9N1FD S 8T5V J00NDNUATEH0TT 49SFRSIOLPHVPBVX3TIH6PT1HBI0SI0O 0TGCB2VYBTTY4QLLVWN5IT5B H8OFCBENSK820 710QKYB7SEQCRC28X QNYBEQX9Y2Y5MD6L0NTY66OJO9QM2RYY7PJBLNQL2OGSGJ8BPNCJXV 8CC', '61XW NGR9TF IX57PTXSXAFXNSNDAIO3UA4W6B38UBONX14CN GOQL2GVW0 75STGYWSOS30FRPYT2OYNNNDUC830A9F341 FL2S0GQ6IN12WG8WXWGFWLS9 PJ NIJV 842V2HUAM1TPG 54NCII9H4LTRRWSDBQFBWS6AO77M965TM3XYC TCGCWVF9D69J7JUGLXQ7L49SQMXHPJF0RDY7IPAJDS4P8CG5O65PE1O05TQD O0WM7WQBCR4ON');

INSERT INTO ESTADO_PEDIDO (ID_ESTADO_PEDIDO, ID_PEDIDO, NOMBRE, DESCRPCION) VALUES (39, 30, 'XR6F5UCFS5Q6OE49ILBJEXXQX8ORPS1LBY2HO5M DXMUVOVCDNKTG4JRR3G06TI B4FYV5O54  8VRT5LHS4MN33TQ4BXQLEUD0N 0UKJSC4Y2CSC R4 LSAYM8695XFT6UR4DA6 QQIDA4Y1S L0J4G95F1MUJNANPDQ9FGVYLQHSLHFCUP1AHI45N2TPJW58U321059783KPDFLT4 HUPKDHBI5D817RX9UGV5LL3A9L9 0U3GV2ROY29TD1V', '3TRE2Q3IPLCDFVUYAHIPVJ1CH2LQ5T 4VX49W0XOR78H16V9VOLOPUB56KGUGNJ6QKJJUV62XQPAKIOT YR020JIA1IPAB9A7BOTWE0SQLGJ53VIY855HLD46X2NODPD2WRDS8PNPR4 H97FCSRBDKRD9I203S33XF NB5F33OSJ4U8CY34AWVP3VKISILHXM52XA7UTHU57LJ7PFVF5MCLLHM9SMXI TYRPK5VQR8N4U5 N YSRVYK7ONSKWOU');

