INSERT INTO PRODUCTO (ID_PRODUCTO, NOMBRE, DESCRIPCION, PRECIO, IMAGEN) VALUES ('MUSHROOMS - HONEY', 'AJJO0F64PCIJTF8FVP8SVRJOOKUL4YVC8NTIC3FQPF1ECRPD45', 'L2GALIO2TSGT7GBNQKNC3MQWHG XGGBFL41X 20OINJNE2W1AAAWIJXSHGE9MLPU5HA8B8W4FNTE9YY7468TWKI2QBLXHSWDMAKWW5FEFG8MKKO3SE9XNEB5M3WJR11U6QUM73KBX585RP3OYLTRWO8CY6HDHBF5MGQTPNXVLGOAD34PLKENJ 40AW9XRVGOM2USDUWQIFHHCLUSEC5TO2XFGOJ072AK6SB0GSY7C7U046BPBVLAU68XFX3J3AJ0', 93, 'HN8ON7PTU9IYPL4NWVIQ3RJFFUG9NLVJIDUY6XQ4O5PUVV 40JEXBUEUTJY2CVPHE2J0O6QHATG8Y8R4POJI3KNT IVNO0W16NHOJURP6YLX736QELYB674G7QXSGFUHQ0EO8MTQCLCSN68NDJHTLDO6UWD7YRHGLDQ4QU4Y5CN 7N4 8UYSAHU8DQ1S72RRFPQB0SQTWINM44AGHF2X5BAXO7OQ87M W5Y5U1S2DQCQXUPOOKU0QLS39WJ4SA1');

INSERT INTO PRODUCTO (ID_PRODUCTO, NOMBRE, DESCRIPCION, PRECIO, IMAGEN) VALUES ('HEAVY DUTY DUST PAN', 'OP36MKWH0E9J87060QHRHKYA0VSTRKFVE1O7J1SYT7EIXUU8SA', '4LGMUQ8FLMWULD138DSL 1B89XW OHFQMHD50H9NK1R09L 5R6GMVS0I27K6WVYU5PCTRCVRO8I8D DA8DO1U9TJ97R0N5IVRRK5A5265REWK599VIP1YJFP2NRMT51R27LDSTX97JQLH8H9FB6TYIOHXODQEB3HF7DH8BVRO40388D1TEQG7MAMMQ1IKOE5COUIFQ4DQGE0GFS5XBA 0CUCM3GWUQQ5VFMUXFKQXC1D9DDKM8GH3 PPV3TSYWGD', 7, '7SJBMIUEIE1B3NWFB51K83GWW03YMG5LBWA AT0N63UM0044XP2V3422DEY2XDTDXX8MTL2FSHFGB0PECXFIPHRGI0775V3GJNIN7EA2 R51JTK4A83TB00D2M8WPBWA32ARLH6FHM6VIIBVDLFKKLNO0KEMSMPRW4Q73JOMC0QXGGVTLMAL7J718QHVKEDW8NCL9A6X51GUNEW4R4N63LAD6WW4T LS73QLCTUXO0QA87H00MVE3IO4EYCCX2U');

INSERT INTO PRODUCTO (ID_PRODUCTO, NOMBRE, DESCRIPCION, PRECIO, IMAGEN) VALUES ('LOBSTER - BASE', 'ILHQM0GISCJDNTDR4G38XFFDJ27F0B0T6P6YYICT R8BCP4WJH', 'X41M7251B9TAEJN6NJ573C86B5LI577Y3KU7CV1S5A15DQDDL8U2WYB99KDTF FVMP  WAJHIJGQ6WVHJU9DDJNO29GMDEG2726WB76A8H3AC6KIE2KB9OC17YS0KTA188QEWN34C0A8C7MS26NQNS1E43MASA9JPG8PN8MK1XGK3UB4QJD BIOL06GR5HKVHNVEDCSVRIR5JJT2TI3PHP4FYV VI49G9TUVC4VLEB8MQ382Y655NM3OGRXARMMM', 98, ' 0FFOMLWKMUUWESLDEI1SXS7MB 1SCFC1X0DJ8DMMWVD7FWV4GRQN5H66BX7GEWXOMP2PV753KKEGGKSEYHGXWYOYQ3T3FF5XGMYYW1YU0POHUI03YOS0U6VYHBWQXS3D09IRJXNU7O2HRSPX9 3UESTTCJY3T3CJS87SSX1PDHU2NXN6L5KHQEW5AWSARSKMR6L6XH7CV98Y7KGWKP1383O3V30YN5I5MAHGR94BRRY950VJOL3FWDKTC8OV0M');

INSERT INTO PRODUCTO (ID_PRODUCTO, NOMBRE, DESCRIPCION, PRECIO, IMAGEN) VALUES ('BREAD - CORN MUFFALETA ONION', 'DTGWVW5G7MB06L2CCUF1VKNCJ6B1WHYEMMLT4SRNVV58LCIYB5', 'N0CVW4KV5DYKF 0029RYCSEGVV84E0TEOHCUW6D4PQCGPATPOI6M9I0DOA215Y2MUS0HXBTBRT8O66949KH0HOUAODWLFK DGREK9V4N48IEYWIKPSIBQ Y1P I7AD0 JR M2HXMVL55MJ9OHIH91W64GS920CWD0NTUAM30XCL1NDH1MYVBFG6X990QMHHR0659C3OJMRCOMLU3JF01GVHPXY7GD8KD6P54 NVDVT6GK8OCYH1E1C98EP27KWUJ', 70, 'N9SJBVR7P23AVKPS6MKCUJ2R5JG573X1ABOXD575PNRCB49AAF1I90JR26GFVJ5YNMPMWJQT19K RB1K4U3FC6KJVXNF5N1NLKI88R3L8L723U3WYN8R8BPWSN9EFASA23AURWYUAL2AM0ORHGT5V0Q924EG0KDC8TH7R7PDT091T2FY6PQ 1MWF P77UHU3 A4FAQDMC6NGSIIHE8LW YP5PVOQNWMYJLNW066JK9KBPDXI3EYVEVX5SKY42P3');

INSERT INTO PRODUCTO (ID_PRODUCTO, NOMBRE, DESCRIPCION, PRECIO, IMAGEN) VALUES ('DIKON', '3UOSJ6D54E8 IU501XC3QP4XX0GEY3F1V67AEN3UK5EHMYYGNR', ' IH1DRDA9DQ0NFR53D4PLV61NGG2I8IAV9XHE6EDU35Q1XRN10U  EHI4TRAV459AJPBM PY7ROQTTIYYYU08JLFBEMKV4J06JCNLV0IBA1CBWOVOFEH3S20WEF8M5LTBT80B E1MQCRH90BULPYR614X51MHPPTYYTULCSOBME64QQSHH6G00OXQ69DHQ5NOND7LDLGA  WM2LN0FBLE06ECW9R38XMQAQBOJSR46 DN4FG5P5JWMSQ7R 6NI4V', 61, 'J2LG1C7UBF5INAC92FF64VUL197PKNR B12YP58812MX0X6JMQFU395ICALQRR IH5QFSU TM41OTD0SJAXVKMYQFHP0AF8PFTO6H4MV2CJXY1CUDIJ562BXAS2D73AEC6JNACLCE6KQCEVPK7WA O9AWWDXLLUAFFMGVIKI 0CF9K7XVFQ5PAA6RQ8VOT207SR YEAUMVJJSMDLIOJMS461NYI2F49R3T3P6 29 QS95BFP6MT792AT3 UAOKG');

INSERT INTO PRODUCTO (ID_PRODUCTO, NOMBRE, DESCRIPCION, PRECIO, IMAGEN) VALUES ('WALKERS SPECIAL OLD WHISKEY', 'HX1SNPS9YU A5F 9ALUJCY1TFJC4AIQE337GAIXWQ13 FFE3N9', '1VINGUH23AUIIGWFBE4YMR9QB39DQF69G144PX NBG 8TI0JUEY DLQBHVDKVMH2YUFVVB4NAD70APHMI KCIA532S7Q QOF6N0LK75YCTQLB LWOGC B2QK7DNIH27QRXUH941IOXU4CB13XD5SX4Y06YH186  WGMC6SMLM9F2CC08MCN6AYL3KNLO0MX2HB2A7P BWMK6XDETCCEEL52WMRU2ODO79QME8IUTEKO0L OWL0G2MQF8NMR1AGSA', 64, 'V3LXQBOX3HT9PT38OPC3R4QDD6NW GOX2312EG6AEW1PST96V48T4VTKJFLBKLSM292SYSW5EPJL5IA FIPA3OD7SBUJFI7P WNNGJ9SBJQJPLUKVAOXERT7V7P2AF8U3DXO4PDHSC9D3BAH4G5KG2I1INVSHKP5LTUAPPM6RIV2NRXJ9WK8UKAWXU4M1JIJO74JYM0T3MYMWBSQDLDRSXANFWU99UT65HVVA9N5CQAVQPJ4F61S0AKSXFY8EAW');

INSERT INTO PRODUCTO (ID_PRODUCTO, NOMBRE, DESCRIPCION, PRECIO, IMAGEN) VALUES ('WINE - ALICANCA VINHO VERDE', 'YPVAPKJ05BO1Y0IV5F1V94MGLRS7XYFJV5AEVVA2NPOOA8UYEO', '0M79NXGRGPK4NU9B40ERN01FNMLN 4DVSERWBWLWGUP22CPGCDYHR42A4BW9HY5F6 CW3X44IPNA9B4 T7GYM0NM10 2EP644 NB8HIS11MJ5ABB D7ALP2XQD BFBNG4CHHII5KD0H0CWB5DY3NFX288R4GFOFVRU4OXGIO13V3OQ63RJFLEXFQM80078YL83NIBWBNU7L5 SM1MAALIOQ2HM3I5ATOJJWCJJ99P4RHFNJRB56L2DWVKSX7E8T3', 5, 'IYF66451X ILX1QLG0QWLRKPV Y41CF0Q J4CLI8U0U8N41KWMSEXXTULMQ392XHKE4NG074 DKH82NX5M46TD6K29DPVVAD59OBLHODNGPU LTL7XVATNMYPAI1SI5J8S4N3T CPFPC5YQAMN SVL6M 0L6C1 SH31JMPM0KHSL4R6NG568S833JVQ3I114IXK91U0CGWF22SNPH413TKHXTO22YI NG06LMT4HY1NG309YLO531JR 788I UK');

INSERT INTO PRODUCTO (ID_PRODUCTO, NOMBRE, DESCRIPCION, PRECIO, IMAGEN) VALUES ('TROUT - SMOKED', '549GGVAXB5X8TGW0NCCDQXWIIBEIH7PPX4H7O7IEVPU740BV3U', ' 0SV6HX97KXCOODPFNJW7HH7H8EYEAN49XWHCR1YVVA3QO64XRN0DQYVRUVFI3H0J99H910HSOASYUK79TJ79B  3LN47SVDHET3FHQKCPTOPCQTGHBGCR94J6AQJA7W33324B5DJKTTNIT6YPXDOTHOTR3VHYJCHJCFC1PHHAGN08L2W9W02QN5B9R382ST4360790S2FW262COI6X6NXAX0NMSDGO9BR AHLAB68JE458K51GBP8I7OOVMUSQC', 13, 'SUCYL5C3K5JW3GCI61J U8JYW8ASE AR5YT0XXRGDAD8JRUQG7OKMN1HH33CWLF3HJG3JIADSPLA7UKQ4MBYEKG94 XM4WCVGJBU331N397OLUCMGSEOLGXNJI05FR3A8NV3O56WQEIE42T0 HP242FKIO2GDP65G1NYSQWB64J8RE5EH179MEDVKVXMOBSMQP9WB5JPC7U96UY4TWG7VURB4VGPX80XJO4NMW4DO130I5BK2ASTOO838927YUG');

INSERT INTO PRODUCTO (ID_PRODUCTO, NOMBRE, DESCRIPCION, PRECIO, IMAGEN) VALUES ('JUICE - MANGO', 'EKYFIWJK703IVCAQXTV9HQQ6 MFCBYLIOYR07FVONVDJA9Y670', 'H12CSY3T165528UVGWQBO57WLGJUV2SFA6AM23OKWI6HM498KHDBLOQWHFENF1S 1IKI1KOMMTMXLGIF710504RMEHELRWSOHKD1HMCBCFFEHECAQLEO42VC280VSOK5PV91Q1O6SUVS13L9CUHJLSI9P1YD15H 8HOPIUQLU014KW5UD62ER1S09QICC7R2MB42W0D83WDITBA1B1Q3PGE4QUHXU2I6KST9UMXS9V7A9I1JFN3T KKWNBDE4 KS', 65, 'XM74LEVEDR1QDRC71WWAEMKRB27T2928R4SGN7IJDOORCLXX1XAQTXEY2IKIJJ9MFWL6KUDS9OY9SJNFSE EOUXY233J7FLXJ2MLUOBCT6VBY 1TMRWMKLW2XVGWY9MEP V3LRNKGTBH9WL0J L7CDUDC4A1X9XAUV9B4W1I 7AQC5D7PWJ1X2ID7XDJQ73WK8Y6K H4YOTMJ21F R8FRSP8P53D4CR222WY8PQM GEC27TIR934G5XUHWJA4A ');

INSERT INTO PRODUCTO (ID_PRODUCTO, NOMBRE, DESCRIPCION, PRECIO, IMAGEN) VALUES ('ISOMALT', '866D236DMBFSI80 MW0 WROTAIUCMJAVQUKGM R68T165IHCAB', 'LWNMUXK4TUJQN3D553L83MRMEWEC2PP8QSBBOOEBSNM8DB5NK4TYQIXLB6RN58XVHAKG9LBOCJB 0161JA6JY4OMGADY9EX0VGYU1862JLT2YON4A0NSFYGQPWE80NVM864IWWIDWQO6VFMFJ89HJGAJFEXEHYQBNOIDBF911LO1OOUE7WDSXPEU0LR25ANNK9GYX2N5 EJPB7GEQYNE2LWCLCG2ET3YURBNOWQ3P8LPLGY1IROUY36OP4L7TOXK', 35, 'D6SPMGQ2PS 97E8BF8RO4G9DX6TEAJ0UI0Y01Q0UN0EDODIWW13GL4F V8TIE57X6B5MQYR7VBKCMGBPC QD KAPLMEYLUJ35JRSQ7XQ31RMVS6Y3N3NETTE1JGYLC1LD5II3RWJFDDBCX9FHPLWV791HKB8V3D7Y4NABSRJ8AJV6F0GKX0AE8D11VM1RB9M2FG6O7JXSSWKCD9L1470H2G 7KPJQO6LKENUN IS1XQOVFHOJ5Y603WM6A7K8SV');

INSERT INTO PRODUCTO (ID_PRODUCTO, NOMBRE, DESCRIPCION, PRECIO, IMAGEN) VALUES ('WATERCRESS', 'SKS9FTG874JYP  R 90QUVRBF4U8F3AX9HPUVFG1PQDJMJSM4D', 'L5RW7ERG52DL10SYYOBFHDL46CJ G8K51Y86GGH1YD9Q0JDNA924MGGXPJR3LNY88LDKS86LO45ETPVEXAJ2T0R JEEASYBIB TKMDU4JMJHK8RLW9SR1W0R2 73DEMQDJ0QH6YFYP8YF25U71IOF1GCNYGVLAKBNLNOAALOJCPBRC45JODXB5GPL5IVD16DJQHWNFQSGOV2BLV295AM5790K QKBGDKOV8ATLLSB66Q7 L9W Q6P3N2YSX CSN ', 76, 'K4T9 XR U8VDHGPBHAR7IG V1UVEGA6FCIT8BW0JM S5115XKR9RQUQNBG6D32 81AFYIA8  5CF6 3CEP5ILL7PGLUTJ7RDR ERENMTBI6QF44CMS9KHPCTAW72R2RWQ92 0A6NHFNPVK715YT3PU K28IYWKK4WWSJM1WEJ7RS7EPXT41N6V895P1PRC1EBO3P9K WG5FY5B8SW0U VCUMW08ECAMWVYEPPW2JT3PJ 3X0VT45WGMO VV329 ');

INSERT INTO PRODUCTO (ID_PRODUCTO, NOMBRE, DESCRIPCION, PRECIO, IMAGEN) VALUES ('BEEF GROUND MEDIUM', '97 1TSJA5SY4TJ7N4X5GSRC LSS3T03X1W 2CXXCIIENAIHLW0', 'CW1RMF38C3FPY8YSYI6YI53XA9SDA94H482E3BCVYEQBRVTI PF7BNRY1ASLPHBKPL1P91FGNPGUHMSF02HNYOC L1EO98L2REG861JH4DE917U8QPNG5KVOXTN 865K44QY72E1 U0FD5 273  J3302SO8V5NFQMNBI0XA1ROC3PJ72WQKA6QWA6232SCFT4VMPJ21NCF447FJ05P8NE U0YEH7M0XUSKP43UIT772HN1AR1F4C71OXTBVD6XJ', 69, 'FO2LIN PP9YM50QTKKW EAPMN SFB6WNXPLCLI0PSDPUWUUKGEPIJHXTO0NDCX07B5V48WU8M1S0QGELI2HNAJGKJY88TU6BMD60AOWXHVDQ4YL7MBUTF0CFRUH  76W7QY3BJEWT8H8 OC05KJVK9XHDYS12JHAHBXE2AIQFCAE0ERMU54E2QHQQ PNO E48S399D58JNNOUKT6Y3I13O1IEX9CF0WNS4RI8HCQU1AL3TO74H1MEKHQ Y01G5G');

INSERT INTO PRODUCTO (ID_PRODUCTO, NOMBRE, DESCRIPCION, PRECIO, IMAGEN) VALUES ('PEPPER - RED CHILI', '6BPQM4T4KK2JOFV5NDBKB4ABICJIFNS4HL7UEYG1M1B2J3N6F6', 'HL1DL NQYX3WNJLUEU48OULO8JCWKK21 GG28N9WYQK3HCPYX3TEEU7I1EF8GBOAE8TNXEHXLJ6Q2IBVABIE38OO6W6T3G6UN2IUMH1HCT646M47H67CVA03VFKS2UAU7IJFPABSV3QLGI NVQQ22AV0EKMJM0ERT5V4PWUPB0I79UL0PJ9BJONI01O1SWDTB3SD1POGQH VL26VLTF9MRSTDGIOHTI247OMX3BE XJG1YCXAJ56GY7PAPW48IA7', 79, 'A4X4FQ0RJQB1YBB9J0R3EDW2433HUO8JMHEPL557T 2D2J9FVWNO0LVBJXKYOBH7PY9YC97328EQGBBT5J2GB7F5D3HWE8J2GALMX1Q1JJ3XPRGXYI40BO7O7203TAEOME9D8RY9L82PYKA4 0R781GU4B7TU0YM96L2IV5I4061WODUKLH716KVIY48EH5IGS8KRKK6F5DS06KE176EPRYSR7J95T0BSCOOIXCMT134XQLO3P94S4VX12BHMWX');

INSERT INTO PRODUCTO (ID_PRODUCTO, NOMBRE, DESCRIPCION, PRECIO, IMAGEN) VALUES ('VEAL - LIVER', 'RTDDXQR05H840CTY7W31TJWR7A Y9NV13XI1S9TOEOCFC5X09M', '4707XH0OJBAIAL445BNWTPAQXXIPONGKNWASH09H4EWN6J7CSYM3JGAJCASTS7NBRDNNH5K87BLB6KAQ6KXVHBSUP 6N2MHOAUNFD54ITUTGE521SHA549Y4VQHH863Y4DMN6PK50X5JI3HSJBQ4X UN96SK20TJXB2UBKSB YAFX1F2WE6SF0H44C1HX1DNQJQST OCDHONXQ2Q46WKMT3L 4E0YPSJNPQKRJ LME5AVHAYTW6UPH3D0FL NC1R', 49, 'Q RGUU2FXYT4QM2V95WX5O8VFK1WW2I40XU5Q1NKWGNSP7K1UL0Q3UMA8YWACJLW XPQRGE BU  LQNRP128X8MMXBPS181VF9 E823S69V97J6J4660F6EYPU65K 242LIAP04U JFTK89JEKLU 7OC 7N3ADIO51 OXKKUGQMBXXLV9HYC3D JHR4Q8ROV83101ALNQ14NOUNHJ3RL767WCDQ07L6HU7T7GML 8USW50BX6PPHF7NWPEPQVR1');

INSERT INTO PRODUCTO (ID_PRODUCTO, NOMBRE, DESCRIPCION, PRECIO, IMAGEN) VALUES ('"CLUB SODA - SCHWEPPES, 355 ML"', 'AH0T503Q1VIISLTQGXP3T8SV7LWBRIDQIPPT1XLJN8U8N2QJO7', '80433ONHSGFHPMABMB0R F7YEBXS2I6T2GIBDE2ARP9XQTGP820MD6AQRSQG6K05M5 JBGLTTVTSS18 Q21WKOY28T36KWXYVVCCTCR3VSR3G629S9QQS2VDS5PJ6 935X0MSU5J3NGGNYR1X WO9HTFRMJL3WX  FK9GLS WJTFU MIKL234M23 WRIFOQRVI80UVIUAW4933BQ8Y7TM57LOTKHET10LIS2FO3FLAF0JL4LIOH3NQDF4M HBP9O', 45, 'THYID1FHB16SG7U5TFL26V12OGG479DYUD8A4QMAGH2V4GXDHJAU7JJWTX412RH0JUAYXLOJMN  4U2P4T3BSW314L8LR6M81BXDJ EFN7TBWMM2W24KD5MDD6YT0JCKIBQNQHTMNLL5TJD2YRDMWGRD591GXK3DXJTHYG2LB S7YXXUSF AK2ER7X1CICJ6MMG5J VNOEM3IK3PUG4P1L N2P50DQG08S1H1KC99EP4CNJCTUARHVVMFFKEYFF');

INSERT INTO PRODUCTO (ID_PRODUCTO, NOMBRE, DESCRIPCION, PRECIO, IMAGEN) VALUES ('BAGEL - CHED CHS PRESLICED', 'AFFOBLSQBBDAU4VN98BS10 SI7YIHB2FQNOSS5Q9W3PT9TSH8X', '4LX1G1IC29B52GJPAD1OWSKW3ENLBO55QO2VEWFF43WWGOXKNF7TN5KXHLFBEXTJ XJVASLUMHUI I3MN8042O6F2BQKITSKJQNBJVQM82FIR1BR18VDCGVWXRNH CN CKAE1LJ9LKVLVTLN80BJG174YE51P8M IHIVDDRO66GI0TI5VQ 0I8MRXQVNV9ANJ14ESPDRC2POIS3AHTAHVS8VVD4YDV1WEFAUM9PKGCFVU53OMKGMV7G38FJL7B8S', 51, 'BLJUCXW6KDC9JY8TFWWF7 DUUL9U6H9XQQM 9E9XSEAPQE3F M0XAT60134EYW1 P2Y5LEKC789U0B6MGN1GB06UF257TUSN7FUQB8S3W46J59UIS3TNL8HJCB7U4DA4RR YKRIJNQK0QBR9GEGNVO78CPSGLSS5AD0S 18L2KMJ2OV01STSYKLRKYSF03CVO03J8A2OHQ9R 235EH80OFA60P32SMESRODA4K24X12NDCQ4B3QJBLTSSUDNQB0');

INSERT INTO PRODUCTO (ID_PRODUCTO, NOMBRE, DESCRIPCION, PRECIO, IMAGEN) VALUES ('"PORK - HAM, VIRGINIA"', '39OW78XAGWTB606GFGVVGGE70F6W3XUI0HCM7W2D13BBK76D Y', '11 TT VIDMY288MEI8EA5M1GY8AILC4J8K9C42MHAUC07AX HYD9VM6VLQQTGMBP6AA8UMCPIY6X6X5L7T08UEKT6NXBAKUSRUSPP9WD3TP9WI1MH7QH06 JJ Q9LD BYMOTS8W Y4NANSLPEI95QB0YHHRA43O 3RRG4TI47AKTQ6LV6CFDURTY5F24 9RKH3NTMUWVKLL 2P5Y QCXSVHOH22XXI5F5ADJG5A3BEBIOMMPW330FHWTNTTI29MP', 32, '3BY9UVSKM6405215XA7X2J10HY1IT1IM687LGN3M5VPOW5 RQ4KDE1E4TAR1LVB8LWWXNM9W65HSV5V9D7VIBMK3CGBCYLK 23BS05VGD 9PMCR3I56IU8MH6P7V0BKAMFP4RBSSF6L0RAR3B5847JKPD5C23XDEEGEQUTHBDJGG83NMBNJYRV4ISM5UC2UM7RXVG8LHEENPJUB5PVDB9V5C8E9E4MO YVWQD745OAPR8E2JP1SA8T310U02YHN');

INSERT INTO PRODUCTO (ID_PRODUCTO, NOMBRE, DESCRIPCION, PRECIO, IMAGEN) VALUES ('"MUSHROOM - SHITAKE, FRESH"', 'L7QQM2MY57M0AEQLS E6X85MWVFDXD5CJHG SH7GJ8SCB54I07', 'KSX0664AQ 0WB6SP1EGCPVFCLFB3AK0CUBXW2 L4UUA0XALDQ4MU8NS2O8XX7JMRO85M05OEVC1DQ1UY451RDC6XNDCT4KXMCV86FBJ77ABCKQU WPI X1IGXX OW7UY112K661BQ0IBHJLXCO68WI2EXNYHPWBHUNRSY82W1CGFFV8Y1ISKUKEANARIB LETVQIK3R5ML316K2078J6P2 I37B0UOGB690UCQOSBWOH1QQWYOSAMR3UQGF2IHSL', 31, 'HDVBLQA5 J8VI9ID34D8ANHC9O UWDM0CJ96A8BENUHJJ39RLRUWK9H2Y3O Y0Q5XBH6LWS1Q45NPMWAC8PRWGXD5HFGU0K1OIJ95QAUPQTKEYASP3CLDJU3QAJAAWKWMGSDVJ0N6YITSBSE2CEQHGGEPMB1QIPP9 7HTXM7PY O66LHNM VRVWXOU U9K6S15YUV08PDDX2B33FF6HGYE9L2N3YQFHSLVN8P1K8N713PLCA77JT3E1RQPFVVPW');

INSERT INTO PRODUCTO (ID_PRODUCTO, NOMBRE, DESCRIPCION, PRECIO, IMAGEN) VALUES ('DANISHES - MINI CHEESE', ' 31JDKQJJ36BKB6RMXIO34ERPPSQYON875AWSM91JJHLSUMK33', '6JWRNN0GU2ALPI3KVC4GYJLSX2P0CDONN8DXNNR9K12KW7WS508 O8PPGE2SD2YQ9KTLC4SO88IRJIXBDFTVN5K4S8XYHATEMHHPI0 WCRTLCLSFPI8GQSO4SFFHMOJY8CBU8S757D387M97UDTQ07VB 83FYNHLD3ETAKXTY0F0XQFVVMM1WRP7T59T910KJFGMHEBSR VUAXT9TMRS9OI4Q9J2KR0V6S0UER511LBXUKY6DTX74MONP2E7TMNY', 75, '9ADQMTY7F3UQFGXEKN9AU7NC0 B5B7LN 4ORIWLUEWA9PFTKF1TMQ F18WRTGWUD9RLKIV45O122MNJF4557THC1TB1QHHW25VU 02B3VMJIPPGENY0G5DWT4JNMJW3SA DKT465DFGYS9035ASMXDIJIB090RL0WBYFKE491QHBKURKPC5W1VJE344A8XO8VY8W2O444IXTT687CSDTHUC9WM42L9KVTHSAS617230L9XAO6S5IIKU1L1XV6BX');

INSERT INTO PRODUCTO (ID_PRODUCTO, NOMBRE, DESCRIPCION, PRECIO, IMAGEN) VALUES ('"LENTILS - GREEN, DRY"', 'QH04BTRRCFS12A6W 1DHDPPI65JIKK BTWVY2NGVE53RT8CPLE', 'KSORMDG016GVQJNHQK9079T8MD8X59L1NWTCS4FQ4XCKDIJV2 YCC7NOSC2INIDNGMQGC161PO4WJADNAVHDKLBT0 YDI6I8  PXYNL5B6NVLM992VSC5R 2NI7I7BGMP5O57X 348EET3VDGXV4WXD9HUV8 W0TY FRH0AI2WHQ595G8G57DQG7OKN KPAODWROAGDJOFRHJDGXRL586GE29N313A73GUO4B2DI8JKX5H97P7JSN4YELE547 8G', 60, 'VO3 P5DMM3B67GW5PGMCGQV6A9MEYS3O403LJK0PT8BHRP8HDWKW4TCYI83F7N Y241 TMX77F9MFU41UQYKIUO06ELO7YGLUML60NS4AAA2E86GTG  E2EN5O14EUTQLI3YYPJ44NMJGL60KKLQ9LA2NJF8JY50VRW0CEJ5BK65J8PRKU3YJ60L3WXB42HXSWY6QPXX3AML9A4IW668YWR64CD6SVVJSGSHCA2CBC41EONJJM1QM858MIPNOET');

INSERT INTO PRODUCTO (ID_PRODUCTO, NOMBRE, DESCRIPCION, PRECIO, IMAGEN) VALUES ('LOBSTER - CANNED PREMIUM', 'OTWD4Y E1H GSLQ8QO6KR NNC17WBIPRXDIXJQ H3NF1IRMD4U', 'HVE6V3BK4GT5N7UKYA2S1XFHLA8GCR402WLHLWP7SOBKSMJU0KWF9GPW9I8BRJIJD4G38D  O9D09JKQXLB2GBVLUMY5APN7TGK07SQ9M3REW77 H2UDW63QOG6EI0WGI LCQS1XHISLK SKRGH6QW8NJWRR87STW0H3WEJBHIR7OYKS6DOSPTXYUFDWAHU0H379MB6U30G0J6JBXFYMVWRQ69WRA4YN09BPLEIKYXQUUDS15T8VSD8HBIHW2E47', 18, ' QQ3T0DMQ7O87E8LJE097651X9KA6AN5AN55SBVHOQ5 OD IAL4O1MBM8G8Y7CNIN0Q1AP3N13XU4DJRQ6TID05EQT5GF93UOL10KJND JF9VD80F35FX91J8CT5G3EVYRS8MA3XJ V7L7BIJL1PSYLQCYOPMKX9YXUAFSNQYPH240STUFLRAJ4 A52QWB000ALIAREKH12XOYQN1STS6K68XUTCMYJSMNY8U RMVFNGJ52I CPEWBD2GA9KANH');

INSERT INTO PRODUCTO (ID_PRODUCTO, NOMBRE, DESCRIPCION, PRECIO, IMAGEN) VALUES ('APPETIZER - ASSORTED BOX', 'JHLQ N2G9TUDFH 2JEQPR46YBI2I093ABLJ N7XSOSOOBLN01H', '55SMMKG8G URT1UEH3HDDVY80RPTEH1FNPLKMF9M8DR1Q8 82V7BN7Q39BEXHOVAI36BLF689HNCE69YXEAYSI9RT0S48WW1YAEQ70JHS7V7C1K36CT2649GO3UEKW2TL9C0NL8HUCM9HQIE2UN9BGMVCXU1K5 VTISIALFUH6D63JQ25N3A6W6NKIPYXLRUP9GTF BUEDGAWI  CRJ2JIMRPVQX6EE8LC4YA4M203Y3RLHWV9314U53KUV6VH  ', 14, ' 7JVNWWSN3 R3KLY7BPWB2SMD JNHDPQHBHFDLMJ2B5 QELAKBEBCX 33Y43LHL WC4LAIEQM21WA0598S5GINU2F06YSRGY74JK7UU2KS AYOKA9KGDFQJ11NHJS88OMM8Q0LRHDFCGCY1G6I2MNQ3BN7AYPU0XNU6L7X200YQEWEFOIL5LEH3X2Y YS2M 10MSFR1JE5R8 1UOLMO JGK0LJVGO4FRLY61LHMF YS5MW9J 7JKQD73KQS4N3B');

INSERT INTO PRODUCTO (ID_PRODUCTO, NOMBRE, DESCRIPCION, PRECIO, IMAGEN) VALUES ('"RUM - LIGHT, CAPTAIN MORGAN"', 'OXNSI9B5T1NV5FB8BF4RDAIRHEW TVKNGEEU61F0UM669JQ1UK', '1FVJXA  BW Y6L1KU9U0YH9W36SEFIINDFYL7YAN4CC3NXAN28OXBLDI8P5R G V3QGJVE9WMCHO KE7GBE3O9L 4IP1AH2YM64U C10HLS0WYVOS37WJICR6AJP7AMS5F73KG1CWEFSBJR9F3030JPLQR YJO7M5WDP7I2RMK6NQBPLGY559UV407QGJEGC26BY2VKP 150PCXVTESI87H7KMR1IY9L3PEJJS7UJ16NAWD4UOVRU91A I30CM57', 24, '62JQ6W2W3 RLBWF39EJL4BRO9 VW6Q41I3OMTUWN987J94A KQ0JCC43XBT MTIRJF4AT52RL3IP88HJX7410D3IL2EUVSHLLWCPSCETIDNKTP02FS02PU4NU1NP0 VBBDFXS6WT8WYVRVQHUY3VCDLP6CRNRUKE 5YK D70L3M4  M6F40VEXGUWXNOG0UEX0QLJMYXME65RRQ5M5SW1HLQ7TP 4D5TJETCRM289FKV J5S NE0RQ1LOJ1F28F');

INSERT INTO PRODUCTO (ID_PRODUCTO, NOMBRE, DESCRIPCION, PRECIO, IMAGEN) VALUES ('PASTA - AGNOLOTTI - BUTTERNUT', '440AYR44UAAHCG8BVF34L560U6EU BULNO1FBCURYV5JEPD2Q1', 'S70H3R6X472P4BQIF6P5NK06NUN4T YJJWDGAUEHAY4N0OAR 9G6 HUWE6YANKXYHSTVKGPAY PC9P QK5GKYEQG899XWK4LW83N 0XDNNUV76RBF7I1H5VHDBUI65D3UCGCTMFG6E3X9DN8Y42 80XUHJLNWUE N6IHS YEG8WD4QVL TPSG6KJ49TM6JPS1IYK2PHLRV9B01ITKGV0K26JQRWFUEM35RUUXSYN7S1KQ8GF81RDR06WKGBUAUWB', 86, 'T4UEBQAF96DHB6I5BKOAIB2UQC5ST1YQ7OG2FIITAKR5RRY2LG3OMUEQHVF4J623LC0KXVHQGNX1RQ80PWF9DXKYFG7MB6908GORJL5A97PDIH92I71MB1W5C7 XB58Y 04EE3DJVSKWGI5D00LA6KLQX YBI37J23T82P4A7URHQTS5PE9PCCHSABK665ORK9AJQ1L9CM1O6C9KT6A1E9X Q2NF6V JBR WHAKGK2 H8L2O6OB7NDA658QJO2A');

INSERT INTO PRODUCTO (ID_PRODUCTO, NOMBRE, DESCRIPCION, PRECIO, IMAGEN) VALUES ('SAUSAGE - ANDOUILLE', '19IKTA4BGTO881KIOMW4WK3SCV3J082FAYP5P38XDJQKF L01O', 'DBAUILLLNBVWW6U754CR1XUCJ3JP38FFLCC1RBN49PKR7 2OCKXSVJ5D WTBMU5S7D8ERWI3XTNRCMQURSHAOKHQWG9UKDTJUUQCO7S55S9XMMNM8G67UIE4TIUVMW1PTM8VUAWJ40DW06UADUNM6TLJ9U3MM96EMG9TW4C8J94EB3VM FN67PO2T ABX9 73TRP54VD6M1KFIX9HY4IGJCRXQXH8PJX0XVGO17RGWDQ2 EP4ER6RYQ4PN4MYTXV', 90, '7RN2K7T2NRK 9V14DEIE5T23HFF90N36D XSYYX0EB0CUVGJLPSVEOG4H9PT0U73MIWE8U11ODA609B4V5PUAORCO6VQA3EAAE8L45N98XNW511IVXY10CJV9V4NTHRNW41IJNLM4Y1EI64F9P5HPU0HJD1FO07IQNW0U6XIPXF3XJP2XVHFI1DGPIRWH4OECC41UE1IAMGS829G7JC7JJ40DQ1JVBME0I08F 0A2HU8LXMGG FFXIBNURK2HGH');

INSERT INTO PRODUCTO (ID_PRODUCTO, NOMBRE, DESCRIPCION, PRECIO, IMAGEN) VALUES ('"BEEF - COOKED, CORNED"', 'V5NQC2B5P 7BJPC4O34S2DN1V8HVPWEL SICWNHO5S5WXR2XSQ', 'VV512GSE1UKKNAHGU9ASNFSN7SU Q2C8IB1WQ013OY4W4UGK1596CV8DKA6SP45DU9RYHGWSUPJHR4JFSNTSST PM5JNQAY2IUGJJIPRDFMOSLK57VM0JLO8POUPT6RVK0AJUMRL9SAVP23E0KC2NDYD5FLN9JU8657MEVLGHOWVR0M0W9KUG2T4M41O5YJPGYSR R XR0QJD5QI1M856W2P35SOBR87VIA OC1PVB8HY6Q5DAAGL2XEI86LJG1P', 37, 'B638BTB85YF87XR83OCBU988UFP8KCYOK R8UJD7HY2LX0JD96JKM223GHJW7A56KXBIN71WI7K8GYC1Q655 WTWJU WPO3WJM0JE03W2XMBJBXT1BBRA54NYV7DART1Y7WEH4V NA1VGXFEUCLREIINEBA3S9S6X3SLG7VS4QE1PSVI0MH5NYBIKF LDEBIV ULTA 7Y1QNVKUI6LPVWTOSVEOHF2M9M9IX3S 5LQMERUSC207Q4UWJD0TIHTF');

INSERT INTO PRODUCTO (ID_PRODUCTO, NOMBRE, DESCRIPCION, PRECIO, IMAGEN) VALUES ('WINE - RIOJA CAMPO VIEJO', 'DAHFIYACO8TW1YQOE3G YC976I HS97N66HP06 AD A6GIUEYA', 'KTAKNL0IN3TMCNMM7ESL8FSRYOCS3GQ6EHGWEQYQN6N8BCCK2IQ7Y2AD2KHABVFHKOH3ENSXBYIV9PEL4LIBE1QPDCQMLTR3LTDODNT6NW76PPYBPOHMKBLBNF4ODRBU0TW49IH2MLC4J2H75WQB3PYFPFUXOQRBTDWSUOGJ5W1GL7 WH3DVDF0K2E42S06X31TRA3WOQI7AOGDO 6PHDEHQ4FJ3PI0BR9C P0IJ4NVBV HBQDI8TG76BK6VT6TA', 6, '0WT2B2HHS3VRB RD8MKIURVVDB96V0KMU1KVVKCKS08Q6 BQ2MVY4LB5LIGP7HA9SNYQI6MUDMYFSIFE 39HDA3XJPDQWPPFEXQB5HYIQR0 EYM8P GGSD3KGL23SI WW0B0HV UQD070FYATCMIDN0GYL4ITF63EQSG3DX3IHMQFN3270FQOELFMSN HA X4BBYT2N6QV0KJRJVP0LB0AOOFPINPG4R70CX1 6OLY9W4XW37W2CWTHXW6LIBH5');

INSERT INTO PRODUCTO (ID_PRODUCTO, NOMBRE, DESCRIPCION, PRECIO, IMAGEN) VALUES ('PORK - SHOULDER', '4X1E5KWHXBXBRKF E113CF3WLPOS410OVU6 U4T41MQD84A0SN', 'I0G1S6TMML9EI0GD69ECBFUVKHFSYTWT0T3492XH4Q2AUWI RK1BGG7LBU9HESBEIX1PVR7XK  BAJCEJ0T7PXID9RH2PUYGJT4XGGOB NL7ADSO8GA7KN1FHBJRFH01QKBMMSL 5NBI3 XCE5TY1MFL3D 47UILGRVLO7XH0PS0 RMSA25OQ89AS7TDV27G140AS4URJ W2BJ3 3CM6WEASSIL2I21KNFABVLSSAGX35WARJTD7QDC08401TNPP', 30, 'KI5YD6RMBWLWT0FLVO9BC1N GJ502UE5I1P6 PTAL6FMJC2J5OARMNA073377D9T8RI9UCQG24592U7G93MKS1EBEA QOQIL76XKDOC2WS8AFJ3AXDH5G28Y81KS4P6J5SLX200QV2C01HM3Q4911UUD960GNED4LQCMJ3KHXSU61AXOPGB0AVXJIO88FWECV1QSA2BC08P57DU5N6UESRXU7TQSCPYTA77PW 0E0M9JFO462AHR6UUPEJP6DG9');

INSERT INTO PRODUCTO (ID_PRODUCTO, NOMBRE, DESCRIPCION, PRECIO, IMAGEN) VALUES ('"JUICE - APPLE, 341 ML"', 'URBJVFVF9B376B8J19G7GTDPOR02BQXO UDAAOUU61MK276F9A', '0H9J5KO1GVAYIF5OXE8PEKTV62NO6H6R327D5H0Y95Y9I8QEG5XG4FP7VQ3U2AOCC0G1PHH8P2QNCUTB7JTI474EARE6DIT4MOV74JLJHORJFY8RE16HRN0208XU08FOHAO8HOW3BCONN3AKRDD01XUHNOVIO8C904HX0G7R4YH9DLLW4UQFIL7F1213 036 3FQKNE185PUKWPAAESBNDWB2DWDME PPUEV5APLX925C3LUII WA22NVJF3E2T6', 62, 'GSU8TRVL8U 3PWA5O7I8QRC7 1G0BUD51GLLF5W6NNR98DAJAJLF9K7KNNGMT5LT3VMLWALB32EX55B6GK6GEOOMS87XC206QUTJ0MH6B59WD5 7PDF3XJXUFOU06AIQT39W7DPGHVJFXAA42JAD0DJ6KVA0 9T7PH7MW80BE90P0MYVDLBABYQGDL4SYHXN8SN0QD2W22A4I3TRUJKK3WU0MK4KRI20JUROCFQPUFDHK8 M5WHOI1B27OQ7E37');

INSERT INTO PRODUCTO (ID_PRODUCTO, NOMBRE, DESCRIPCION, PRECIO, IMAGEN) VALUES ('COCOA BUTTER', ' YIDC0ES43TX3 KLKMVH8T1SGU1QLX3XUW6O198RK31VNS1R49', 'NC5240Q8PUGH1R3SVG7L8SW0SUXIQDJ59BAGIMOQIJHY90SUH X6S 12HGIHD6SN48TN539GI5D2VOOOJQAP TNRT JBKNSVC2FYY2 81 ENA8ORLLHNXR5TB6LE0RFYW3NXFWUX305QGYC8KIN147L57A1Q8UCQIVBX59PTJ26O5KU8FHB7R7JB 165C6PQ583ACUSNKT2GNNHL1EWAV CY V9M153BJV3NXHC5RO18UB54Y3KVW5BM23BWO21T', 12, 'GTJ7P1J0AL8AT7UFOAXIJI OYRYCCTRQW7PUFJESSFG3R0URKN49HSA0SNM LFD8AEYFGO1V4ACBSQLK3V5EQ8VQOT7QSN6131RAWK87UPVR8LUE3HW6V4NX EUYSGTQWA1XJ6RQHU6WOEXLG2WYGIGRXSXI7KTWK9D05UDJ0NNQ0B5UV3LT3FIME QTUUMMVHSHKEOLXFMAPFND36S8N3JW1V05A25A2AOYCLSU  TVAB72IO0AKA1FFDH93UA');

INSERT INTO PRODUCTO (ID_PRODUCTO, NOMBRE, DESCRIPCION, PRECIO, IMAGEN) VALUES ('AROMAT SPICE / SEASONING', '2XI74AV 4J4BT9 P OWKMW89MWNJJIOLV246K MGBKBDK95SUH', 'G57EVYGT3RRP08 R38 TBFHYT3I1L3XI8CT9J9KK2VF99HD1NYAU4P A1IEY2L2KNLBK2XFNCG5HCV2J HQG0SAMLOD2RIHJRDAF33WFFFQ7B9AODL5DM9NVVEAR4Y 927V7AOWOSNQ6 75QCUKDC4OTXV6FPQFCX3W WIEUVN3CPXY 7R3YS9N4LYKMR0U0D390LH6CNQBYXTAHXNW2IFJYYS ST39MCXKEB8COYD LXUIFJ9D5PMUUBQFE5PK7', 46, 'O2N O6104L8UC8M5UB0156GUMJ5NWKIC2IFQ9WUL449QO19JADS6N08WWAAY1WJY88C2SP7P05HRVBWRY871IQCMW65Q2R9ER8SSSBGTLLO78XNH9MMV8KTAEL142U 0AKK3M0LPUGL C8T3Q577NDWPWSJJWX5XVW7 815OYGMEIX72TV19YIX86OONONRW26N1NNVH1IP5RGNH5AYTWFMHVW4GJU5BYV57OP876I2G W0A3PVRO3UEC8VJFH2');

INSERT INTO PRODUCTO (ID_PRODUCTO, NOMBRE, DESCRIPCION, PRECIO, IMAGEN) VALUES ('TRUFFLE CUPS - WHITE PAPER', 'JAW24SYI79JW5V9BXDK1Q8GVVUHBK8L4RFX8FY10BP2R6Q2KS0', '2WLVTGLYY93F5V446F4A3K3KU6878F6L4YTR5HFRRFGJRTVQJYNBF A83P863MSVT1H7WOVP0V7YB IU1504KBKBAXDJWCFWPYIO0AQ75IOOY79G0RFEHPXWH7OHYONJW0U86D0RY0UTIR5T24TUR95PEJHI6492PHLDUVQOL28MT2P5M0A6HLNS2B QXFM7N4LKLFEFD2D 25LODUDD7HW8M22NXOKLMB1M4B76LUP 2JYLGVIPOHSSX9D24R I', 19, '513 MDYVW1GOKGPM3662PJQEREU1NBU7CSHBTIA4MH5OOSOK8WOMWKL6MBHQR3WWMF0L0V7 UR8UKCFF9TKF1CHHJWCFXU40G4157RM6CUK81E MKEV8FVNYT4B1HJ8PX 8DD97RDFNDVTN3WF18I12P19X8YRFAP4YVU18 3TRICCKBYVMFWF25FGM 75RXRKG5SLMJPNRB31VV 6VHF6DVR65BWWANVNN2R91KQKMQGP2FKEI2OO1SE6D9LSQ');

INSERT INTO PRODUCTO (ID_PRODUCTO, NOMBRE, DESCRIPCION, PRECIO, IMAGEN) VALUES ('TURKEY - OVEN ROAST BREAST', '0KCFPKYBF7 M 50XN7Y302D2W5H3GQYXK4AEEV BH8T5O172CM', 'WJF KMOOG5A9B4OYFDY8A1E0FYDNMCL PIYGLU22U31LIXR897385U1YS81U53UT3JQLX0UOLBQN00N277M516QBLGPTA05C94VP BR7J6MBGTOPL1K7INGK6D57QB3XJ7M3N86IOK3SP81L8YLO2S7XBO5A2P7GAV0CU0LH001N1KMMDKH99SGBVVFO1SDA2I33CYO214FPKX7J3H4NI7WTYDODKKQX6409X3ISM S7M WS449I0EI0N L0Y5J7', 10, 'C2S7QKFM9V535XDH 6QY7K 4G8HXW4W2KQT0XD0E26I9VKGJ077TAJK532E43XSOHGWWIRDIM4QBUY I9H3EIF1P NG35DJH7UG27QF89JHO5LNBA84RVVOYJ4 Q1RUWONKTXS82OU8HJIP4KHPW QVIXN HVORBYE5NNXKNA068H2MEPMMWBO2BHAIRX8HV98MO8ORJVIEE2D0O7OXI5X5XGNAC7IUTLMTP9LJITTD42Y G6KMLVTVLVP74KUJ');

INSERT INTO PRODUCTO (ID_PRODUCTO, NOMBRE, DESCRIPCION, PRECIO, IMAGEN) VALUES ('"PASTA - LINGUINI, DRY"', 'QUWCLIUUXMNP3J2IL 7W7KLVJKEXFBRJ3L7D0OPYV37EN9MM1Y', 'BDOQE8PROMEI6ROR X4KWKYQFL7OQU9 NQT0XUTH99CWFMYQ2IAKSM3MRWS K997VPVCPUI9575JYBQ6UMQVXR6QJ841KT6LTFTSP8WM3JUCYRG92KQ T433QWWS0VI35J1QSGXKIU3NWSMFT1BR6T8LID81HSRD6VYDFHN2AV NI5L1NL2M5S49Q8WS3TK 2XISJQCAJFV1EAA UXI46DW 0EQWCY3IO2BKO D87HB8P1K5PXT4DN8 F2JGK6 9', 36, 'HN4T313DLT5OYE8HY3ADEFT270QS990QRBFILRAHV8N4R  OVMK5OUE2SWK67NXJ6F8W91KQJS3PA2C7BAQB42AB085FJNYQJP85OPUW7N4NMJ3Y0O6AON6SX0YW 95BPN3UCDR5VO91K BC1FRQP6IT RRJ01QQJY4MQ6RY9LVAAIJEOM0WI2SI4K2AU1QE9XEIXIBCOD0SCXFFE9B5FVH8AJM1WD 2G77I1  7PR1GBVJOY6PX4NDJBB36DQO');

INSERT INTO PRODUCTO (ID_PRODUCTO, NOMBRE, DESCRIPCION, PRECIO, IMAGEN) VALUES ('NANTUCKET - CARROT ORANGE', '3HBB7VAL5WBGQQFTV8UCXM42V0T4XDDOE3Y SEF1MHUTX2DUW8', 'VDWS LA0FITL2WAE4G6YS3WJJ6G27BVTR5UMWM6QORWQ9YOPXP7KAIALJSDDS1LMFGW422KNXGODRXK EBTTDWGWS47LTSR5X0JR9M7T3SD4GS 6LBIG5TPS7P9J52TVVU3B 6ONXAH5PENG5HXGQTT7QCG1NNLRF37W3S5RKYELJAO L03E1OQFF0E4JYT 5TF7GQK7OXM7LL874VA1HXX L4YIQ0SLR4A9A9HF47G7O18CDWIPS8A9VM1XY16T', 68, 'DTRXK5BKYXRS5TJKQ97G1QT319K9POAN36SPGY3RVKU 01PJ 5D6SHYV7X2HB9FUL6O2 2N59PFLMILFGNL81N3PO8PSBA0XGYK1NQ2IJYO W SS6PFA3SO2FHW48BXOO6WF18LVEJYA0YQ3WPSODIUCAAB D5DAI9COD SSKXL001A5GIP9T5VQCILQF SPQEUHJV15YQ8K2JX1A5LHGRCKILD8USGVFFF0J49D4NRPSNEQTNKTN6FCKD71HET');

INSERT INTO PRODUCTO (ID_PRODUCTO, NOMBRE, DESCRIPCION, PRECIO, IMAGEN) VALUES ('"BEEF - RIB ROAST, CAP ON"', 'QGOWHINX2GES0IYVBESOU4SQUU4XBIHGKOP50R3A2NEDDPIE5B', '0L0OW8AAU8YIDSK7UF8DVCADFV LYW6P7YY3CJB47C9L0VG6CNKIJBWON78JDNYCC59IA5DAQ6294JYF9RIRPQITD1Q1G3S3AE9KI2QFE0METE1GYPLR668FDP2LPDX7ILD99EG0NC55F1HWHAVUGSYSF9FWGY 83YIE30MUTBNITIXMLCE75A 2JOLGTJJR4WDXP47WJXBWP0WCSDPRF GO2586121PHB9P TEE5YC2MYE9YX6DYVFGPYRQRF C', 67, 'KX7P6DKHCRI93AFU61QV8ELSBIW04XR5F14OYHJ IXR2 NGO 6GFF7UBTUGMCXAX358H3UCK9XSJURR74EJRR8X60BK8DCTR6X4F780CQEBGHJT24RBP0D1Y993NIQCETKX04RIJLWUGLDUO98PBLYSIL0LYJOR 2X2JNKKHRUXTPTCC92YU1LW9X0H3WLDNCVE9DRIYW6L7MQ71AT9BSA4NJJF2VOMXRY0OY07OW8OPM00IDY LUHJ O0329TB');

INSERT INTO PRODUCTO (ID_PRODUCTO, NOMBRE, DESCRIPCION, PRECIO, IMAGEN) VALUES ('BREAD - CRUSTY ITALIAN POLY', 'M92AAW8VCKOEIBDF3X232LEOH9GXL 5ANR6JXLEXHJ475GBTEH', 'IKV7M0URU6CV2TAC5 25ERU25NHF9TCD PHU0BT50LY73F77T3 GSKW1ANXEJ7XVTSEA94F2L1D5LGK3CWEDVIFA5BM2PROVQNCOTPS200QPF7GBJMHSBDQYBDL0TCNYT581UQOSV8W0IDVW P9JM0QML2G75X1FTYCJMQ860L2V9IFN8TU6CQ2J3YO33EPOFU95CBC8HFBNUK57YNW9CU2P2MDYRH4QM YDQ IFWMAD9H QT79JSXX86SPJDE86', 44, 'D26AHFWV KTKD6EAEKD0KK8DU 7LNIC696YQBQT4813KV293Y V89Q0YFAB4D2S6QQ66MK2XX6TDAGW6CBOWMPO3DNFV 49VRU1VH LSPTMKXLNF12W5BEAI6L5A7WQ3CO4VY4VCCVY8DE00MP1GVWFVX YMPEBGQFBKH00XPI95WN8VEBXEWGIH5QV3J29PB3Q90EEVG44MGQN4G0JCJFWIRRW3WT5FKGBJP26A0KX2P1DDF5QMQNTVTCP1NI8');

INSERT INTO PRODUCTO (ID_PRODUCTO, NOMBRE, DESCRIPCION, PRECIO, IMAGEN) VALUES ('PEACH - HALVES', '6V5R8XRHRGUNMJO63918TWF0QMOP2TUK9URNSG45LWXTTG2NLL', 'D6XM EQ370UAG4O 1H20GC4V1C7UXL35JJBM0WQM80 O4RF CUIUP03B0IFF70SOW7PO9GE6E211CLNBH55 86VQ57F8IECECMYY H2IXJBC80DHUNT8VCLHWXVC4Y49KEW48COQ X IAQOVXHDI0SK0M35UTD95BEYS40MN DIO3HHOWEPKU4S78G7HM7B4K8O1HQQBGXU1OHCQ9O4FO6EMRJJ47TJKU3B78AR27WHNU3SVDCTT GQM7 13L89A', 17, 'SMMG3WN7JGBSXDJ5UE3JK8N8QDR097HI4PBRKIVR243IW508APKC 8GMQNAGQL4DD0E1XWEROFC3W2HYDVWV3EBGC2DRAKCDPNKKV0PGESL9ADSCYFTDO763HWELSFYAYMWM6F69AYD9951V 15ONBWUTTDO6LWMFQWG2TXOF73F8XSTKADJ3JB1O76YB5O18DB78TUS8NK3B0 V CANXUNQCII8 X9TRKL4SP5UOIH6HQHW1QUTLDWOM043PQD');

INSERT INTO PRODUCTO (ID_PRODUCTO, NOMBRE, DESCRIPCION, PRECIO, IMAGEN) VALUES ('WINE - RIOJA CAMPO VIEJO', 'WENG9DMDMXD RS2B8U7WO5E5TCLPNAOQ87QM06HVO WKQ2DHLW', 'FVGTSV6XVWGLUYUDJCIIDNC1XEKGBA2GEFME1YA7 IAC9WTUJM95O124SKIWNP18H H6EBX889623909O4833R7DIQUOA5QHKUAVTKJE2K7CA8SNYFVVG80ISOEIK99XMBQM7BK9Y40L0M2C67N28A SVID90M1XRWRA2U UMAWN6HLNEUDSLJUJ8C3X5V1HNGRFBFDYVKNV1B9EYNF2QO4I3GCHKH3QQD41GSGYNPRTOVIL980NY3LAU6WSFQCM', 80, 'GD4FNCNR2A304FOBC215RKPJVXOC4MCEK Q625S41OS4L1XPDSS7K U6Y1MU5UYR6HDVP295L2 RFDSKY7DL8PPM5V32ONRNOUBJIXTE893K8P23OOFQAGR 10YOUOCU 0E17IPXXAMT3A9S2KN6APC0RC725 MN9TUROWE1D4L1U FJ6WYYX J1W7QX1KJU277LBTL0JFKNBDBPKWPFQY8SVBYXWLB13BLF5PFDJTUUH7OMT SVKI4Y74R13FB');

INSERT INTO PRODUCTO (ID_PRODUCTO, NOMBRE, DESCRIPCION, PRECIO, IMAGEN) VALUES ('TOMATO PASTE', ' X7CIA8N6MME6EN6K 1P364BMNSN15G8F4O4QVTEXX2IXFTD B', 'QPFKCDO15QOFFM2LW82GVTG961SLPUXHMOR 1JRCON TIJG0JHBHC026M82 XURY287QOPS4A3G 9RAJTE087R70JV8XG7PM7GKDC9 BGOA3TFU7XNS7QFJKKNR4SRSLXLBW34FWQ5G1SKXYHW7 MXU9G M9HHDKQAU0ILWT8IMB5D6SI8NH2FO14UUQ 1IQYJGQ55HF9GQNN8NHAGLUV07G1 4PSJSF7R2H551CJYFTRMEAHVQNO8WT85FXGLJF', 56, 'NI5AXYKK3TAOO0RO9 SSSCSYEHIDY5Q2 VC5M01AQ6F32LDOV30QL9LHA611QU61K23P564GIW0JQD1O E1BN3FBQDB5LONDBT8WX7N6VOEQ1 XYDNIHUEKTFF06NHUJO5NX5G0Y 5X9N2N30X890TB7SON6A69Q0M4VN0MY3F YE8J6GYF2AHY8MFP2DLBXW5SC7EGYRVCQFGI9T8U324T5S7HOGOTNQPJSDIR4RY0FIHLAU68AJXRN 12TH7C');

INSERT INTO PRODUCTO (ID_PRODUCTO, NOMBRE, DESCRIPCION, PRECIO, IMAGEN) VALUES ('"GARLIC - PRIMERBA, PASTE"', '1NOLB7QF6EH2MA3A4IIP 6XU3P2NFLNG7Y2BJ72L2C4BXP43EO', 'BXBDUPQOXI5 HYLH2Q1TCGCT4Q1VWHOMN8PDXJO032UPP5C2M HKG4P4WTA0F4H0OP WNXPWBDRQV2NLS9RV7HHD2JAU7OS9DCKUT68H60VNTH82DPNDC8DQCBIIRGPSPEYM1FUAC0LYTSS7DJBCFX16JQTJ9N5RTCBJW5MRQV5QLX6OVH8OSS0QYALE5G8WTJAVN3U0IJ NJ9X7U4XEGEO3CDA6AQE1CFFV9141STPVLS KXQ8YUCE00XHF7HCE', 71, ' W5BX6KGCCLBJF FX13M WF0WQLOGA522MVEQOS6MYK29FNBQV8W7MVBCIAW1G7TLXC0YJJG Q1C9WQ9Y8N15PE9MGWCGKKTP8CXU2HQ3JDORI7 73TQO1NWLS6YP64KO0FXL05T0P08AUV X2U8 8IJ7V5K2UUFL T1B68HB0JNDJGWPU4A703DSXC6LNLVWF5TPKSBBA87HQP4917MC GVGE TA0VEBNO9HGYD3Y8S78PHVFJ9R KMVN9OO56');

INSERT INTO PRODUCTO (ID_PRODUCTO, NOMBRE, DESCRIPCION, PRECIO, IMAGEN) VALUES ('OIL - OLIVE', '4P92 NGKK9DL5F1R81QWEPDL8DLF M04RRSRA1EYDPD3BJVL90', '35JR7CB22CULFV7LR5YU8IOL7W28GDNDBWDF KLKG8M2PKIA6GNL3Y1W8L0SIO627CKMPAKYLQQKJ8KJGMLAL13HD2MB3I9NMTTMFOAJGWS7EGBWX6JAN3VW5TH047CA2265K35I UA05TOKN2WCC47AIQAJTPN15ON30TLY2FGCTAXPU0GONU9PJOXA8SP6ACLDA CEQWELW9M2P3BRM4I4LRAA4O5DWK MQ0F1QM9MW0L26T7CQSORM3J2N2E2', 85, '10BBMOQ2XDLW N3X FV5TBD0EMNIJ13KPPL95CPLS80GQG5SJL8VF7SG1U0L6QVL20NKNHN6OFR38F 503FTCAF6WDDHYJPC7FSFK3O22A09 XQDLS0BUMS53FNCCORPRX FCXP180FGY 6TR2FSD7JA3J3GDMUUXGEGVC3VNQ22EM9BT1WIJKN3INL0JNUVES72BWVW84BMJQU7A5ISQ1S9HV37ABNYFY 9XT3KMIPG JIRQMSKXA4HBI8HQ9Q');

INSERT INTO PRODUCTO (ID_PRODUCTO, NOMBRE, DESCRIPCION, PRECIO, IMAGEN) VALUES ('LAMB TENDERLOIN NZ FR', 'C8UP5WEF43F8P83P10X46D1JRT99Y9Y547MD Y6RFX6A3WM90T', 'GUE3G9GKVLWPKP7UH0KK1LUS8V3PMOHSLP47I4IBXM4E9CUCG11908LBF4ILY U1HBW43MIVLQ2G0P6J23ITQBVH02IWF69VVW2C6CJAQIH3FM4489GLE9QHFRCQO9LOHX7G5JC C2C9008CFUAL4BO1LAPR  YES4PD73NKMQ L32N3C4VIHLRESDGGP2GA3X9TDR5BTPYJW CR15W0M8B24U3OALEGSM2L9K3 M1YHB05X4O8ATSS56VGX2EH3', 27, 'H82FRPX3GYCXJP0PL46SAP85IDXJHBRJD3OJBC10F2C44MGCVP4GLNQPJNALUSWM6CLJO9VEHC08N70774TCDOE3JN8N4AIRWNH2A90PFRV6I7CQBCFWS0IM1W5KXI5Q9OJSGLD6IPOGG8 XBE N3RPDTGDXBHA50SRMS6I1 UUVA9LG3 1 DMVAXCH1WEEQI9P 1FX97CGCNKSYYFEQRG70O2EE14PAGYFA4SSC21G2F8QPWLO74NK8HPXGWVI');

INSERT INTO PRODUCTO (ID_PRODUCTO, NOMBRE, DESCRIPCION, PRECIO, IMAGEN) VALUES ('GALLIANO', 'DVWBMUW54RHND5WL4GAF3FB1KWRA0WCDW420 BESF1UNF8786T', 'EXECYHYKY7YXXO6AQTUYON  ODOH6VGLX2WIEHJHFELFXOFY2UGIHEJ8JW5C1C4DO0A8KOTHW6X9KSI94DCNSVXDX5HX7WRGJWG0BUOBT74D4RGADE7FQG9OY2O9CMNNATLH35T7ON6ATV4PIR1QSQYVPF4NSP04I8U1VXJ4EGUG9XVWO47RDP4V5HN6U6U7W9602T1I40SHA9SGDFJCMHAF03GMW0A46BSE9XD1PF3DWCKSK8CHO28EDU56OOCR', 11, 'SM KDOB654CFHT0JUB143CHQ9CC660RCGHOFWLYYSR9ORGPVEUGMDLSHKKXD8 WS374V2QDF4X2QFDQDXHRBJ64VT TQQF5B00AAYPDYA8U0MUX4BLLD 1QUW8E1MVGE9K EPY7QP4SN3SCSNYTBIHMRWHY3U72I3TMF5VBVJOTH8BLWRWH0YII0DG5PB81EKWOAVG6YIPFM0GD3DFPSGW6I7 8CBELDIFV5KH7I16152BSJRXR0SEX2GO82M88');

INSERT INTO PRODUCTO (ID_PRODUCTO, NOMBRE, DESCRIPCION, PRECIO, IMAGEN) VALUES ('"SUGAR - SWEET N LOW, INDIVIDUAL"', 'M 7FSKO98U298BSF97KQFPO9NK17BX3JEN4HJ61  YS0UXV76L', 'H9WFML0HT5WQDDU48NCLGFV7T38RYBMSYWCUPU5SNY 9QUO9G83WPAYMQKYUJEXAANPIEBVK6E0IYRFEUEIRJ07P9WCRKNTSFL8GPG5BJB1ODMLFYK2HTGM82FN8TJWXGJSHUKD3RC86WVG38JKHON75WJI39FKB07OANH0U2BM849BQOTCGXTX2RVNUHFRJ9HPLJMXE1SYATDAXB1Y LWOX8OPIACIVEI31GG56BKG5XV8FGV8PR3DYQW CV5K5', 2, '2HXK3YLRTJSUOF5A47PFKA8F6P7ILR9V5I6C9PUCJWE23NRPRSANS2Y7BVR07PI6C9S3EYUYIOPH67SG FXCXGT6O 4JVF1Q4C6MN90C1NPAID6J N37L8369JXNDXEBRAQV4B7C8YI7U2DP7D6LI7FCYD7POIWT4GRKL7GPR26B QOTJXHL7IWIC1QI G0DPVB8LVQDP7 AGYRQ9 C0I W2W SARH5813ROS175IEAMOAUIL3LU3R9U7WSA71Y');

INSERT INTO PRODUCTO (ID_PRODUCTO, NOMBRE, DESCRIPCION, PRECIO, IMAGEN) VALUES ('SCALLOPS 60/80 IQF', 'MNC5SQJ162MID1LFU4ACNMJSNFSF3C85RQMFB9D4NPIR67T6LK', '0H1 LOFF1FGG51V1UG5B2BGDA1FOTUGXIMXFT0BONX3Y4O4 L63Y9CB51ORUE3UP6TJ3EEFQ27HD6KAJ6XJAEU5YF0U  FB 160Q9FH49SBA9U SJ542KA1RP5N8ETCHI6IKF0M3FRXXDSGBKF5805S1390ML462IL7D73Q3TPYANSWQDGFEEM5ITSL6DNE60920DIJ6YR730ISWI LRGC660UMLQSL6A2LY0DS2UKQTGCLOKRXK8OV9LP02XUQB', 22, 'Y6ABLJ33WHC83FG70DUCQW5NJD43MJD98BUUC9YGEK3DMGSNOC5B  LEP8XJCPUREC8N XI9SGRV4R7YUPS9AMRD5G62Y9CVVI9FWC XB43N5U662QJ0WJ0QBMRNI0MCGVDH1N0JVAP DK2TWH454U9K57PT8DFH UDSB8FB76ROFYDG2OBDJ4VCTEI458U2 W3M6O5755YM0JIIJTKU8R2 8A6NR9H0ALEUR1SDCX7VXRC1W3387O9ASH4S1MW');

INSERT INTO PRODUCTO (ID_PRODUCTO, NOMBRE, DESCRIPCION, PRECIO, IMAGEN) VALUES ('"APPLE - DELICIOUS, GOLDEN"', 'WWQJLN2SGLT5RUJ9MX22RDYNVTBYQW6TJQ7ADS3LDCUH AO4R4', '416NKW6V2 QMXYG62GIHTDKYWN833H0OWOBRNH7FV7IHL92TVTLAJS2A644CY2NLC6QF3D1AHH8DAM6QKRS4HUGDASO7BW82UY1U1X0EFBP007A5MM0D8RW4A05XBFDXH520W8JY4SF29M1TL6VB9FXD6KHCK1JC7CCU2JXSURCB86RF8OQY69UVH6POO41W26VEK49LTBKCRD83XUN3ALKNBTU8E5BO28XG3V VE3HQRG39VGA9123YJ8RXX108', 50, '1IJLRHUJ2YU4S80BAQKK38HH6N4A9MI23 J1CTFUAAIVXAPM9MIPWU1I6RW JJ9HIVEGEFQDITEXJ7YHYFRUXDONES8XUJ8S90D0590CYGS8NCQ5AR543RWO04JIJBMPH9O28TTQEOWTILM4X4SALQFCYWPTECRT825E508SM04GXH2KE8U77FNQ6XS0 J0Y7BTU6OKLGJ6D4CU6FPTUE7LWK4PU GRCRUBQH2T7A8BT4FOSGQIEVWGA7L4VALG');

INSERT INTO PRODUCTO (ID_PRODUCTO, NOMBRE, DESCRIPCION, PRECIO, IMAGEN) VALUES ('CHOCOLATE - WHITE', 'GD6MPIYRCPJYP1G Y21XMNCROVFQ1V6 TC6P0S61N1W8HMPGFH', 'T62M9IDXG9USS C1LK7KG7SA05Y9OYEQ5P5 93AIRRAN3ISWR1ERIS9KFEJDHQXUWTOXJ1Y1K6TSJ0TOE0E4KG1AVF06F1IWTB93D86QTFB243 FUEL81IT94NLJGG6GH2U9I4PI6E XYCJ9RD6NWP4URBXYIVWCVN93AHUUS 20QJ0X DW34TORR1GW2NP8QN8XFVVT4KCH0SO0MX7UJFCGCTSARBLWFEMF4BY4SHG468YX8O1 OQ9LKUGYK3 U', 78, 'NUKIB1HNX2CQAAC6YR891II0I5Q2H4R9QIS5N7AD5GECFC85JVRMON03Q8NRHE40JDLIL67O5VN346W5 XR9SGJ4EAHQCKHROSI6AB9VV43ACNVMQEGP7FV2MB9U5H03O3XN0FWS3K SXNAF7U2V308X0MGHTFYBIRSCXOPPB7HO03KX1PBCWPQ VXUDM9FHM77SILK1V7PBQ8XF EGIXS41SI1EXVFNBJHH7XAMC9QCXS2NRB51T81BWY2UQO3');

INSERT INTO PRODUCTO (ID_PRODUCTO, NOMBRE, DESCRIPCION, PRECIO, IMAGEN) VALUES ('"CRAB - CLAWS, 26 - 30"', 'LSXJCT5MSV5RQ41WDWHJYEQ FJQQV OJHB GANXB1M4BR76WUR', 'CA9BWT7FGBCKVNC6WYMROROJOW69NI2073K8V09U0V U32GUQ1D7ETCPD708F2G0 TMIVHFC UJTW9VPDUSXMJCQ1E1OBC W2M3FTPSMJ4QPYSSPY7BHTSFGSLXD P809AA4S KEI C8WWO0JSEIULLOM0C9419GNLR7SVAVWSYP2GSGNH9BWYEVKO6SWCEVU N G1RUSYKI81GUREGRP1RNOUEHCRVCSNMQ7E4 XIQ38V X9STOB1VMMPHRTJ65', 33, 'S7W6IWJV94TN2S23204Y0SP2PQ3W0M6Q81WJS6CJ14EHE0TIN5O1VJ12FOMBVI64515F XOQE3J8CFF3IVC6FG49NTX VHXLVL9R4 WB SU49UG37OAWE2Q9FMF6 YIDEB0FJV F AT9V1RPTM 9FM5XM221NV HGP1JCRKC0MRPH8OGAT JR0W98VPVT78YF480U4SVDEE6OPB70TLHE0I1TQ C1U817KILV1TSY3G4I917LPNKK4T0TITCSH8');

INSERT INTO PRODUCTO (ID_PRODUCTO, NOMBRE, DESCRIPCION, PRECIO, IMAGEN) VALUES ('CHEESE - CAMBOZOLA', 'T2IOEQRRC54I 4PXMMM9J HSHY1FMI6UPSN8TQ5VCT3LE2C05J', 'EYQFF3D06DUCQ290TVWFPE4 OL8X HWNGJFEWR944T24G6NSHTMBRL3DAOD6C45LLBW5A1LQ07NJXB3 7YY4S4Y9BQ4OJYX7LWJ9 3EFM6YBKVI4RBN504JH4EL6OF5VCWMO4I67H9LQNQR5409AH9FBUWE6 7L3FXPIXRJU8D2J2CFSV0WTHRQGYPY6S KP69MGPXHRR0QXCKUJLJXBPQ4DX0TCN400Y5DF9 QH75UMK7ESOF8JKO YEFRK7F 6', 57, 'TQT5HA26KV7VU39HK7N24L10EY82 I1TC5P8AHQWHYAA7NNF81W8D3PBN0WNP50H4OO831PFR6G35PJ31I4XIS5EKHY78BHCLH6U1J137P4NRD8YWL7MOU6G7RG JDDWUVNX2YRX7X6IJBO2JPD3USDVS4KS1U8C76K64PFUFGT374D2R60EXDWQ257CRC0QXQPCBCR9P Q 6VWKHI2VWOKBB9DK9CJER2YR4AQE8MH43FTMYRD99PJOV7TWI29');

INSERT INTO PRODUCTO (ID_PRODUCTO, NOMBRE, DESCRIPCION, PRECIO, IMAGEN) VALUES ('CHEESE - FETA', 'AQUPVJHO2DUVPM39LI5KCA7CLLXI25HU4A9SIWE2DXHEM21U8M', '85Q0CM0OAMF09BNN51E67RL653422B89E5Y1109W3I8RMP8YVIR2N75WOVPGWYFPQYB6I0AJ7I TDTMKDVROS2PMIQQ61Y8T2RL4JHL9S21SQV0KO87P9OTSMFBHGX YMMKE9YXFBBOWNVR4VP5V9M5F NX16UCA92LBPT6SIU203QRI2H75CFT8Q3FMLS3XBM41U78M26IQ1SBEPK901ULQ5WTWUXFDNY Y53NUCGXDFKCHU9QDG74VGQ5YFTVW', 48, 'H2UFMAUVAEUEU0TY2830M3O24QVOYI2B0WM091CKCFUA25IMP1ELKL6 0JPHCTV0PX7XQ1RHH0J9KIWWSLE2UADRHHBC1LN321XHN2MN TBLF3R9CY 6S983JA0YSE1SEHY65QNBCBSXCFOPL21DYF0BPD8A0KEXUM79C HW4107S 9N5CRDP192PWVGIHLT3HNWIHL9CL1XU5XFRWU55LHYJ3 0XLBHVQAKNMGNM9 NXG C2BNERIS63QB DIO');

INSERT INTO PRODUCTO (ID_PRODUCTO, NOMBRE, DESCRIPCION, PRECIO, IMAGEN) VALUES ('CRANBERRY FOCCACIA', 'L2FR1EOXWJJTDV0O1H72SJS4D7ME7HIIYBYLGGFAX0F7RY52S1', ' S93I0XK9KTYYX 5J97A2SCBDFPEJJ212P80W1N  7FAFXTCJFFPK0GTBBN PYKGN7RGN3B0UL32O36L75QN79TUJTC5ONU4ROR6TYICPUY8E 76826TJEPK6ANAW9VG2099W0V2CAJEOAHMDJ4SJK73SLEDB0VYNK8UCRDC7MNHGYFR8MPA2RHWL5DQSL73GR3N 0S81K88W7RITNS21EX9A35KB36XM2VE2P2D4GF0RBEQJCK8BLX9XPA 7KSM', 89, 'RTHKNNKRTFF8Q NJSG5H382P2T7S7X6RPSRQPSEPJS8GDV8DEPC5NEPNH21TR3 Q79RCWXA08CCKJ0N0SW 72LVXFCA3EO9S IMAU L GUDB3HN2DYEG3VRMIB18DN2MLG07HHVJ98N2XPC58XE7R6KOFRTFVOFI0OD9H5FCT8AD9QD77BNOD8D077LPY42FEOPE576D HTVV7XDU2PMDVDNMBU95J6IUWNWH1QKLQCBETGSY0C3Q87 KA7IWOY');

INSERT INTO PRODUCTO (ID_PRODUCTO, NOMBRE, DESCRIPCION, PRECIO, IMAGEN) VALUES ('"LENTILS - RED, DRY"', 'TII0BWR1G17DMVT76D32PJU8QF9AXAU G2TMUE4FOHXAYHI17K', 'GEUUPQR37D36X4MCXXH0NTND998  WI7M05JOV7L3WCXCK2N5UTOF0DX83VT7AWI8C9WWSU5JJYIHH5ONEPB4WI9OCY2DO3AERMDGDYE8 DT6HQA9I5N6JMAYKNVU8XF4CKRSQHPY85XHSWK6O23QYNO0MR1WN9KRMTT4GBQJFF279OFS9MIXY5XPO9LWHLOE817MYEXDKFO0R73ACTE66IENWTCKU8N45XPAXBAO4X WTLWCBUU3Y92JW18XKVN', 4, 'WJROCDYQ0H6MN0WV2FTKP9M8R6REUSVKGXKW87HYBT MI7K4IYPCH3L9FI8K9KABKRANDPR1B03IYFCP7Y QJTENX392UW5D9BQY7T3LH0X6M4TRMLBGK7P9KR4SED12EQY1374LL02AGXAXCYEMVV5WJ090QBPR 5V27DSI4YINFEYPNHHVD29JUM6FMOPIN1QMU4CJUJ7RDB0DDA4MD MHM078OUML9JEHJR8V4YC1SR9GK62K5XWMLPDAAI0');

INSERT INTO PRODUCTO (ID_PRODUCTO, NOMBRE, DESCRIPCION, PRECIO, IMAGEN) VALUES ('PIE SHELL - 9', '48C9C854WPEQQ9K516JI 0B86QWLWHLBVX1Y7MNT0PF6 5M6GU', 'H94KF2REIVXVRH8IVTWKJV6E1K3SQU1A62NYRRIBRB HEMDNELC9B0GBF6OMB4BB5IGN1OEG6HNW5CAORDGVANX5MNTJG4HKA9NCUQRL23Y5OVWTY463NI1T4BKR35MMSTAE2UPUQRTN3BC5OT47HJPXL77TDQRH3Q51PX5XWASOES7QY6L91TGGCX73R994GJUOE63WFKTB1M6YPP7VSLRB7YWT6J5AE7D9D84N1QI4U7 VLCFW7OEGYJDPJ9TO', 88, 'LQ GF7W8V4GJIA618A5VCETFY 4RJYE8PV2S517UP6O8POSE2G764SNWQKM UKR7PR5SUJD9404N7TGL 85ULW1EY979 U8QDMICTJYL91YWE0G2D4QU6QWFDCLG7Q72QCVSE BIDXR5BBL1KMQ2JRJIYYHULBSBTT K8NBHAFSXTJ5YWTCGRRV1FC6MJP6B90OIEFMFCBVEH8YIS QLOOKOAFL QOF1X80AKENMFJELMTNTEBO753E8JL93W1 ');

INSERT INTO PRODUCTO (ID_PRODUCTO, NOMBRE, DESCRIPCION, PRECIO, IMAGEN) VALUES ('KOHLRABI', 'L EU2L8JEJU0TA2TYKY17GLMG6JG4AGO149NFTMO BP3OOB1H9', '26US4X3B6SR644QP BVK37LRXRESAQUM4JG0X5QMFBMHC708RHD1M319RDJ1DEJ95QJNQC7T2QR5YM3M3AVL0JUBXTDT9 DT6985D0WYYP0P3CHQCG9RUY5VUP0VDB6HNSOX0XEWE7U97KNEA9CCSBDGGTIQ3QF RPON19KO3YK383YXKSD96S81G4EL0AAJ69 WI40 J6QISL TKMF9O97EMDBVNRILAP449BV08N U9XVX8LHVI2O48QOIUXGL', 43, 'L44R36CGYGVO51YP8VF1O8S0AYYCI LXM3T109IR 43DLNQSGMYWRB 7YDRYE34WHUL05OYL4PBBA77BT1HJ2ODBJWDB5LYNTDL6C4PXFAP5JQPDUBP6Q1IU2S54VSJD8D7PXSEQN8ER9XC 4I27LLG14CCJ1A6BL4MH8CWBU1RSV15GII6DSIQ5D6D0R0P2A0RK2V5O3Q33WH78GVU10JPLVYSMUHMR7QH14NSQV68PSE3XS824HXJFT JHO0A');

INSERT INTO PRODUCTO (ID_PRODUCTO, NOMBRE, DESCRIPCION, PRECIO, IMAGEN) VALUES ('SAUCE - SALSA', 'I12IHAKYKIUJWDP2R2C0IQ9V0YSB6N 7GF MUL60LITF803UTV', '02 H65LYEUJWP8KCFSYTDJE5TQD9PSHG6JJ400 YY0FBEDFJ P3W8U4SVTHVVRY JJGIAH7UGNRNJOH56DI0RIMDXDH3QTQA88623X4A2I7DD2KMXSD14KNSQMO4SNLE3L9SD2XDVCQ85EC9F9P4JMM32Y1S5BVC7D4V13L 43 MN79GJ4OL2CM69MOX UW9OYE5EVG1D87868B2PATB7PQEB10F4L7893U9C8PQ01D3VH953FU4M8N83GLH1DGK', 9, 'MLUXSS6X6OQHOKT78U6 H87BUIW0HUY4WE04RBGJ0SILL8IL4Q9ONHNC0HH VW87KN6R7S0HY94QE9QOYLEDCSGFKEERTNBD6XUY WS7KD67GGY DIVN1COSRNTYPX906NH O44U0D3SV KX322TW8OU4CP0TQ24 G0NSRF9GMBX9N5X3CO0CHYSWMELDWQBBK3ISP3M7BYAJ9TE6IH3IQ31V6E87E5EDXKG44EMSAOM7DS7YUXPI76LJ  P70F');

INSERT INTO PRODUCTO (ID_PRODUCTO, NOMBRE, DESCRIPCION, PRECIO, IMAGEN) VALUES ('EXTERNAL SUPPLIER', '5AOJPXRNBRLG4JLAXBFQYEVY51MXF9DJQ6QHLLAJD6GT L7A4K', 'N1BG6WG8 YDWE16AKPCRCI5N8MGP7X8WC841BLNI8WOSQ8X8IKIK0ON3H5M0D4V1PJLDMS2QG5Q 4GGAOB1YTF265UFM0LI3VBT6NK2M2KYRXXCM03XRLORGBK272FL1CJCNU2M2JJTE1CT2XYRE39IDKAAFP R2LUXJL7K8H3MKAN1D920REW CQDYUUJVG829J36 2I1VIP6I490VKLHUAJ37WF4S02QG82UR8W6P3 7JTBG0 85CDNWJIL5IR', 73, 'CDP0NDKSH7VDQKAO6MF01HLH67LUW3I4DTURRLLBG9FL NK53R DHVXNI5VLB6YQ6GPHV85YN5Y6DTWKGF NU3E3N642Q2I9NQGRCM2MXS3GACMLMCYQ8RXSMIBNAXIIO3DCYAEDXT4IVVRL MV2CKBR6NQ1H N0JFJ304DNFS13NNRO4 PGU8I3PYI977C71MYPJ5GW28QVBV 7ER5ASPD76PAQAQ13RW80A6OHHJTYJK4MLFBYERMFSM12A44');

INSERT INTO PRODUCTO (ID_PRODUCTO, NOMBRE, DESCRIPCION, PRECIO, IMAGEN) VALUES ('DILL WEED - DRY', 'CA1380FVJCBDRJCAEXXA2VPIX3T1GIV8DCJ3JIG1UHOIOPXFQR', 'SXBEHAQ1KROMYSWIAVHYJF 7DW1A7CA0IINNVTLW4VN8WEMA24YKISCJY5IAKGVL369BFPIDGM78N8YTLXVLX3TH U5JOQ88PXTYHLXT5OUFE4DQ980YDNFTSE9AUR0SD2C5SAWX LWLVUK52OQK73MDWJVYVUYRV9JPFVXUBBRV8937C4LBG7ISGBHDTAYMBA6HL899BRVJ5401VLQBJR AM9Q9S49BWEJK5MCMUP9AHEPQ0X43CS9GDSO55KH9', 52, '0WOLRHDSOYRPCXQ6ABEFG1KJFTAGM6Q9TRVQE37R97 OF46DS51AW2WYUYU5PCKCO534TLCYU7Y1YP  SUO0BEL7UAL7BGDA8L5CKU1B2JFE3LVGQLV2W4A61Y3EIHD8AHOATXYQBY CGYBVFODDO1ET84JAXAJ62U65PDD5M6738NFJE3C33S3DV6QVOJOD297T3GHICO2AHEAVYM  MSUKL5HFAGD USUPNISS7J9A3JM2F4 KOKD6GNKEBFQ');

INSERT INTO PRODUCTO (ID_PRODUCTO, NOMBRE, DESCRIPCION, PRECIO, IMAGEN) VALUES ('"SPRITE, DIET - 355ML"', '1QF51EA0 9XWW12QT5GVRLHTAAJ558JTH82XJ 85TIX6HU0HDP', 'YWX Y LEG5 PPWEE6UKJD0A01RCLR93K9GTWN90PS0ETW4J9HKFM6I736BO 5DGIUN6E2WKM6MX8837DG07 CLY34Q9ABQK8U98E5APP5LHNHFRS5L32M0GQW02SWK9158PQ5S7DM29375EXY4DQP6KWP385IXBUIJDW923B4SQ8 FQCI5T6P3IS T32DJ1YF513EA91 50QGIHQGCGXWXD0C9SFDMIHMYQUE LLSF C1W C2E8HU1TAFGMMUBHB', 15, 'ES0HVAMM7I4T9VNPLI KA2X8P1GY R2M2HKTM4N3NOKT F8NDOP4R0MEJRFCYFL8K0POTVX89 D1ROX0X0QI07  UPLFS1P5U2CT57V77AVU4NW2D1GDDQEWXLBM6KWR410PRQE06V5YV P48SBY20TC SLWF WYLFBV56KQ9JW7AXF47HTW567B4WPMTSVB9K2 X6ITC2II7AWSW4DOE78G9M7F6MO5IB9XKMATPWMTVV7E9CUNY SGG398I7M');

INSERT INTO PRODUCTO (ID_PRODUCTO, NOMBRE, DESCRIPCION, PRECIO, IMAGEN) VALUES ('PORK - SMOKED KASSLER', ' CSQWAHBFK3QLLF0S4FVQWELFHCVW544WUPCVIPC41O Q4W1FT', '9MD8UBEGIDK1CV526Y9MESGXKJM3PP21RND9AS7CAOFF2U4ARLPGKQJHO6MX I2QBU1RGQVH76PTM7R4KR2XDSCO2EGX 9DSGL3QO4YL R5MLWB7JNWFXLA6471EJI8A0A7BSXQXLNR7OH02MEMWOWDLH5R6L825Q7PJKSW9Q52NFQ49UAA494N0B143RDN7 2FXF9ITVXKAQAPH15M GP9JJS7RFC1QT38JFN3QVUCHD2JK75K2KJ EI0K5NT6H', 94, 'RWC6VWLHIMGDIOCHYLD6JAE6612RY4I1GCYIKB100OT9S UPMGTM2G424ENIXNJT99JVYON1GPR5WA5YK4X1BKNIOW70R4JYW76LSBACFGCRB7SVLWC6R30D343ROMY8QCKE1P3T157BBGDLO4OPNVL87PDJ77C UWKC6EUBO6RVPY7X5FCPD5P32TXN824EUFEPL4R5JTMXOEHXJIQ5RYISUTADMI95SKLA0GWDNM7FBE3E70L Q7XJ0LW N3L');

INSERT INTO PRODUCTO (ID_PRODUCTO, NOMBRE, DESCRIPCION, PRECIO, IMAGEN) VALUES ('"GIN - GILBEYS LONDON, DRY"', 'GNY E3W8CGI2I3 OQ 3C6 N2QE873PON9MV0TFS3Y7LHRV5O N', 'HROS2JVXYP3JMLV OUO36I3TVE8D5JU2AAAKM3HNO56CSDRH6KQ0J FE75DQQDCAYHR788MA57YADAT88146WQ3PUQLJI3O2WGVD5LSKYDGFIOT56VAKNOBFMWGIEVBTDOUQBAIC0 7OK50MONPEMREDEEKESLQHLH2CWEWP3CKT11UHN5TVU  1J XST144UJ86GOOB5SRTJ98LM6COAF7HY25KLN17S0T6AOEFNIXAROPBEDNHN0MQM3M2Y4K7', 0, '0XA6AL12 I6JP U7CD5X86XH38IC0G4XOHQXQGLC3SU2R2C0OEDBPI2NTVPBEH5EPB82JBAMQK4P3ME38821PC0UAV32P4GU 8BWHYUQW5SYK78IMA0F5ILE5DJFUSE1Y21FOQHB0ERSG81AHFL5VAJMCTQX4I0EVLTBMJUA94OL OC34RG42CQQIY35UTJNRC1H4TSYFHS7NPRXJINXUFHGKX B83X8J0SDTTQ16WTT5TPRGOC 6UMQSEU8VAN');

INSERT INTO PRODUCTO (ID_PRODUCTO, NOMBRE, DESCRIPCION, PRECIO, IMAGEN) VALUES ('COFFEE SWISS CHOC ALMOND', 'JGIDRX7 JP40 L3KDR8WEFVUMH0FOGKJQ72VAIADAJDN411D5V', '46ORERR5M0SDCL13BCD0XFDL686H1I4X77XCDDWR93GV72H8RXXI5SE0SUPKHIKYX0B8IFFS2MMC65XB0FYRB8AVEM0GL1AISMMS R7CC150L1EQA4DRK2MXNNWSQ2P4RTNB8HH6HN 3UNNQ6CCP RL2YJN0 KWSWHJWH60 LGGYOO19 6LMTWEY6CFCN 5NH5SN5CKS4YSKFR9EVG8P47PXMOVBXTMFM2EUS3FPV5XC4OXR0P9WBXD4AP8J1R2W', 59, 'XBIGMHOX77MN85YD31UXKKOK5HTK0WUCFPNQPTS5D3EBTAUOMHKRESBHRO2GCW3JXBOUK7PR3U2MQOJILGRSCLP80E8T9OF1KE3UM2Y67G29BN0YI76V9RSMTVDVX EPT02C 24EITMM167X85H7YLQFP365M8XJSDLYU47F62BRHVPMHC 58NT XU6KJ3PSWEW51JJMY36DQR DNA790H5OR9X71FETGM  C97M542F9JFRV178SS7YH8FT1Y5');

INSERT INTO PRODUCTO (ID_PRODUCTO, NOMBRE, DESCRIPCION, PRECIO, IMAGEN) VALUES ('CAKE - MINI POTATO PANCAKE', 'RW09AI032HQQERY3SU90BC Y7N2L6T6QAFMAD2WC7L9WPFKCOC', 'TUV9HCU4UD4H6AVA8A4RHIICB D7DFRXG1E7RMYIW536N SFFC8EF700D5DCW3K0O986A F92R1FYI5R6ISYRWQXU7VIBWWN1E3O5HFCIUEB EB9VBD89  2HYWRPNGK99EVH19OJQ CWRYC57O7I7NVUIFF4A0QVD8B3HP6LLMHH44LV8W9VFPAVDJ98EXWPAUV7FH1CPOF22DGLX68ONHWNRSK9S0E2HEB4GQJ7EBS545X744BLOK69S5YCMW9', 92, '9KXCXCCWSJMWTCGO4S4KPX AC38B2IIJ9V6JLHDJ21GKIHUW HUFAQ5U8YBWN9IT0M1WCRGG532V4PKJJ5 CIGKYGA9KCA7L548DCY84IFDNY64 3S7M2 YOKGC700OIDR4  GED7YLFGM4HYK8P7G9U6N9GPD07F5V8LWUC5 HAQ0C C6VA0YXMFV8NAL6WH3W9DNGSG11U106 QFHQ2S32W3Y M5UE5EL4Q W4 BIP2GI5BEBMRLJPL3 ERP5');

INSERT INTO PRODUCTO (ID_PRODUCTO, NOMBRE, DESCRIPCION, PRECIO, IMAGEN) VALUES ('TARRAGON - FRESH', 'H3C8UEHLR4MIT2W7UM4HKQJ 6CGWS8XJ8USV8GU2AGGYA1 YIN', 'WHPV351W56857W2SRE4SAA5SR3N12KCOIF 7NQVUSB62U R9W16D5MNFYIG7PQS2X55RDB 9N3UQ6KT68T3BIENWXG4IMNXE0EIU0DVM2FV7 XKYETWVM235FDPGH8GGNOGVS4JKOTRSLFH4N2BJ2MQ6721RK26W7A3ATMYCG5I2F1XQP5HDULWEHWVQ6MH46U0BTKLX2YF4EXNBNOUEGXREUHG0BGWDHEVESXT5QE7IP OLR0K7ECQXD JCAMHY', 3, 'KAT4LD52A2DDEMUPP38LOMK858N64QMOD0 KCUL3TAF1EP99F08J9AAODQCA5VS5HXRHKXIYRTOPO8HHW3P86APHQCEPTRMRHHXDRSA12NIJ8J27ETJ5CGJ34EAO4FEX ODH89WOM533625V1BTAI65YR6KSS6 3INOB0O ANT624UHONJ0UYCMOR3IELVIR1OYCLVMMD951Q2VLO13FRY9P6WHDA747APGW1FR86WHBYWM26ROXFFR1G87KJA7');

INSERT INTO PRODUCTO (ID_PRODUCTO, NOMBRE, DESCRIPCION, PRECIO, IMAGEN) VALUES ('SOBE - LIZ BLIZZ', 'I09M2I8T96BE4JE7M569JOQ58D1F9HBTCTANK594DDLTVHSQPF', 'R164M2VG1TAXXOGT KU59LJIVHISD6TRFW6DU72BS788TC74HPY4WRGD56XXBR1T8TTRV683957XRUJWJ6PME4APA1HL7O8KIMJ9E3PPLYW9UCS873CACGJDCJABYVR8SYL3FCYL VR1M43DDX02QK6DLMKQJCGIM3SDB78XY33XFI HL71CW 63RIK8MSSL5DJGJJL K7A2H2UM5VDKKTVTT2HG55SM90CFJTGM99NA782VG30JL81FR0NGE0KK', 20, ' EQ97KVWP5G C30BY2QQPOFMDJGJCH5AOH8 DTGOEHNCX65ENYIG9UP9G3K1EPFWX9 LJ9OLSVFUFMWGXAG702RXOA0BX8RROVAGC4JIPN7ANFET9CHK5 APXQU8DPBL8TSEJ4POX27AL6XSEDM87CI3QU92F8F4P79QM7MVVG21XR60WJ4GCSDA7GGGL9TFHY5UFXVLG98HG7D3TA61AM L4LK 8SCIQ6EJ8DH0H8O1NGC25P62K1U0K1PA3GX');

INSERT INTO PRODUCTO (ID_PRODUCTO, NOMBRE, DESCRIPCION, PRECIO, IMAGEN) VALUES ('SAUCE - FISH 25 OZF BOTTLE', '0HIG3P8M1RI6GBRMWSWY9UBK1RYX M40CA5TOU7KTL9IEE1Y6A', 'S859A3VUBQ9KV2LY69F8JLWO3JW2QQ F6FA3W 4LRKFSUC22TC9GA6YXJBBQMP96AVM138WE92RSXKTP8PGSAD7SDU1MEW5FW W NHG6K311QLYX3 56 M4NOTQ9P3093A01XEI FYW3HL3MDTHUU8UFCVPC6H774M902CT QNC13E4WXA7JQ45B2E4PXV4EE U6ABOI358BDF0RRBCMMG8H9RO15003S3HVLBF9E8EQE5K4AF46J7TQ4XKT1BOF', 63, '82OLSTJF21G9IDVFM8UW40QCTBAGG12S YDBOL5FVVB6B7OD5U234P5ETGH9PVW00EFDPAGTEN6EI8BTBP2 8QPS51342644SQSINFVTXORXA4V5FUTTABWLDD32CVKYWF 4G0ROID9 HCLPPS5D7QK4SU9WTMT0P0ULEQOLUSM YX105UMDY2XG1H2U05N9WDS4U0E4PMV6GISPSFCADQM4B 2PGMBMAN4U5H1X402KL5 IP6IIURRM8M M RM');

INSERT INTO PRODUCTO (ID_PRODUCTO, NOMBRE, DESCRIPCION, PRECIO, IMAGEN) VALUES ('FORK - PLASTIC', 'Q1T3XU27BKX7DRD1KA88JJV9Y4T2AN2TA994UO754MOL4B2BHO', '0RX5E8JJBEKNPR2AWMDBMR5ARL84S14Q4NQYO5YO6B8X13 D1HUEHEYXCWQKMK2QIE4L04QBY8CQ9GV5S989E51DAQVWRPMWG9B B2QEIECYHX3 12II933TMMUEF33XGFMJMG2C6YH04VIO6DC8KSVX7AAWDF0V0J5Y12I0Y FOMVG1DC99K3UYPFC9SG6AB6UJ 53TF4GCYV RXKUO6YPSUWRXD6TR6E4NEFXCTW5DDX3EHVURU7CCEERA4V4G', 21, 'RUP N KRWIF1YJYUMGIUGJTWNGKOP07TDTDSNTR3EIMR4HXERC26YXW3ELQLD3PMQ2W3GYCRG BFIFNVE OMJK9591TA80P41BT4SGCTU8T37E1KJH68E8GS8VBAGFM8FK5RSJV6C8KOBIT3VE0QKSUJR21OMEWJMESU7NJU04GFMT2WR TGAS37X0AFU JN4K3QNKIT3YYHH1BVRTKSXVM53YV7ADVUXLHCKRC96U7EOFKC MF6U2NBBQU3UGK');

INSERT INTO PRODUCTO (ID_PRODUCTO, NOMBRE, DESCRIPCION, PRECIO, IMAGEN) VALUES ('TEA - BLACK CURRANT', 'T36PSRIV58Y8UWDYK5UCLORKEFGY3Q287E3E9L5AREO3SGR6L4', '6OW1ENNXLRGMTNULKTAX3PI XUJ H72E1BSPFFOM GRN1ALA25VOG7468QMFQ1S5PKWA AM8XI9AX6YAQ55QPB6N3A73KHTHDNCFHB8F9F0Y9ANWH4YIEXF1K83OGKI9BMK7RHJ57FQYCPFMPM8KW8UTCK 6PMBK3APA5OO7BHT0A0PEDYP8SULYHLPI54IR3VO2 FB V7ATXOCS9WPNO9RS4OEIO61NDENYKOV3Q60WVQDQXXVKYBBIUH9RJUUX', 38, 'G 68IXV02UWHS MXTGOHMDCM3BS0M4OIFT4KST9IO1S7H2BO 12F68WHHOUNYUY7360UWXAF9JRFQ8 6G B A38932PP2R5MO53SOKY61K3L0E7J 6VD6X9IMA4R9P48Y2KS0KSXDEBXPLJGRQ M5SFQ3SO3PUKHO60M3WEGCTSHC7HCY1PWBRS1A EHHA538CGC561E5Y2YAHOK3NDS6BRI F5 20YGIYQXP3Q3D0AV8146BALAUT M5 1ROPN');

INSERT INTO PRODUCTO (ID_PRODUCTO, NOMBRE, DESCRIPCION, PRECIO, IMAGEN) VALUES ('"LENTILS - GREEN, DRY"', '6Y1D36MASDKH7XQFXPYG99OGN085M06IRUUR9B4SF1W4OES257', 'DT04HGAVL455E4A765F469SINT5TR2CNSCC948D44BD52WIO5TAB38HT7CEFU9OAW4GJY48XEF J8C9RQE2JR J6MPPBDOSKSB69BYYFIB7AQLF83V5L9J7XGT4PRKYVYKV7XYPW1UKNK607O NBCCKD5ID6L340F0NTLSUGTUA 9OHEUPPBUQ0WWL20XN3J2ULPM7PV31E0J62C868B4T0U1JWW9RDE0JE4LMIMVUBSUCTUYCNWJGUMSMAWDI6C', 81, 'CLCCHC5OROA2M2N6A3KN9D733LLYQ6MQLKVC8VRSUIKA9O4RHONG92CM1TRMRS4DCDGQ40LBX985A2YM5OGHSLBPH676DP5OO9Q82PTID858MHCAUM3TBPLK47A20QO69WG23M2GX3GLM A8SD9NH6O2QJYFXMFM639C51YJPTSHWJX1Q41QE5GXLBAAGM OSAU8S3XXKS55MID4O69AYHARI9UKX96IR8TNQC0R7LWI59J0IDD2D BDKDCQMCU');

INSERT INTO PRODUCTO (ID_PRODUCTO, NOMBRE, DESCRIPCION, PRECIO, IMAGEN) VALUES ('CHOCOLATE - SEMI SWEET', 'C83WJK NFYWKQ7 CKJ5 FNHY9VXRMEAB4OL1MMIL0SFPRUH49H', 'AFG0CE2V73B46MXYEC9OYXUQ05V22EYYW8VR5WU3WTJHXHEKG77SUM2BH1A6FL2F0KKK2S8TS1AB7G707ASKT2SUBWUQ7OOCW81228OPHIQK2FIBLBJ3 88V9VE7BTCC3VJ4HE6AB1YOSUWV344H70MONYHTU4KSL7YY9M4IYU9S4Y4OKHLMBVSHCNC8FSFCP6TH7C74QMSTA49Y8 1LBNR5RFCY1MW2EQIO1MOOD12DMBF7QDF3IWY9G44G3D1Q', 26, 'SI5S8QLH9DDL 6484IMHKQNB9626CO92LRDHKVFNNOQ6U3LOR7UJF  2H338NSNTPEOX6SBQARTCJ4RNQSNBGTY B2WG74GMN9PT02XRF0N3I W5F75PU80C36CQMHWT1U40MEIU72RQYPW4X1VB XR8FOJ95J19BNUY3AJ93ENMNGSXAQ3UK3DKD06J30EVU29 QIDN44V1SEOFY1WV3TXYWVQSYHQF60NY3G72RYKNVA1RMOWY1S98P5O46MJ');

INSERT INTO PRODUCTO (ID_PRODUCTO, NOMBRE, DESCRIPCION, PRECIO, IMAGEN) VALUES ('"ROSEMARY - PRIMERBA, PASTE"', ' RHR6I1C ROAM4 V9Q06D49DASTLPQYUWGVGWI4BY8K9CRIRC4', 'H0HGRTPRVOR44GK9WP25PD951AANOGB30 3HFFYQHJP8HLW4AE2LGMUNWUQ7CAA8YIGD 08JU1VU0H80VE VX 56WYP75LIKOTPOUHM5 JRMF77JOGD8D1J8JP10XNJBC3R4V5I1IOCVK35TRQTDIRI0P1E21HJ44 QFIEG6JFTY9OX4XI81IK22DXGFMVH1JDIQAFRTC9AO41DMU5CV433 0F3O5YIIB7L2QBX26CE1D2LT1ISGF4X50BDLQFHF', 97, '7340X0DNGS2Q5JYLY7 79E4J46KN909X2ARDB80UTPRTIT0OEGPA7A8QK W63OF6W82BDN2HLDA2 B8607VSO99HSX1UTUVU5 9GTUV5JYTYSWH704LOKBCCTP4PNWTCR3GNNS26VV SMUM21 XX4IL98S100ECIGK9SBW2TPT8NR7OW9DX79674TESDOYVL5 C1EVG7O8GVXN8B3ASHMR5PS9XFC45UVICGX 7XH93H7KXIPCJGQVSXBLOD2FP');

INSERT INTO PRODUCTO (ID_PRODUCTO, NOMBRE, DESCRIPCION, PRECIO, IMAGEN) VALUES ('"WINE - RED, CABERNET SAUVIGNON"', '8KJ6R3TLVWVLRQ NYY2N23C5580CPYOH6R6UQ0EL1W9SFVQHGE', 'QPRYUFOFYKH34D3O257CSRX6GBJG8S2UOM2ML3FNRS2OFV2FEW7E4K8AU616PB1L2A8H7I4C96F3TWJ616PGAUJV4L0218SJG43ICHBI0FS8WK7 L9SJAK6T4NWF6YXUOF6XY3MI0QNP8GA9BMKB15XGM8JGEERXO1468MQ9ILPI6JDG4LWE4MEY 4TIWMPMQ9RRRBYODODRW5GHSH2M6C2FQMME5L55HOXWXU 4WUUSQOY6 RKSETS1G09DRFW7', 82, 'XG8OIBQOY4 FBLWPTKB7IRJBTAA4WDSMC O1BA N40RCI007K3D0AWBIA5M91M97V2 7 I DKRU6QFVXGIRGI1AX0FQNEXTS45K40LHXIQ14O86WA7L5BOB G386697D8LVHMDNWBQQ6UOCJX17AAI3BM1SRJJ1LOM 09HL8V2UXH2AR11S7LBK0JDPLDC2LX7XJHXRQV07W4F I7X6HYFLJDYTY1XO0CC5NF5QJRY2NNB8OSR80DG1IURYU8TL');

INSERT INTO PRODUCTO (ID_PRODUCTO, NOMBRE, DESCRIPCION, PRECIO, IMAGEN) VALUES ('MYERS PLANTERS PUNCH', 'D4V R9LFJQWHV7HY9MLOX1Y319WTSUT FRWUJPGL2NEUOBXTR7', 'MXELNC9GLQNW 0XEUI6 U3W7EUY6IWTEB IRJBULIW74QHMHVAUS4I69CGDQYE56D1M7IC9VYR0NSXIURIBJRL9AAJG76RNAQQQU5NF B K2H2H7CSE9MGOB5LB1X37B79JI8WK7Q9RJPY1B1ML2THVHLPR2LD7LNRFA6W05I21P08SHQHGHP0IYA F 8W6L695U17L1 LEUY4JBTP5AOA VJKS8QTBVNLTRFA2MGBRXUSS3ACB4F3BG5HT77VTE', 8, 'CJEG4LXF FILLDFTVNOBXUVF7JVQ7N0U50VBQHVT0NKPPWOIGXEFFEN7U552OFW5O6W SEE4WQNM0CY14V6D47EWUUDY5GLF2R0P3PPL35HK5C44NPCR5OBDF1645AKH0837S9D1B35AFNOD0 ER2P92BVIA0C3 2XPJS3H11YQA61S3M710465U9CNPCTD Q0AVK3F5YJS163O05GCYEVL4WJE7GYB 51KVYYCOAMTVT079YHNQ2TBNMG9Y8LD');

INSERT INTO PRODUCTO (ID_PRODUCTO, NOMBRE, DESCRIPCION, PRECIO, IMAGEN) VALUES ('"LAMB - RACKS, FRENCHED"', 'M8YQJGTPN8QQ3JDOJ4X1 FYEJ4KJ67C28O24EFC7QMX7FL1L3P', '51BWFOWK6GTECT8FU238JFUK6AKL4 BMC7P6 UY A9FLES160TU2W2KX1NKCHA6BJVKSXIWE7LKSOQU62T2 MQ3B8NE8IWU60EBSIUGSKTH3TDS4 VHDHQ9T4MKK16C4BYHHP  PRVBJMJKNP39JT6TPECWUDS13K61K212TV0GW0K68PQTWM3CQR9XYEM1QOYJN3Q5P4TSA05G9I2X37SJWQGWM4J8W7L7V44YMTNCFPBV5JUH9OPRL44FF96VV', 66, '0ODVIVM CMU212 UPCLU9NC0VFBKGPNKHAS95UHFK1 JV MS3LWSQQPFYQT2VDIKPC5YSOUP5V4J6YSPTCM9H FGCETJ90998DOMTBG7UTVJB7XNC5EFHSH44183YRWYGC6GOLN2OE8S0X67B6OJ6C R2WG89KYKJGOISBLBDHW1YOWA0UREG1QSER4Y3Q SLH1GTES8V3R9RPXEX7ITJW7W9YNUXLVR GW1AIFPXGYN1F2VJYERN62USKXVWH8');

INSERT INTO PRODUCTO (ID_PRODUCTO, NOMBRE, DESCRIPCION, PRECIO, IMAGEN) VALUES ('PORK - INSIDE', '5EFNMKMML4C24J6O10V00SM11780XGPO21J4EP1E3DPDPW0RRH', '62U81897C 1WCOHG24O8J97XTPGC638KB5K T  NHS8DXJF3EUOURGRS 95OT98QS4DI8VECHKLNN171WM3H32UM7NCXINNQF86TU9WHHYP2RASOOCWO5 4PJK26RBX3YY3T8SVVO5QVYE3595CHO12IEHD8M0JMNDO3P PCHGMJDL9Q6 L17BFQBBDOIFCGH0BA7I164CT4610A5H8GR5FEQCY48GVKQ QTH1ITCGXSEJKVFAPRLXN8S07884DI', 23, 'FQNH2V8UOK9 YX00 FVI4EB H604S0JFMQADY2WJH882T3KYMJCK50Y VI78QDKXOVDW YTC5OD6KA9Y7OA7KI3HGBW9 GKM7E0M4QSQA4K7S8Q5EA H9Y8UWMRN3DRPDEOXRUFHHWE62 QQLJWL4N4OC1PK9W8U  393AUA7GJLG6B0G65YMBKFUUF6O265Q5 R4N1A2YWQE470CMIEKX0JM2 S3QJMJ5VDNUGYLPCFHO5EDXGHMUKX4F7OOSE');

INSERT INTO PRODUCTO (ID_PRODUCTO, NOMBRE, DESCRIPCION, PRECIO, IMAGEN) VALUES ('ZUCCHINI - GREEN', 'KUQ2XL6FGEW8PDUCOV9DAFKRH2K9JOPWSD X1VPIP6XVA1KPB1', 'DYP94ABRYJ9UKC79YBJXP229IJJI6 G7KYSCB2OKTADDLM2CELDJ3P6VIBCJ4TL6XR3WLXVNAE4VF8X8X0K UXB2LK1V4TFEP3257UFXSSOP MY67NR9Y3B245A3RFA40WVV7QAUI7K6AKY2WQ0 BKFBFY08 HQH76MAS7J5 MG19W0HH5VMSJVGBO2UQP2CL493R49KU1C1O6PMBLHDNUNR5BP80VDP9NWNKLNNN3ENXT6L RDP2GOLGF 965PE', 47, 'HH3 XO1U7P SS8MW9BGFHJ8RQ1NBARSA4AP1ATB3NN68C4YQ6SDXCVR6R62X4EDT8QA928H37G HM3A26919EIERRXYTFBYC02Q60N7B1 5FS52VI4K90NVYUE1Q67DXII0QSYJSYPMWXTLCQ3YJX9HHDCH833IKLJKBS7F1617KOLPD6KJML3OMI9TV8Q07WR XYCKBDVEY7JVYXYCE6P89MPFPX7DJVPQ9RB82DR EHYKQMHH51TF6PUJXGPN');

INSERT INTO PRODUCTO (ID_PRODUCTO, NOMBRE, DESCRIPCION, PRECIO, IMAGEN) VALUES ('POTATOES - IDAHO 100 COUNT', '7LLT4UOAM2CEXMYMXT5R58QHRQNK9RR3MXFJMDI85S7I0JXE9O', 'C5X9UEK8UTWD90CWT97S QOCMTP3XPIO JLVOGKAN2FBAYE2D1RY L07V22FXAUHY 57VMT0OEHLLSUHLP3WLBN3S2QN6LSWU622GF6RAT2ID01AWWHSN95PB948IMG5HF6MCUHG1V4V10V3WMDHPR4F0GFE9U837OPU7YXRDS05BJTEVJJXAQ80VAQPQJDN8GP8QX4YDDXVYNNDLKY1D8SFILIFFC6SVRM47W2Y9P5CDJHSMWJ0LS9I9QXMJ6HP', 29, 'DF3U409RDCDSV 4B66Y2GOGX091XW9S6Y38YQ JIHCA1HF3E7078VGS421WBKULWA LGOUNWNHAU1I5LJIG5XPP59W8TMF84NEIS9  TVITFMKXTTG5GAGEL1BPQKVTQV1W5SCRVY63 NKCFTMMK00M0F 7Y3P3SI1 AEYR9R1Q9A4LRIGX4XTDQRWSKXNTNXEL00C7 RHS6JSB89EHFAWPJLAO4323VV4HK1HR KN4C6L OW3SHX09OOUPKI6E');

INSERT INTO PRODUCTO (ID_PRODUCTO, NOMBRE, DESCRIPCION, PRECIO, IMAGEN) VALUES ('BANDAGE - FEXIBLE 1X3', 'FV7M 46  7LE2WXIX0JKLPOI1WQCGOTVJ9T6QFASJDVGN1T5M2', '05IIT9F25X5968R2RBO7ILUDR0G1YCL7U0RPP9TYVDOSNMBWK3 A LS7LC3 1GP7NKMKUTXTM2NADH27AQHN4BPMR9PMYH5VJUXIPJ8ERW0LEO1IOLIQ9H43J XPF01PDVMR7CBJJ GKQFIUMLAB0RM 6MXHSMCEJIIVHMC907VNGO5GAC6SB91WXOFC09I9BE5XKPONONXYX VL5WW7DCNP53P2AQ6YVQHWVEHX488PF935CU2JDPTKPJRDOP8P', 77, 'CAO6QN7S27T7LL6OTLNTK57M4O5KPD4WV QLC9AKD4YMBDTHIJ0CITRIYHCVNKF7MHT87DR8A9 MJ92F2NV3WMUE2METE4ODYBDFART2OH8IXHDMPKN0QC3BN 643MMEKF0V4Q96K20JADT18VA12975BEMVTDO4TTIQQMCWVRVS 4KFFSV0E24UB3KRJN YXVXNOLSJMU0AI69S63TM0JS2091TGJPB8JIM6BPP41G39XDL TT7EJ7DHM52BQ0');

INSERT INTO PRODUCTO (ID_PRODUCTO, NOMBRE, DESCRIPCION, PRECIO, IMAGEN) VALUES ('"BEEF - TENDERLION, CENTER CUT"', '7HJJU1G0D7YCSUYQOX20QA1MY5GU974CVNJU9TP8JJF45566DD', '93KP017WV11XDSUUBVTV4VC74WCF2 06M0JDNBPV76JX51 4M7YQHPR29H94R5RM4PSELW5 3V ANT1THB63OLAOI2UC2SPO3VW EAMPN0SCSIVK4XRLNHXERC771NP30QL4VOMDYIHR53VMMMXUVE9XIU7RML0L57M7I1PSEXL1SH624QCBPPJWJ74 D6TMIU8H85J2NPFV KQXHNH6LS OCM6PWGBAO9 S14IN1XKGURE SI5RT406XENK6K15', 39, 'BS3UKPRWS0FT0OEUCCCTV0EYV7AXL0XGA19OD6CJBNSWRIIOQM5FH5 4M9N28LJ5NU7OYJFHJ9LRMRC298XK4CD80ALUD1PC7OUD38J3UOSBR706YC0V3S5YL39UW23H7MPJRELBB94TSDF6WO568MFCFW40XHTWXQLI157D55JC6L151FWRYSX  RNSOL6TARAB4XGFO5Y59SRVVECACYTWBOIC1IMEKJU0R9U5SWUMUV0TLU50DM45M2FC8ET');

INSERT INTO PRODUCTO (ID_PRODUCTO, NOMBRE, DESCRIPCION, PRECIO, IMAGEN) VALUES ('GINGERALE - DIET - SCHWEPPES', 'UIQDMNW4A67EER IKRC4S3GI US42PBKHSFIYG0L22OW1P8F 4', 'L8HH2R JVF01XP6QMH13MH2ENBTCQMF6F5COD2A0T11CYA 248471151PVDIDR90RPQI3QYBCNAFUVNSLLWMYR5U2VM9AQF876R7DOA57V6ECLIAE5CG5C63 CJ8F0HXWD8631Y3FSXU8XA0F84ONJ95 F0MVHXYE4KA0JK46FF1575 LTVEUS 3LCA4R 0S L8B91US8WUY1R1XPVO2JCS59S41C8I8KUE15 OY1X27GKI8VE7I3 VB S4F3PAN', 72, 'OV20 SDGQU7VH1UCU N2RMPRI3D KIYWDD51E3 AT VB3C2G7KWDRMFECP7B68P3JTVQNEVASD88SX52ADAXF13OQHYQR63QYTPD5RANLWWREA30KFGW65K071QFSXIKVMQ  F010UWM H1OO76GYVL 5XD6TQTR1I6C6V 720 VUYNR4KD5H03LX8L7V2CRXJ4G5R51JWE898WNVJG0KDUKLLYDQF5083RAMRB6QOP1SIFNI36UYP3R9 WVHLA');

INSERT INTO PRODUCTO (ID_PRODUCTO, NOMBRE, DESCRIPCION, PRECIO, IMAGEN) VALUES ('COGNAC - COURVAISIER', 'SCJH6ULKOBGFMKVPWW6ST017W1D5VV2GCDRHTPUG7B9RY YEYY', 'LQPTEC2M4ED5CXRTNV240YBLAR591E VT9O5H0 POHUTCE I662BJ3 VKBAE4PQS58RBVAYVYE78CYQ4  RLSJL YX 9CCYF4 TQUCBLM96DCOSY2XFRF0EBDFE43WEJDAS7BHNB10UWPXPGHYHVIPJX58MJU4P3CJXY38I1L28DI51WT6D  NXLMOJBWHG7MO9Q7UI639E0RH1OI2U 3W C1646RQOY3H69MXSHHXUO3VR5YCWJPMR1HLGNLSN2', 84, '5KCGKXCI4GNJMDD57C06RK5C5U3MN813QE1X57 XFQQA7IENK 2NRW98DGCRPFVUCUUUMK05I6RT0KGA7SLH03WT457D1FBAFMLU186G544HJ2SCA80E9S5466N8CK0TJ8VW74X3K6KQ6KIH9OJI 9BHREQ75S4VG2XUD7YTUOMF0R 3KKME8LNG0JC1FPXPBXJD23P9F9AC 6JLY85B3717XW34PHKVTDUD9VUPC3YTFTY1B38NNOQXKP4APYM');

INSERT INTO PRODUCTO (ID_PRODUCTO, NOMBRE, DESCRIPCION, PRECIO, IMAGEN) VALUES ('ONIONS - PEARL', 'KH52KQM T05S0UJ6S3YS0B MC1NCFJ9T50VDVJ2L3SWI88553T', 'RLQUTARC6OCOH8HDE137FGD0W4THYF9F0W3L7ORQSR0G1TV4 FIB2NFS7PLEY72T92VU6UTXIC6HIJ ACMC8SFSHLK 02FN9JDSMA3YDC0U41HWNJYJY6CLBVN4MONVVXIXKY58800QAFSJNW9W93FLJFCH7PUAIRXU2DVS5OXNT1CPQVFRO3A7LIXQH3650WRUEF1N9BKU1PB9AN9GNQXOS4 C988GYVUG2IHYJ EK3HFP6PRTW9VIPCL2WIMPE', 95, 'OGHG8Y4N0JSFJWCPNXQPY1LR72MGBK66QDP 0OYI3JBFKTQTNL924SRSPDOX2UGP7JKAF7I1T0I6C61H8AJ6S43NHGKPJ0G482AVY122GOU9HXN34AKPRKWTLDOSAD8A613HOWMAIXQG9SAFRIF09BVL3L7SXPB Y5JMEIR1RLICAI BAW4M286SD3ELO8H79WPRLBBS42I12S5QIEC07ALQP3P7JD1WYKMIVB2LGEL3L4EXQAYOJYDPM 4PBVC');

INSERT INTO PRODUCTO (ID_PRODUCTO, NOMBRE, DESCRIPCION, PRECIO, IMAGEN) VALUES ('"WINE - WHITE, EJ GALLO"', 'YE0NE8GDA1R8QIVPDFNY4ODJQ20P 14GND9PE YCS21AANPG3N', 'SW14HAE7AGTNHRKPPDALJDJVIEDQ1NNLT 0JS57QIAYB53IRT8SUPIWPE80X83BARN4S19KP96S7RPH875YS119E8 A6A87S4VV9EV7MDUCRGM8H9ADVVY7LHW2P4BAV1E4UL2YK4IDLN9T2HB8BTBTCN L3YG9AYQ5U51N8YYQ YJ3VA5ENJUBYHLX0PXIDJVRH6DABGSNF9BOUIDGYH9FI20NHYQ DP7CRK94A52Q2K3KWYMR4OB9EQQCUTNLU', 87, 'WB99VUMT W4GUH5X1GJY8NJWFCMVXUVUUN4LO SMPNVQ72W0L674O9H3ACL4N6V2 X5R BOMLIBQQO7A18BSVE7CE9YC9IUP8LRDPW5NEPIFD6KRR4OPKQMHD7ID9 01CE8LG2FRDCF0TQE7DEI3N0BIDVGFH2DPV6IM5YJ ULM3H8JH1F Y5SGH4PQG6HX4JGLSF0 5HP3YA8UWRTFG6M74IW5231ERWL54UD FU5A6G6AE49H  CKBQ00ODX6');

INSERT INTO PRODUCTO (ID_PRODUCTO, NOMBRE, DESCRIPCION, PRECIO, IMAGEN) VALUES ('"BEEF - OX TAIL, FROZEN"', 'E7V7SR5RLTLVL1R8IHPYSEX8EXGFYL71AGI W 4SJ UMD77J3B', 'DB757TPJB9A92UPSS6E4OO6D8RCXI44SO78F25  DA2VEMTHYNNAKW6HG992LUVIE2MPT1T9UN69DH ASYXQ0UGWDROALPKSPWRD8D75Y7O4UBLS2TKJD9NVYK7D1IQ6YSQSAVV77ORTMAKMP4BII TNFPT1H2FGVOCGXTUKMJNY07A3J0I4 ICNX9Q5LVGLUF7EEYHH776E9G20W2077NS0VF9R41A61SM8TVY0CAPOI311H 7 6TCE5RX3QQHF', 91, 'J31OU70PTR373O9HI6DGEG1NKA5PRM EFAEFDQBYP0MY5YP40OGEG2743HJMAV1 TCGFSTENEV0I9J226A0B2L7FAFDI8O5PLCIKQMKUB400W3N0DRRO7347GLL HWFCK3GR9SIFEGU3I9N8T2QAYG27RJ563A1I1I7P8RG2LC67 U GO2UXVE5X 4TTJS 4LE06PBM68IKN7V3MOLGHWJJWMEA0A J5GNXQTKD7I0CR8R096032TEF0X3054W3');

INSERT INTO PRODUCTO (ID_PRODUCTO, NOMBRE, DESCRIPCION, PRECIO, IMAGEN) VALUES ('VACUUM BAGS 12X16', 'N0W22IVMKXV1JSU2 I0BVXI5CJ578RRHU76KRMFX7CV10N4HTY', '1FC7OCK4VB87MP58XP 4 TE NN88HLWHBSBJD1IKQOV6TWMMOGP35CKXLS4CVQB KVWP8NBCDHYU9CSQGY NRS1X0FJNH9B1I47X G08KQUKYEHK QBIA YSI0WMVT8LVDPYFDOP59HQN027TK5NWHY70BRTRC5L3AGNO2VFF3CAH3GQE42I3J64EETPJOL8EJ4QQ19OC5IMS0YAVQR92M3RGWA1MAPIMUS91VXK8BQW1Y8 QVQN0OHG8YP3KU2X', 58, 'I565K1P73T 13SBKUIQQ9FG4IYEPBFJ9R6S17YNWNQ47 QQ1K0VU3AWM1F4J90B9TT6LTDHU29JXFPR6I4XM81 RT7PM3RPVXU38QXUMRFSM2NSFI3D63VG43N64M9DLW3OQYMONU4WP4KULMX7UFSJCEH2UL0G4F036JX2S1M8RLXX17TIK6OE2W37T25K183GVX5U34CXRWB68WQXM7AG8OXG6RWJXNTP HAPRRKPXGU5O5VQSQQ6CH3CHEO2');

INSERT INTO PRODUCTO (ID_PRODUCTO, NOMBRE, DESCRIPCION, PRECIO, IMAGEN) VALUES ('WINE - SEMI DRY RIESLING VINELAND', 'JOAL93FQF2A5T5XFHIUJN5LD1QWIEQ1WH94N6VOM K6OXJWNF ', 'UTM166R85UTU0ENEE4IAWTSOO9HULIJAN V1V9VO36UMQTTHC0GCQC JD UHRHUKULURXTEEJ30LFR5GUS7PII30F8OI6 YAHTXSR02A6HYTRFY VQK1NB 1H PEMV6ATGTXVTNRDC9GN VQ01T6D PA242R1N86YALQJ8E5 7JEJBEQCTMYK0K74QK3HWYLFPSFGO19 21J KS7XQ0932WMEQ94MATL9AEYOKRDOMBD 1PSNTH092AYPKSWRKV9', 16, 'JR7IOWEV7AMNUC6E4 VGKF55OP88RUAUOUJ5QG43KVHL5PH70B3YDCEPG74D8LTK2 NUQ4WI36 VNRR4GKD4F  6J1R2JOEQ9H2TS1 E0O3PUOR6MC164WO1NW7GP4AW HFB83Q6S51 JQTO76L0USPQUT MGF4UB7H YD28H943HVBBK9AB45 H0T17HYJE79ENAMUQCID5OX3SD05ECT86O 3I42 2JXJ601FMG4XOVBB9MA5ANEJTRG3OAUY');

INSERT INTO PRODUCTO (ID_PRODUCTO, NOMBRE, DESCRIPCION, PRECIO, IMAGEN) VALUES ('WINE - PENFOLDS KOONUGA HILL', 'FDFN7EO PSNNTERUSGRXS5QM1LN2 G1YS026AHJ5TN2KOBBWKQ', 'SM97D0YV8G45RX4MUNR1CX4W V9846PUMNV3S78VQ9UC0116MAO78MXIIEC4I8TSHVIETKNLKLNGTYLB4 CGR HTB8WU6MLAX6XOA36IOYINT1P2IH AP7IOREMHR1XVY891FLUCJO OF3 RWAK5I45F6NLAMA2CF4C9O1JK4QPA6OAYE27A5R0CJQ1QOHG7XC 4FOOV35V52Y2A626T5804J3C28PMHEYG6QJV4RUQ 49UO0DBESGIA8PH1AMOL', 83, 'IM219250NJH8GMGM3MTQE59CSPGXWKDFG9SX8C HOPPIQ267D31HQ0A6XOPX5CYPH9X6EHE MDS5RYM6IROXS32RGX774655CU76K3L3YR G1SJOJ4IR  9GYYBPN6VL1D8VTWGVQ87B63LAM7QFR4BILKQUMUA6OM6EHPRACCEHPKD CERDISQ CHFRU9O5Q31VBY59ALEUEP8H3YC9C9TBBX6O6U76PQWVE BQGHSL8WNLGA7R3O7CH0F889U');

INSERT INTO PRODUCTO (ID_PRODUCTO, NOMBRE, DESCRIPCION, PRECIO, IMAGEN) VALUES ('BAGEL - SESAME SEED PRESLICED', 'WQBD4KBCM7  9OUB3Y3P7ATI 3 8TBUB8Q9UMIIX4I33IIED0S', 'WF2T0IWV8DI1B6GVXU7B4CJDTI9FN82WWP97FMHSSD6Q0F5E9PV7V97LQK8KUQRP0GHOCT6QVTPOBP44IT 8H1456EQ9DKFGKYSQCME6TEG2KBWVQ0J 5L58BTQW0ADNI9X47WNUDNNK54AA5B YXXJ6 E 8IT 35P7UDIR4UM36X906LC5P84S1584QCJAIQ86KAXPRHKHRORDGE0E2KNFS40IKRUDPRV2LUJ7BG4QBP5FQB7KQRKQB899VXYR0', 34, 'SPX3XFVVLP29KW81OLDMT5 VGNYN1 9MJ1LR60I9CI1CHFKP4SND7SRP6A0TD7L39FVOOVSS 4N 7D8W QQBPLK7XY8SLV5RTXADV07 H6EO4LI95CUCCJVEASYBRX83JTFMKO8S6PQLNJ9L51B9RIC0QDCW8DP9W96NVPEUX918YUXURUSJ3EQTORHN3LNX1VFRDHIWAUS E7NMLOSCV186DDJQRCU57LTT88C1WWPC8F8KVW9XCH18F8S27FN');

INSERT INTO PRODUCTO (ID_PRODUCTO, NOMBRE, DESCRIPCION, PRECIO, IMAGEN) VALUES ('ICE CREAM - VANILLA', 'BQN3FS9G91WIB197GJO80XN7YC7EO 8 LY9EMHQ6SMDJ XMJ67', 'UJNCXLOFITIQFMGWEVTN81WJR4T7L0ECAQPYTLT7S0PL8A3V80K OJQ03DU29SBT SG0EIVFNW1PDV2R8UF9QR26R5B3TBLW1AS0R7D1NC15X2L7M3U65 NLD7YEU2CT8L5WVJNY8VX0RYYX5U3TLLLPUXTV4KN1TSY8H7L00218JE9SA 8SW6LPQHFCVXHXP3LW S4492M5VX4AIAN ICBS9GJ10J80GIPNW4A2LYCT DMMJPQECL5FI2LFYAS9', 25, 'DGQ4JGWW3KMWQETDY0I3K9PIV96127OMII1J0V3JL8XOCPSP4VQM KUUFB6C5GEQ33LDEPT78V9P761KRNYPCIF9QID21O9KD8TBGI2CS0AK4GR0EVF6OYRWY7BWMMI8C3Y996WB31ESKILYFY85D9WLTT9BIJ IVINS3L63TU54HTL91Y8YXBB5BHRDYXU4KTNO4CS3SJGBV2PLPH2APUMNSDIAED9RD2VIWHEOH0 81VXNO9W4 75C5J353HR');

INSERT INTO PRODUCTO (ID_PRODUCTO, NOMBRE, DESCRIPCION, PRECIO, IMAGEN) VALUES ('ECOLAB SILVER FUSION', '0YRXW35I81FHCWAGTHI25QBWN5M4JILWMJY4R2HQWHPPI 61UC', 'CW B6YYJJVNXDDJU2X4R430K2DPV5XW9OW5F2CLQY9FIQEGPJQ TGD3UJ3A1QSW3Q3QBJJBMQSXP39PV808Q198 ITKAWJA24IXE57B3F90F53PD R4H40 1321MBA8S91KPKRT3LEOYJMK3GHN5094XB3QJQV 2GBMECVAQMCV7MDL6R8JR48IIEYBMQRNVRKV211ET47N68BTKPOJYODG UAIL221C B82O52V0OFHTBJEN5XKQ1 QIBDUQYBM', 96, 'NRXHJRU3RUC2 3F198HNNILPSORUESCDOSM485J 0GLIFIHBQ S 70KU9HD4V212HRTCJX9UEEB84YLSY7WWE2250TXQ3RC WSUPNCYGWSETWJKV2J3G1RB7V63F9FD 4H4PDUHBFMIMRNNTIGMQRCHPQLFRENAPNW60F4JJ H646DPFJYTUC 29YWAE UFOU4PFJCL8LI8SUC85MD56I22NVN51P24J4 VJREJGLR24NGG7SOIK0O2BSILC0IE');

INSERT INTO PRODUCTO (ID_PRODUCTO, NOMBRE, DESCRIPCION, PRECIO, IMAGEN) VALUES ('"FISH - SOUP BASE, BOUILLON"', '1AA7AHY0II21LM8TMJR8LPP2AP3167CG2UT1EGBM3PBKK1KACV', 'NQM7ND7SEPOSDQ 2O60H57WPRG5HKM1EVN501JHKTQN0K9NO9E1KNG379FDIYDEMXRXHD5848K2T1AVASIPUVPR7DVRTABS Y76U1H4CBIIM4CGFJ 1YHQQMX4SIDO1UX7U7SDTQ6TWRKQPUI6YFQF5YW CIPL1N7RMDBGYVSM8 JIGRECKH8LKVM3R0IA2 TOG4CWUQXTL3NK3I1BSPD023P2KSF8VFUXK1TUC20GWK9 YGVVTWR78A634VSJ5A', 28, '3BLX0GLG1CE0S8UA6CGGG6RJCU1OD0MS5RKA8L89LCMVO31JDV56J9WCF OAC9L1XC 6LG9C4TJP79WJSHE5NPPXWL04JDKPRTJRC1KH14CVO9VUFXIEA2F3BXS6S1IUH3JPMUDY9ESFSBGRIVOPJHA2SJEQLN2T9 S94EWDQ1KTC33LLYKIWW7G7T59IYBE4GW0 F9PI8K66BCHYXDOI44TKYTH6G65HSP7NP8G269XEKM2RQ2BIVMHGJOYU59');

INSERT INTO PRODUCTO (ID_PRODUCTO, NOMBRE, DESCRIPCION, PRECIO, IMAGEN) VALUES ('TRUFFLE PASTE', 'Q4D8A20YG593M6O4NWHEY035WWFN0U6E6067PMX YU3STQGBFA', 'Y01U3VFNV HQUXL5Q4L8XJMG23A1FF 1 FN2AOY8R8KXRMJHWALMRQPKGX73EAQR9P3P4GEDQ1RM4H0A09OP3V9A2HB6NTSB05QW9ACC64LJ6B96GMJKCKCA4CJPSV308CUOV4W16E1E7RN22PBYE 9J8XS8UHKI3KE4I17ODJBC9P1CJQXGUG0SGB2LFL0QRPHSGVN 1PI7HUM3PKHBYI16TEP1TV5FPJJJHCEV8H9MM44YLI3QI1W9TAIVNQLE', 40, ' 77JYKPYNOBGQCC31WMOVRXMLW1XFCVR2CS9OSCIFGCFS4  W40TRAQJ95CF71B5HUGY0LBJ8791LCG88DJ1GYTRVWR7KHBTX53R30F 9YIA  2SG0RBSA1L1L16AGM RKF0233S93640LF95WFY4D V38HWFC 6OL0XYJ3GKEBH319XGB91IR8BK6NMLVDMTHPKBKBK01YNW W6YQW6UDX5EV0RNHDQ9836MVCL1JE 5OV6 KOJVWINCUAP4GR');

INSERT INTO PRODUCTO (ID_PRODUCTO, NOMBRE, DESCRIPCION, PRECIO, IMAGEN) VALUES ('"TORTILLAS - FLOUR, 12"', 'V2G3XVXIW5KTJHEW9WNH I8M4EOVBE7H84 O7RFJV7GMM1B8S4', 'L7NSHE3 HJ2 4NK0JBGG4NF1KA4KLV QM W190MQJNX221W90W9QPO7NR8BKHD16W3CDS4F694QNMVHGJB5 YF29QD8CMCS93VNFUKDO UBK9OVQ4L4CTHJ7XOHUM49EIP9MCV32V QP2VKWWNYL76GCLL9CRX RC66 6PATNXK2HF33MJI3P36CP98EIVGYY67WBC2TGEDIS4NAXB6WO SC2U0593P40KPJB0RSMMKTEW4V7M2VPK0YUI6FB2FG', 55, '9LK4FWX3EDGRUG98QNLL130 Y439MF0HT0QM5YH1G7EKV9G98G7SEICRW7IJ2UC86DX3IVFADRN4LN5M 6CTRV 0I099VWF0AOCEMXKBXB8DYS2Q89D53J8FBG06GNCJORPCASAR0TEU M1K2I811PD8U2APD4PQ7QYBWIPQ KLNNO5GXKAEQJDIJPT331OCJUSFS 5V2R0EIJVTB41UGJD8DI0ALB83LUC1XTWFXA P8MVFDGBN9PSKMSQX0 Q');

INSERT INTO PRODUCTO (ID_PRODUCTO, NOMBRE, DESCRIPCION, PRECIO, IMAGEN) VALUES ('"CHEESE - BOURSIN, GARLIC / HERBS"', 'GC8I0X21F9QTV13M39T6FAB5BED5 38B5BJ8YAJK9 0DCJJV6R', '1XGM902A00B4D IFOF7ISSV OVMF21K7C65LGVQQFIWKX 14PFONBUG3WTEO2MA172UO4INICG10RTFKN2GXN65GJM6V6BKJMEJ28RDQOWOFSXGGU4UITPM1LT3DXYD0T2OUW1IW6QA74W3VKSMWQ9TIL FYM17QHY2U IO9DUU34FT2LVG48SP0O6OL34YFOKV7F315Y2HRK4Y3MSCVDKPOIHPFUJJ36VCFVCWYYW379LD942FYM8QLXEP6JI84', 42, 'J3AR3ARKT5OJJI5N2YY89V0YO5P4Q6VN52IFAFB62BLR91PD2BN75GVCBVR5YA3MUAJMK7NRKPM30PWR6MP7TNPG8U38X0THBU2SJTW9NTQW0PTYOLLX2EROCVBC47HOAD03YCY4 2P6GIF3UVUUE5QHB3VCI8JX7Q9BCATAX0YB8S4VNYD6ODOBDR52D5GVXOPM7N16PSFNAKITTHIINS4XM6 JA O93B7J0 YLGO5K UT4F21XX 8 C7UVNLU');

INSERT INTO PRODUCTO (ID_PRODUCTO, NOMBRE, DESCRIPCION, PRECIO, IMAGEN) VALUES ('BEER - HEINEKIN', 'Q GXM57QD2XS4L4E6GVKAB9YA3F5689JGGFMFSPLSFDLDCYCUX', '2WPFKSVREB34QQDUXAWCCNN4M K9O201MJ58Q3OM0TK0CBJ32IQKB3MP8YFAWEYSQ1V0JWXB7313PTWFDYTXHA NCSKKRLIQ7PTROXPLI2Y3EFR0AOA79K6L8CU 8CT1FL5U7EWWVE2P995QUAHNNYN371JCPKFCKKKDKRLECY9GFNTGENMDTMVDO VLJ9C5QIXF5 F79H52YF5R7E0681 20K6A3QG4N2TCQLKVB5OFJK6UW5CICMGBHBDY86YW', 53, 'C5U9JJNQB18LMXLIIX0Y1OXXMQ4KH28C2ME5AKEPYFSO5BWAHHMA GVW 9QTSWHYQ35BXT7FMJ13WAJFF2XFNX 8TYK5LP24MQVVYCGIM 8VTQHIGW95NWJ4YHBDKNECVD5S1GFKUJFT0EL2R9XS83LUUE VOM3592LWJHX53QVAPDDDJW8WSCIDVOM5FPXGC7I2 9JEYDWARQCBV22F1KDY53R4QBHS29 SYBCS7I Y1NI3WOSB2CORN1IX3R5');

INSERT INTO PRODUCTO (ID_PRODUCTO, NOMBRE, DESCRIPCION, PRECIO, IMAGEN) VALUES ('NANTUKET PEACH ORANGE', 'YOSGFPBI1IPV61QTU7NTFBWQ712PCCDC8SX42H2A8620J55HTP', 'HGYGTJAR9AS2382VKB7DKFBTCSLDH3N4NXM9Y DKVXOUNDQSA4JLWH9 NU891TATVBIS6J 3MT6E7JNNJ48KFQAC7N3SRY AYJFG367A8VOL4ITKXREJWI09YKFWXFVMN1O842Y7YSXC5VLXG9JR79HAUCNAH54BVG9HQKSEJOALOQXD5MWPJN9MCDUKH7D09AVIBXLMWLTAR5EF O69RILV4AQBM4M8M4GNHT24GJRCSPAS1D4FUMA1U7W0J5F4', 1, 'RI268UQ21M390S9OX38H70IKWAUQBLTKVKVQR2F P NWTDD0SCFA4C1VQPYDM0Q1XSS1YJ6G8AWM881M6WF6H3HVLP3PBV7UNYFBAAJE8UDTF06OWOFNV O EO449J49MOUJYC1G8RUK2VDS7LXETLTQFERD U7MUX8TL381QXVDSNTOWM74VT97GOQ3L0PUHFDQHJMUEIU5VVIHA30VAVHYC6154 SUFTW8C 9OPHORS1 PRD8CO1U 1VQPALH');

INSERT INTO PRODUCTO (ID_PRODUCTO, NOMBRE, DESCRIPCION, PRECIO, IMAGEN) VALUES ('BUFFALO - STRIPLOIN', 'DY4LNROH9YS5QJWK6GO66XOV7603KR07XAJG3I8T7S1 K1NQQT', 'YKC7JO432E1TLK0WCVN1IQEHRR8FJTSMUI0 3LGRCOJ7Q0HAAPIHD OMHPHLD WDM1WR9N20BI59OH 2DQGRRY7 0IXY2X97KQ5OBG7HTLD7NQN4HKY78FIE UK 98VS 5IHFC510BLO5EVIPN8BDTT8FEXIS SU26N7M8F T T35717NO2U7TV77UO4AA5MHKC3QNNSOY8MHCIQEJD UCKO8X02AL0SM0C1V7NQ5R0CV0JDSQ36K796UR6I34WP', 41, 'BDJBXNNT XRAP65Q8U7UMN3E51NSUTBRTUVKW6S4 BEJQY1VG6OHNGRO2I389CCUUPRK2TWF4YLJWEM T2M FYC DGE5ATYL92JVPF3DWKO5YIGXUD6Y6XD1QBHTOK5SH5NLEKKIEUTYCYAWFVYN10 GBC1QH9ND4YAK6UUAHJO0KD0SDJLLJ5BCVE4TRBIQOV 1W06ATXUJAI BTSYQBQ YHIN6YU0VY IE6C8FYWCGRCGHHPMYYB55 76HSHR');

INSERT INTO PRODUCTO (ID_PRODUCTO, NOMBRE, DESCRIPCION, PRECIO, IMAGEN) VALUES ('SPRITE - 355 ML', 'WBX1E76JL4EM7AR58MOANJO97O59I2EEV0IWLTF0XSQ5VVXD 7', 'YNW KYQ3QE0YV5L M9WRO9YMV JI58GKVIGL73SONHK3D1PQFPRRJVG1DYGC6IBPPNG4N7NUSWL69YAWVSUD G2QWP60CC MKQMBKP8POTPTQBRVG29FYMW4NIV5UYPEEQ0T0WLAJE03XFJ8T1UNSYLQ3Q4M3IETA5BOL 0W7H 3NY K30G91756PNOM7LUS BT M84RMTMNVHSMMOLOQ7SFRID3MS4ECK1XMBDU3I4KDAF7NALX0M629529QIQ8', 54, 'MD2JEBPNFA1S9QDLPA33WQVUXO46X4RPIRC9GNEE422X7JME7PAUR6882WE9HOR6W7 HRX5B64HCBT0XONYRLFMF9FAEMIWF741YF34AKGQKTUSLBY716IH469NQ8DFSCEEDNYP3AYDO0D4ESUBF6EFGTUC1605YCB8TT46PIIIXW5C4ME5F9257G4OHD3DX1JI88W96I5EH4XXBDP1XHK2C9OK1H490YY3M4VQDPLUM9AB0GF0KW92AC8UK1E9');

INSERT INTO PRODUCTO (ID_PRODUCTO, NOMBRE, DESCRIPCION, PRECIO, IMAGEN) VALUES ('OIL - OLIVE', 'V97 88A0N3A5QLB2IE59FYDDH21UT61OHA2X2UOU7UJMVHSOMP', '1OOU8623ML92O31H0I7QE1KBG6FH3A YHARVICWUVXXD2XKJKG6P8J7U18JXB3XOAH5Q7KAM7OJ  I54J ASNKLAI7GJX94BSLY GI 66UEEXY29M84E83JQ3O1FLK2H1OSV JQAMJWSUVODSUDPAYC7410RU9GTEQHQ2IC0BO HBBVTANU12W7YO5QE55D5J13YLN8YL LB0I9X6CYG6CY8CHKIWCGSRQXC5SD1 HHG0NA2F0UU6D5EE1K9M5HP', 74, 'XWOJ694S53UGENB2C49KH60UF1THVWXLMGGUJGC2CW9H5HWJFMSE3PAGAF2WBG LYLE5XG0V301PM3E4OHDUVAXL306MLQNLXY9E WFDEHJU47VPMQVHPKII13KT55GR94BKGLS6 M5OP CSNY6GFWA5HP2ILIT8KKK3X7BU91W 4W T P0GP3YG1AONII2QLYT7G2TN1AA8OW32URJML3K8UA 0C62IO5SJT8RPHBB3D HFOCP0I4XYNJ1M70T');

INSERT INTO PRODUCTO (ID_PRODUCTO, NOMBRE, DESCRIPCION, PRECIO, IMAGEN) VALUES ('"MUSHROOM - SHITAKE, DRY"', 'KL5NU2AAO2Q40A8J3ADL3AGQ8A9MH4N64XB 03UJ6 4933IRC4', '2FCN7M5NW61TEW55IAHEJWND6OO5CMFR9KU8HWIF034GY9TUL0P9EDYJ0L3J7AXSFANCVTC6OWCOOKOLYU6 2B DPOV40WA68H4PH7L O8CR2W8XWF8UKUHWKK6RS KPETCX8GXEEQQ 1CFX9E66GX4DX213PD4Y5EI1G6NQPC487V1VU6HSRO ELWRKLK 5GAHTIBA7BBL4YFYD10QVEHCJIHM1GKASSF5DLD80BBYMDYJWIJ1FVL6 EIN6E3IR', 99, 'W6D5UCJDQ4S4O9997JYBY7ABUICDPCT2C9A52YT3UMX58MM0NSJ2PRDBDO30KQMS3P6V2CVHTLDHS75H TGTQB1GYMESDAB79RF7NYQHEPU378N43RDOMJFOWW500OQ1EHGKXABSE81Q3H9DG97UG5VL34FG 4859B93820V10UNHEDG8DDTI1BUN 3IAY01HSXOFEBG61T1T5Y8FFVEJ00EXBH6VVMACHA42 LIXOHIUYI3I6L239PRB1C8N1F');

INSERT INTO CLIENTE (ID_CLIENTE, NOMBRE, DIRECCION, CORREO_ELECTRONICO) VALUES (37, 'KCEGHIPRQ5A4YQ1 JPVIRCVKALY YG0CAWTHPFJDJEQ9CRDWEO', '6BVV6HLERSUVFP6UAB0XVG4  QSDBW29L2R48BOC9FKCI7P9Q4', '3 EAW20V5LIOJCAQDG1IOA2F5YCBQ3ET9 18U48AQHFJ4P9SX7T2 W J8ODFVP3A0YRUBS');

INSERT INTO CLIENTE (ID_CLIENTE, NOMBRE, DIRECCION, CORREO_ELECTRONICO) VALUES (50, 'J0PYJJMYPCB3RY5WO6BHH594MIJBS1M7 NAYSCT5AX48R06IF3', 'SXT4CF UGA6Y2NTB1E0DKWU 4K35O9SSS089BW6EB2TV3369Y9', '8 LGA4EJRSI7WJ8XUB9JMYBEND2I7NVG34GSBJMGQHGG3DP2TVWCD7I0FRFMR2B2M2BKWF');

INSERT INTO CLIENTE (ID_CLIENTE, NOMBRE, DIRECCION, CORREO_ELECTRONICO) VALUES (43, 'TI7EDXA3ER8MDB6M04LDXL5 W8VC Y05XEI819FSLWE8XYI9BD', '4IGODT85KQ7R1DSNY65OYCLPL7MV6P7AD28X0LR1PTDF62FRNI', 'APIFJU39TVFJGQH7WYJF1ORXTHPFGUD0DNEY2 NPXO1SK66IYNHMN6  RJCFPFPPDW55YY');

INSERT INTO CLIENTE (ID_CLIENTE, NOMBRE, DIRECCION, CORREO_ELECTRONICO) VALUES (54, 'JJGBQR0IH9NCKGDKW06T CHO7KH3HRMJ2OKQRJTFAP LK8 5LE', 'L94KEKNW4FB GRORDK8L8RJDCJXIY66S83VW5NKLAVWYJKDXSA', 'Y30I6ITUPGS54JXRE1S5E6S3B0GRG43FBAGG5DCWI63E6GQLBP7VU5GLX67CGGIMEBUHON');

INSERT INTO CLIENTE (ID_CLIENTE, NOMBRE, DIRECCION, CORREO_ELECTRONICO) VALUES (18, 'IXLQ0VXSJGETF7GOD1L9E4TS6GT5HG7SKX42MDVKCGFTRRW0PS', '3HOQILCD16R74Q34SN 8KFTGOXXOYF PSE9SDU5D2WMS0Y9TFG', 'TSFVR2M1Y1IRUDKP82W11YRE9Y67SLQB5LUVJ 7M975Y3KIRY1BV3355403JAMGK LJ1UP');

INSERT INTO CLIENTE (ID_CLIENTE, NOMBRE, DIRECCION, CORREO_ELECTRONICO) VALUES (69, 'T26P8IW7AQWR0EGXLX8AQL7TAF44U0ODBBKVP60A8AJT0D TH ', 'GDG4I7T4BX8G5W5IY XDV8PJ04JLTM4DHGDPMO25LDCPVRTCWS', '2ML9KVWQFLU5BLNSF9KQVQECCSS4AELU0QBH3GC8KWDGM1A9 NCNDSLKJT0VNOQ5CK69I3');

INSERT INTO CLIENTE (ID_CLIENTE, NOMBRE, DIRECCION, CORREO_ELECTRONICO) VALUES (46, 'BO4U6BTCEMGI81BWYCT0J1EKL1LBXL8DGX5MO SU05GG S9RYA', '0VOBKLJCOKH1LHYMWDXKT970YHJD6GVHYG4WHILHIY DG3NHWO', 'R63AK5DQ5T 75R4SI4LTJCEK1WMJBLJLBYWHBOLAXNVJRCNYYWKA44REP5IA1113KVI1V6');

INSERT INTO CLIENTE (ID_CLIENTE, NOMBRE, DIRECCION, CORREO_ELECTRONICO) VALUES (92, 'F GYPRAD3KHS4VFNQ80AO 5HCMUB4OK3Q3GFKHEYLQFI8OPMWC', 'HUGOUFM42ABULQEIOLC2UOGTUCMKLG4U56FSNB0E6AGQQ WDN3', '82EU30VXP46WPX1L3HTILH16 78BV5NVEL3A8NQLKVJGT1XSSG303RBOUOUPEOM8RM56YN');

INSERT INTO CLIENTE (ID_CLIENTE, NOMBRE, DIRECCION, CORREO_ELECTRONICO) VALUES (35, 'D6YDT4OL3Q7M1AIJ8XOLXMK 8E0NQK1O26AONN3E110C8MPADE', '10NAWAM4Q4PQFBP2VXFG57JDKP FL4595VJA8LFDPFBEY9XW2M', '2A 1WTXAHIFNFCC19WETNA1ILOJ6PNNM9HG3M89 RPV89T8W98GX2PYNWXQKYUVA3CGOW4');

INSERT INTO CLIENTE (ID_CLIENTE, NOMBRE, DIRECCION, CORREO_ELECTRONICO) VALUES (36, 'B9M4Y105YBJJ9C B67EOXM7RUYU2P5O8238XF2B90 E6553WLH', 'MY0O80GC3UG6ARVVOT8QIYGUOKSDFD 5V 7F0NT3AWKEFMIPAG', 'WB0PUFDW9VM7D06LW4MMQCTVT7SBF4L6GE VOQMGJO28FJS90NJPK R1IE33T8CAVD1ATS');

INSERT INTO CLIENTE (ID_CLIENTE, NOMBRE, DIRECCION, CORREO_ELECTRONICO) VALUES (49, '8NESC35VGDKTM 4C84YYH7OSXCW5422NQAXMESDS1JOMDNKQIK', '4YD59B G5H LIIH82M9BV9WDTDAD2QE8XYJWWA OOP2IOJ7GCU', 'MNRPB6BYXNEV8YMO6P7IMDAGLDMI9FG7EWQWQ3T3UCWUNKTOKRILKLRY1HE913MKKNWENC');

INSERT INTO CLIENTE (ID_CLIENTE, NOMBRE, DIRECCION, CORREO_ELECTRONICO) VALUES (1, 'WQHVOH4XKACPHOV27BKL11QPSOE3E1 NOB3RST0M D3RU KPUK', 'T07GG4PTLKEOSPO8NQ4YOGUOYOROSFBXNXUDPWDQQKD9456X1T', 'VIPN7PO8HFMK B69BRDUP50OV0TQ9A Y03YF4YYMJDG6 F 2DN86J6U6I66A8FJBWURHEM');

INSERT INTO CLIENTE (ID_CLIENTE, NOMBRE, DIRECCION, CORREO_ELECTRONICO) VALUES (4, 'SREXEP6N4A 7MIDJGLDUBPHMHGCTRMJRQ69NSWPUYOJJEB6YPC', '1LG3F0RTXTXAOC OH67526Y D6MU3RCK1X5O57GIU6Q5DFODGH', 'VLT6L4090X138TL1PE2W7QDJH8SF471DIXIBIN6GB5D5B2R6TXBK9YVXNFI3ODV4USL057');

INSERT INTO CLIENTE (ID_CLIENTE, NOMBRE, DIRECCION, CORREO_ELECTRONICO) VALUES (81, '9W1VNE1HA6XXNUNRRYP5IB4O SI35YEP1TS0IHTN 9CDK16RW4', '0CMB1E3 QNXJGW3FH7M7YSSJQMMWDN57TYWTAE5RMTB68GA858', '4VGP9E NBOYNY5MCTC9JXP4NAWHRYH6K8KUQ75PSBGDE18M26N8CC6P25C21AEMXGHECU7');

INSERT INTO CLIENTE (ID_CLIENTE, NOMBRE, DIRECCION, CORREO_ELECTRONICO) VALUES (42, '9DO F85RXARBUICRJXM26CHSYSMNUQ29 T JG VD8 Q4QE0V3P', '4BW0FRP4BGF8R4IRW692WSF8BG1UGF VBV5OT7P0TPD1BAW507', 'JA H7WSMRJJQCW3NMHMRRWM40P5WBQT SNE2DVG5FJO5 BE0SXL2CA99VA65 BYJ U5XWQ');

INSERT INTO CLIENTE (ID_CLIENTE, NOMBRE, DIRECCION, CORREO_ELECTRONICO) VALUES (74, '7PVPNIDNMREWA5ESMQFY04E42 VROTVNVVGMGWO4HA6JWPL8WU', 'VAPAJFQDWR5Q1FD7OYJWLN9GE8UDUJTDP4O2R78JKOSFUGFJYF', 'N06KB 4YQ1UTOTRNYC6JKEJFLWE67F74UYNY6BYLGXUAEFBT6Q8EMDXW0NHOEHS1LIP1J4');

INSERT INTO CLIENTE (ID_CLIENTE, NOMBRE, DIRECCION, CORREO_ELECTRONICO) VALUES (28, 'R17DPMOOXPKRS1NYO0DWDJ74BVAS1345F9QMWEXE71NJ3OUFT0', 'JGYNO3OSX TU0OB762BJA1XWB4D326CAFWAALSLG15BO84BJ7V', 'W5OQTW7U BWGBR4CWJVGM8WJ79M0V9R31D87XMYCM3320RCNTY6ARGQ351HAVHJC49OY3Q');

INSERT INTO CLIENTE (ID_CLIENTE, NOMBRE, DIRECCION, CORREO_ELECTRONICO) VALUES (90, 'OJB6DDH4ETJJTQ4QTMG3W7KFKVFPX4MNKIC69 VD1TOXM V03P', 'S2JY2U9N0OQEMEKRLWU4LKDYWIUD1WQSDVBUVO5Q3IX6AXTE2O', 'MWD IK3N5131VBF39VUS1ILE2PTHX2LM1KNN063O9MM7BXKJT9IBTWH7CUS7KET7BPA446');

INSERT INTO CLIENTE (ID_CLIENTE, NOMBRE, DIRECCION, CORREO_ELECTRONICO) VALUES (83, '7LBKDD1PGF44L4NDU9IG90D3WDEGPKO8U4R2N7KUWAS1NMANUJ', '6YF6XRFLUYC2I6 QPCT3XQ4IM50MI2T8GAUX0 EQI4L2Q566U9', 'DQITJBP7LXCBE3UH0GQNRQ5408KKOGJBYRNGICX4QBSBV5APBR7 VOTOFP14YOFER604WM');

INSERT INTO CLIENTE (ID_CLIENTE, NOMBRE, DIRECCION, CORREO_ELECTRONICO) VALUES (48, ' 1PK7P4184DPDBG2E3 JHMD91FJ1MV4LN86M1D9E19EP4QRLAP', 'G8S20S28HXY4H6WNU38O14K6DJBQF212CRNMJJLDKPECPPI0MM', 'TN6J 94J1C1 MEPQBH8EW6Q8 AD9V9RPWU3DWIKYKWO6WVCM0JSY7QMBMG24BDGCA2HAS8');

INSERT INTO CLIENTE (ID_CLIENTE, NOMBRE, DIRECCION, CORREO_ELECTRONICO) VALUES (44, 'I5B7SI7JK1 5CJ3N7OAIROUEP7UP5A6BXHRXISUVE6E4PXTT6P', 'TW49KOHTAXP0PC FGQ9O81E99ADA0AWAVW7BKF0VWM860SJGX5', '9D5KP LM QHJ9HQLQ37F14054O10LIIE9M17P0WTDUQRHP7QCO3FQ9AWG9QUC QASCIO3C');

INSERT INTO CLIENTE (ID_CLIENTE, NOMBRE, DIRECCION, CORREO_ELECTRONICO) VALUES (93, 'KINB 4XRXGASFKHK6FGK69PWNE51KXN0268ARNQHD0JAR88O4F', 'UD VYBXO DBTVY8CA2JRWRXT3V4AYQ8479F34DM1EX4QTVUNMB', 'U68SB89QV4D3FCB8EJJXBCALIMEQW0O 00JVKCX96KR28R4DQOSH0DTH2V5TJPAQ163O48');

INSERT INTO CLIENTE (ID_CLIENTE, NOMBRE, DIRECCION, CORREO_ELECTRONICO) VALUES (38, '1U1NQWHP3J3B80PPP7684AQONPQ0QYJOMIC921YW31JQL21UHR', 'BSWMV64O880XHKQ1KL0238T8DX7VNKUQCXNPPCC1HTY52NBFYV', 'JSAWGH7TTQ0DV8 NY7YEQM8CHXGS9IAJ3LEILU3AJ10M2M3LNDW5H0K2TU6YIO8M01O RE');

INSERT INTO CLIENTE (ID_CLIENTE, NOMBRE, DIRECCION, CORREO_ELECTRONICO) VALUES (26, 'WUGDOCR0UFCVNWAOEOL99E42JBX0LOVHIFGF6PYKIMQHFMBVFR', '1U7R9J21XQXIGX0OL1 90GE6CROJVSSYQHHFL63HYQTY8FXR8 ', 'UTPCFRJ PWMIX 7D XXPSPOH80H9WEDPHCW MNB 81Y3R0HFLCI6M4TTVHTB6H8NG QXKQ');

INSERT INTO CLIENTE (ID_CLIENTE, NOMBRE, DIRECCION, CORREO_ELECTRONICO) VALUES (6, 'SAQH2DPFK7EMY86S9GVUVTIDH74FJI9QVPI73M 9C6G53UE6A8', 'JVHHS5UIQSLQJB8UG52R4J791YEAUES4J1JT312S4BPA1J4TG7', 'KV087OQ6TLCM9A9PYFNI GR5E1 OVF6MDOU SF8ENHX8UBO79RXF8V L0OUNHW5L5YVR51');

INSERT INTO CLIENTE (ID_CLIENTE, NOMBRE, DIRECCION, CORREO_ELECTRONICO) VALUES (89, 'KFTCQI6PU3TN2553HJODEC6OILPA85177S0 WQQCCOEMKYJJ6L', 'A3X5H0GBOFNGJUAKAXWRBO FNDDTYWXN8B0B01NFYH3XQB91PS', 'A2UC4RFI8DP7XKSMVGYC3YHAVCHT1I 9UR88JU G6CY7P87RJ90IS0QBW0RJOVRXA874M7');

INSERT INTO CLIENTE (ID_CLIENTE, NOMBRE, DIRECCION, CORREO_ELECTRONICO) VALUES (52, '9REP6VM6GDS75AQ29POK4J6RWU7B 3G52HMKXWE S27D9T8T3X', 'KKM6RU83LJKPIWQKOKG6EE BO5M9KH79G02EWE7WR6LABMD3V3', 'B7F267BFYVRJIP8YV32O5PTB0Q9DXS8UON3IDAVNLKX26CL6UYYMJNEVCK4X0P7YRCF1HU');

INSERT INTO CLIENTE (ID_CLIENTE, NOMBRE, DIRECCION, CORREO_ELECTRONICO) VALUES (96, 'R19YKUJ0BGLKJPWO5QY2HG7Y523B2Y5H 3GHQFRS081Y8PPP0S', 'UEPWLCOA1HBVGSRXXSR0JB5W9QI0M DVK0E9PGUBTMO7II6FLK', 'KQUTLQILRRSIN8 U5GJ7ARAYST6I3 19YLEV5ICO5IYGO8KCW2HMJS74X8T927VQGD6YXK');

INSERT INTO CLIENTE (ID_CLIENTE, NOMBRE, DIRECCION, CORREO_ELECTRONICO) VALUES (3, 'A8DK357PHDE2YCWQFID80 RO33DKXH4E5DNLADU141XENJNS5O', 'KBI1SJJKWT5PRDSFU7BN28PNMSJKF1WHCTVYS7MJ9YNLDWE RR', '1U8MR3A4HI34I5I2GGKSYRWVE4WS1N8G99U9FY0QRDDO5D6TR5NDNSO GXIAKB JWGX6JK');

INSERT INTO CLIENTE (ID_CLIENTE, NOMBRE, DIRECCION, CORREO_ELECTRONICO) VALUES (58, 'JJSFM9YOUT0QP5KJORFPATAMVPL8YUJYUTM1YCO0LVGRDYK1M8', '15626NNDY8S FCAL2ABAL6N3R6FVESAV7XRBR3S8BOFCWCLK18', '8 PK9YNDDRPTS4 2IP7D9JOHR 7QFXY8RSBWOHFDXRGWL6RRKQY6W7GGC76URL7AG9LSEX');

INSERT INTO CLIENTE (ID_CLIENTE, NOMBRE, DIRECCION, CORREO_ELECTRONICO) VALUES (19, 'JTTLJ121 RH7XMC7MYYXHOP77IK3TNYP7WJ7C4DNDMX5XUWRTM', '5GW9CRWFA7NRG9V56TVR QF6AW2MJMROEPM E1BPN86LH23VWD', 'FEHQVJDGPLA7WEB7WXLL9V1BXQJQJB95QC0EAQYYVY5PS98FIP7E27XDI0R00KYJTE886T');

INSERT INTO CLIENTE (ID_CLIENTE, NOMBRE, DIRECCION, CORREO_ELECTRONICO) VALUES (62, '0CSPCPWTSTQ1VRDKQUEIMLBCMK0CJTA SKYXQGF6U3 9QO76HC', '3S6KXR8VI7I8L32KYB7HUK0XTDW0PXSQBVGHH39G9 D40ASATE', 'RT CBLOQI059POGMWK07JQM3PWU9NFHRLHKQDY5RGTBHHAJUJ2TS86PU789RW9GPMO3X8I');

INSERT INTO CLIENTE (ID_CLIENTE, NOMBRE, DIRECCION, CORREO_ELECTRONICO) VALUES (60, 'SFEEA9FADBI836 I3E FKRVI9GK20DN5LNF1GTMOC1QS3XPN2C', 'NKWLDIHOO7JFN8CK3 NX5GX 3UHPSM3CJQJ60FHJCJ5ORW60QV', '0L3HGGB0WXJNVC84X5UOTAGMT3EOGAFTT5WW820GDUTY5K HYPIOLD1E262WA9V8INW6LJ');

INSERT INTO CLIENTE (ID_CLIENTE, NOMBRE, DIRECCION, CORREO_ELECTRONICO) VALUES (13, '8K28457VDH3SP869P00IMQLKY3E0LMA5B I AWSVBO14D0OBP1', 'BY9GP7X1Q7CSCF5WWDFQKJ0IWH1VX Q1L5LAM4TUBAUF2SXR A', 'ATEG248WT9CSDM5RWRKSCYEV2DIL0E8RIKVYU5TPYUOD5KKK57IMK BGDMH0RRNRD08UA2');

INSERT INTO CLIENTE (ID_CLIENTE, NOMBRE, DIRECCION, CORREO_ELECTRONICO) VALUES (57, 'DHIX7D68NNY31RVMQM63J1F2 L6OKM4HBAFFAWG4E1VS05XQGN', 'T5PIMD7WP8K1NDRCTH0E31EWYYC2NVKTT3PISL1K4KP5W C RE', 'AT80 FX5G3L19IVUQU U4T35WAWAL2L2DM0EB59DBENNP19KB2AEQBRB32D879UV86A9SG');

INSERT INTO CLIENTE (ID_CLIENTE, NOMBRE, DIRECCION, CORREO_ELECTRONICO) VALUES (80, '5FO8YGC8PIC4LUBEWTPE2ROYN3JA5DX1Q 19SFQY3O282BXXLV', 'YKA2YTR8L1NA 4O7CL8M0JI3 HG5QK40B0HSLVO7PI4WYENW5G', 'ERFAP27V82X5RL9Y9R3YGGQJCXBDL54863QAD8HTL85BOMES4Q3LNO43GW17GQHGFM9DSN');

INSERT INTO CLIENTE (ID_CLIENTE, NOMBRE, DIRECCION, CORREO_ELECTRONICO) VALUES (20, 'MXNFPAIWCMIJU  UOVMPGQ9ACA8MFRDO7N4V50BRGHGBFBAXDQ', 'CUAYJVDAC6EUO1DK9UCI8FLVMAP2M81IAVN520J3VW0MISILF1', '3P18 N9WI98XYMI55 7SITGA65FH V07GNFAHVKQO6OV41HI9MQBUGY3XPPITKPXLF2MC7');

INSERT INTO CLIENTE (ID_CLIENTE, NOMBRE, DIRECCION, CORREO_ELECTRONICO) VALUES (41, 'PQXPYXXW9PVF76S7B XSLVEKCPP2EV3XLWUY6L YXTDTEJP52I', 'C4BT73A V8YY4QTP4L19X6NHILC87JHKW7NY06FELQ0A7I2PIY', 'UNTJYKG9DI H42DJKUU9GOA0NIEFVPRVT3TN3PF8MRJV51V9S1G5GQPIFJS6KSRV67CLXX');

INSERT INTO CLIENTE (ID_CLIENTE, NOMBRE, DIRECCION, CORREO_ELECTRONICO) VALUES (91, '2F 8HUBF43GT122FGDL08DY5JUQ69YO5IR9TK79RLQPW7H0KE3', 'NPERDBGB6HHFNXODFEMT2BAGJANG3NDXD6K8WFJA4A6XDET2CG', 'ONVRU34MYORQ6VL1D75IUT8WA18UXA20WQ381EME0WCGYPVP7OBSVG6K59MX5K6LJWKS2X');

INSERT INTO CLIENTE (ID_CLIENTE, NOMBRE, DIRECCION, CORREO_ELECTRONICO) VALUES (99, 'JR1J1JD9RY4DLUSGXAQR5UTEBBEA47VGMHHI90W3DU44WXR7WU', '7 Q70DJF43F 1V F UUMGNQST4JSI8RHFEBA1LX LLC1CBSXL5', '2RP3K8T L1F QYC00JNXW7U QLN W3XV1LVL8PDT NU08RSXIR1BXQXOGEK2MRHWR5QJ8N');

INSERT INTO CLIENTE (ID_CLIENTE, NOMBRE, DIRECCION, CORREO_ELECTRONICO) VALUES (8, 'JEH3O3X97BYPVM1JTUBKQP3DEHKW9DCT2SHH9CFPYL0FB XSWI', ' XKV2DQ5GS1W89 5KGQFYSJWC  4AWK8FIU1P YRX5VHFJJX96', 'H2U6C4DNB21OO1GBCO4SQFASGKVOG45LH SBLWG WYGBLY 2OEB6I42SDX59AJ 5YNDMI6');

INSERT INTO CLIENTE (ID_CLIENTE, NOMBRE, DIRECCION, CORREO_ELECTRONICO) VALUES (40, '4N4OGMGLUU0QOQ46C9NE3O2LMQG15K7G9OO96BVUKGHHG DHQU', 'H3ALMWE 6INQB5YHDOFUAUGJKNCTHVNJJF90RPUSGHGJ5DM4XI', 'SK3TRBK6O4SOJO 9FL28TQP10VPRL4QL AAP705ALH3MWQN2J5T9Q3N8SNCUKBPJ7DEG64');

INSERT INTO CLIENTE (ID_CLIENTE, NOMBRE, DIRECCION, CORREO_ELECTRONICO) VALUES (73, '1BJUGW27BADLGBFRWNFDXC8DKB5CTWV7TVDS0S10AI3SLUQGIG', 'RQOND3QW0IQMBKNMSI3FN7EEYLI1CVIIPCKBLQ0CCGKB07PIWR', 'HYVCF300M4 DO1C59XCY5LWMA3G30MCHXY4M5CWKG6B1647QD35XH5 USLUGBLUQCE35GD');

INSERT INTO CLIENTE (ID_CLIENTE, NOMBRE, DIRECCION, CORREO_ELECTRONICO) VALUES (33, 'A52VKNL5V4RGRV4O9MKHPR1NM1DYR 8FK1XAA0YQ13WM0XD78E', '2K 5NHTFTQO816588EJXACQV9 NQY3V0IDHON28E09CMTT YMH', 'ERSRV2D7PRH 1RJNY2DB1UW0QA7BVK PX5DY7OXBC KVU7W871IXRPL57GO8V4FMATK BA');

INSERT INTO CLIENTE (ID_CLIENTE, NOMBRE, DIRECCION, CORREO_ELECTRONICO) VALUES (39, 'JPW9NMU4AM08AONGC2GYP1M2QV6XLJC0 E9RVG124OIF1QS3 S', 'CFK1TRTL V01XWWKAASHJ0NOJW0GRCO3VF9S8M9ME6BT87PNY6', 'K4LXSMRR47JTGWCJE 1Y803  QQKYY3QRISA94L5CI1RKKLWK0LSCLCA9S3JXTE8U98TKE');

INSERT INTO CLIENTE (ID_CLIENTE, NOMBRE, DIRECCION, CORREO_ELECTRONICO) VALUES (34, 'ORBQVGHTK139 TX R706WAMUFYL38GDGUJXTCW76SYUFC2E 0M', 'NQDXNNSD28L6A3T0NJQ6Q5 P45K9BHMKN RWW2LAJEBBCP86NC', 'BGLFP7H8XKOU3VCBREHHYPB53KUIX2FCT VYDL17RI3UAXOOTV8D5HMO1F9W12HN2SKH6Y');

INSERT INTO CLIENTE (ID_CLIENTE, NOMBRE, DIRECCION, CORREO_ELECTRONICO) VALUES (94, '4FFK4I57CGTMBV46N1VAN9YWS2UXROQCCFKQFIJ8OK7BA2DUML', 'KS4KSH87R3PBDNNG4RWY9U37W2AD0INA4 FEVXSKQW M05JCU8', '9PGIAJA1UC207OJ0RAJRL6UL81GROUTDBDA TMQ 11OR5O3TQFYG31GDE937MOYW9V669Y');

INSERT INTO CLIENTE (ID_CLIENTE, NOMBRE, DIRECCION, CORREO_ELECTRONICO) VALUES (5, '7RSVI26SC8YW8UQ OQQFYDHMASQP9KRTXSOKV40TAIMPXLKF Q', 'TCQA3DMQ80JJROU0FNHRSW00PLEEDRR3K5S5HNIPK L0TX0993', 'BD4FXRNWWV4 2RNP3GNVYNR4GWQO9JO5PRPBV09TPSE301F1RNBSRY8F72871DI1E14WX4');

INSERT INTO CLIENTE (ID_CLIENTE, NOMBRE, DIRECCION, CORREO_ELECTRONICO) VALUES (79, 'DOMH6JDP27B955F5XL2CHE7KE3H8VQI7PXDMIDWKSVY8H6P16T', 'C6FYE3 D08SSAM4MCPOEGWYY07NGN8G9TI9A9NVH2TINPC4Q2R', 'JCCH7VIRAAJKV32KLUGY6Q399H30QN9QR1V29C2ED87CAS5NMP8JBEL61309YIQ89JD39O');

INSERT INTO CLIENTE (ID_CLIENTE, NOMBRE, DIRECCION, CORREO_ELECTRONICO) VALUES (77, 'F5JTV17I2NX019WN4ADPCWL16VX2WOBRVSSITLTG69HS7RXPWX', 'B9SJVH2A0V 3RV691T9YGLPCD1IAT31OFUMHM9YVU4 UJQ1UDU', 'H0 OK21EAGS9A5JE 8QH8C H85ANLHSFKS9LSD8KO3HKOL98PUJ7BPBN6QJ5P9O59GJ0UO');

INSERT INTO CLIENTE (ID_CLIENTE, NOMBRE, DIRECCION, CORREO_ELECTRONICO) VALUES (67, '1V85C960E1IJ2N6382COTHKF5LF3OEV2GBYN8RA0PXV35MK 81', 'AKB6WW27WE8X9N2A47D L0K4EXGEJWK9U446G FTEOTSMWJTN3', 'YNOL EAE3IJHRLALMC33MEL96E61UWS FOHQKBF856OKAY34PPDJTN8P30O NNTTY966HU');

INSERT INTO CLIENTE (ID_CLIENTE, NOMBRE, DIRECCION, CORREO_ELECTRONICO) VALUES (70, 'EB1RJQL397UA6IQSKALG2VLWSDEL5JXEMY49YUM3R4J4S83NT1', '2FJ8TVRCP2JVV6SS1HBPQ1LRK42T0GTHBMEM7IMQJJ7NHLRQV4', 'IEHOT343F5RL0RM2IDFQA96279U43S6JS N6R 3JR72VW0LUYO29YV30IT 4 KUYQF3O7Q');

INSERT INTO CLIENTE (ID_CLIENTE, NOMBRE, DIRECCION, CORREO_ELECTRONICO) VALUES (17, '5A87UV 4GAF3U36ASWYNQYABH9 VWNOTESTM4ETDYMNP21WW8 ', '1VGJYK8IVLC15BLKINBX4TVX18FFFTQ81MMKS7QVVN045NIHST', 'RVLXVPNR9A99LVYD395XLEE58QVFQ9MC68GWGICF5T3V3G011Y2FUE8RAAHLQG9XX0I9K4');

INSERT INTO CLIENTE (ID_CLIENTE, NOMBRE, DIRECCION, CORREO_ELECTRONICO) VALUES (53, 'TWB6W98DQ7DY7VAC01DD8C44MBW0Q4KOF6UMIIJHQOMTRYL1AI', 'KEDDVIE4V6DORWUD6IM2RKJ3OKVL48NR80EU6 GL98M2PXQSGY', 'C6U9YLEDT78HMOOSTYXFOS55IW8YHWX5ACESAOA00 R UFT82WFKGGDR6VRUUB6WBR0JV0');

INSERT INTO CLIENTE (ID_CLIENTE, NOMBRE, DIRECCION, CORREO_ELECTRONICO) VALUES (85, 'A30S2U6M5DDKE98UVGKY2E5I0JEQ0HW8NT90ER31IWNXLX2PSY', 'QTL76T 3KMUOSC6QWP0TSV596UFBDH10HN7NMDKA7NC8KIGTI6', '9CC7UUOTLEF5U9HVRMNX4PDXQHET3FA 1E3M1JK2WNFM5I6IY341L85RQJQG0CFBOH90S4');

INSERT INTO CLIENTE (ID_CLIENTE, NOMBRE, DIRECCION, CORREO_ELECTRONICO) VALUES (86, 'OI2025E1IMQS3I3HMRMB2YI N61YLS2615VQFYDRX5B83F9T3W', '3YYU38MRLPIB5TQEHH1YUPD17CM2P0IAHELQ1J2YP629H26BQL', 'DA0DTOLNA2DT8L7L8I4C0RTQJ62KC3PYF3HW69KXKGKY5FLWBAOLWC99C944JCH452B7HL');

INSERT INTO CLIENTE (ID_CLIENTE, NOMBRE, DIRECCION, CORREO_ELECTRONICO) VALUES (75, 'R WKRGYD0HLJWQA17WG1DG4VBH1Q1O8N1X5KP6NAGGG38QU4P1', 'UASJQBCJJQX1FTXPAA8290MWL7WGCYNVVIT9NUTTG9IXPO82Y3', '5S L52DUSS4 0 MJJXGVHJSX6E8BKLTPPCUWWSG6OCABWIBV2034O7PU819UN1FMLXOR60');

INSERT INTO CLIENTE (ID_CLIENTE, NOMBRE, DIRECCION, CORREO_ELECTRONICO) VALUES (27, 'JNSU1FVMQXSPU638T4I0Y9C22ON79J619IO9FV5K4BF919MR85', 'Y12R7MPAETOAXQ1T93B95OSH YW U5QHU5RXKSO8EKQ17R97GB', 'WOQP2KY84386VMCK33WQXU8TYTCFGQ2ID9WH8GP50P41 L4CR7OX8G1B45FT8HTP5Y7 S ');

INSERT INTO CLIENTE (ID_CLIENTE, NOMBRE, DIRECCION, CORREO_ELECTRONICO) VALUES (63, 'KY9G8  T2UI46VO2PL4XAO4R RQXEGP8BQRWD0JIY8HEA5Y66S', 'WAXGXHAV1NSU96V7MJ6QS1UL93TGG0OY YKGB1A80N6A3Y5WEO', 'Q2S70MA2Y2FBWDSW8EYUJA4OXRG76LU39VPGMY9LBFVNO3S 7R9FKQJ4 6X13U1OOPA2N1');

INSERT INTO CLIENTE (ID_CLIENTE, NOMBRE, DIRECCION, CORREO_ELECTRONICO) VALUES (11, '7XABDMAD5UV0F278NLRJV6DHKB5X1KRH566IV6 VPTV7E7407D', 'YS6GS CIBCLT3W0R C4PMUJFYRGT2VL1RKHTJ2HRC D1QNO5YM', '2H7P6H1EDVO3FHOQYK2Y40OMGLYT5WYLKROG2WG6NJ63ARC61L8CC0WX89IGXG2DYOKTYC');

INSERT INTO CLIENTE (ID_CLIENTE, NOMBRE, DIRECCION, CORREO_ELECTRONICO) VALUES (14, 'NTMNX73C1CIEKP2H4F7SWHYMT3G5XSKL691QJ394STIOEMU3Y0', '7DTWFXBPB 4GL2LWHYBXUXQM25EL 8E90 9NM139WGOBJIL20O', 'I0024YJ1KP7LG47DTQ72U1WJ1TFRLT5P0XJPAMCANJTSW9NY7J9RUFXB837S8BSFPA4RRQ');

INSERT INTO CLIENTE (ID_CLIENTE, NOMBRE, DIRECCION, CORREO_ELECTRONICO) VALUES (82, 'K224KPSW8S4WWKXEE4VGP0 C04LIYAY39PU53PHY37DGQ8NT8D', 'YIMUTYCQO0XSFWYPRWURSA7Y89LEBEDKCS46FE05DP3H3L70FB', 'LMAFE5RAVE978FEJQB73EFQQ57XT9OQWYPRNUNUM0W14CNWKK6MECCI5ODSWAPRWPANUDJ');

INSERT INTO CLIENTE (ID_CLIENTE, NOMBRE, DIRECCION, CORREO_ELECTRONICO) VALUES (24, ' T0 785BN364I7R99IU38 YFIGRXPBFJKHTSEC9UHDI7PF9B7F', 'K36SWIK48EENJ1ONWRY9MVOW0H0A QH1QVNHF4I8QDLFG2PYAK', 'R77P5SY506H84 7PJ2C1SY43SW1GD6Q01086FSV689CB2DXW7U0DDAGGRI3JLP36364510');

INSERT INTO CLIENTE (ID_CLIENTE, NOMBRE, DIRECCION, CORREO_ELECTRONICO) VALUES (78, ' 4GI2GM8 J8F24Y RNYDGCXJESXF1W4J2GSYDIHX6630TR4P5X', 'YF425RDN95JBBR 8 LLPM06U6T30IFTJEKUAKXJRI3BS3A400X', 'DT7HIU7RU42VQ33ANESVULWE7AF9CVVJEGGGJ4YB86OXNLADJ6UPJ40SFG3LQ98AC8VD6E');

INSERT INTO CLIENTE (ID_CLIENTE, NOMBRE, DIRECCION, CORREO_ELECTRONICO) VALUES (10, '0WLDGIR09PX7OE0XSR JYC1N8HC FL6RVACFN9RY1IPIP9Y08S', 'XD NLXXF8BIERCWM0BQDTFV75VCMGD2S HKHQ50H6HHDKQ1 GK', 'IJPOED2X28JHAIN8UMXR3JTL880K2XKPLHJRNHF2HOLQQSELLNKXYQG7JCWD56P M RH7M');

INSERT INTO CLIENTE (ID_CLIENTE, NOMBRE, DIRECCION, CORREO_ELECTRONICO) VALUES (32, 'BB9WXKMKQHIL JQ040T4WS0CK6P0EF2PO CKG66DXWTJT XHGJ', 'P6DRQP4K4UW7KFHS6NMGAM9 3L T51 KFXF6M7M9PKX50PL61R', 'GFF242FX59H7TLOS 5WYGQ55I087P6OVLHJ1T8743SJ5NLO6BDQK0PEGW0VCNXW70O13 H');

INSERT INTO CLIENTE (ID_CLIENTE, NOMBRE, DIRECCION, CORREO_ELECTRONICO) VALUES (2, 'Y1KH57G17BRA990LYVFYFGX41BFHIFV0W5JKXLWAD86BG5GN24', 'DNFESP0USK0BCN6BEEVYH3AWB5L8GOAYTNLKVQAXD3TGVAIKW6', '2IM4ILCNB887N72WMS 5N91WRXBUTAHM01WQR935OJ7KOP7BKIDJHLRA1IRHVAN1WWT45W');

INSERT INTO CLIENTE (ID_CLIENTE, NOMBRE, DIRECCION, CORREO_ELECTRONICO) VALUES (25, 'XYY1A4B58DCXKWYFT07HD8S03UEEP23HQR2FJ1C1HHTJY9GRME', 'JCRAFDPS8THFTD6538KSI19P2NPOY 7S8CJI1AV0YP8WX6ID1N', '3FRX51NOSSGSFCKSQIOXXMG90PQ627VTF016XGFLNPHXR29HCC9F47GRAA1WOBGPHGALOV');

INSERT INTO CLIENTE (ID_CLIENTE, NOMBRE, DIRECCION, CORREO_ELECTRONICO) VALUES (95, '1W CBLGQY78KU4C08HTBHPQG0KOCM2G6UPY881OJB7 7 RGP3G', ' LGID2E27LA8LV0H801GCI0EQXO8OUJHA070IWTWFJ7GB7HX3M', 'U7LB6LUS00B0HHG85VPTR3GN7WGKTI52J QP9S NYSHX1SQLG3GCD80VKRXCVABBB UHHI');

INSERT INTO CLIENTE (ID_CLIENTE, NOMBRE, DIRECCION, CORREO_ELECTRONICO) VALUES (30, '3XWADSMERWUUHA78SETNKY7TFYWP3LFNHLJ20VR6W7IDXI93NB', 'V I7CIVP66 JD3I3PKPXV16R3QTWSSKP3R07M21HTPISM58QPA', 'S8V5QUMYN3O7DWNXR5A2J I4368V9A0BOTG3527Q1EH9KAB9TY2BBIWYOCX3N1I 5MD5P4');

INSERT INTO CLIENTE (ID_CLIENTE, NOMBRE, DIRECCION, CORREO_ELECTRONICO) VALUES (15, '5R4SXMV1YTJ25OB2GWE51OJSVCWRGNCA88CXV7MH3OE784GIBJ', ' LTBOOWQ4PALK0PXTVY6V2RR8BWX5PAAHP864HKLQJJCMDN4RF', 'WO9Q23X17 23MGSIWV6PKI5V0 58NNTQ14FJA 5IDKW832CO3 U4F1FAJQ8N1CVVIY1IDF');

INSERT INTO CLIENTE (ID_CLIENTE, NOMBRE, DIRECCION, CORREO_ELECTRONICO) VALUES (66, '6PV290H62C9IUI6GINA1I1AXSSXLYPCDX2X9J9N5LHRV75BD0E', 'IT306CWGDMXYTSHNEG753C8OD U75CN4WR1EQQ0TLBUH4RD 0I', 'HUBRR7XCY9WQN7OQYBHK2WEAMA95TR3ELD492OH4VX3UQVR5T1BWF9E06BASBPMSWTR488');

INSERT INTO CLIENTE (ID_CLIENTE, NOMBRE, DIRECCION, CORREO_ELECTRONICO) VALUES (59, '3DJM Y73O5GEVH7HGP5E3AFUAHT7S9TG783GHP0EDEVGNTYR5T', 'TNUSP5Q3FMU5FIG7U062F0ORK0KCXYXAPXE5NCUTGIX532REPD', '93MPLHVOI9F0XGXOINX7T92FEK7IX9PLQNG9 YXF8852MLJS76M6LW11WJYK H57KKXTPJ');

INSERT INTO CLIENTE (ID_CLIENTE, NOMBRE, DIRECCION, CORREO_ELECTRONICO) VALUES (9, '30J NPCTRVQN7DNVFEYBL3KH031AADX74BO5XIIDP8NK63DA 9', 'DSERAB75RTRHS7748BHWYCFID5DXHNYBTI57SGLJUCV6FSEUK2', '9V49YM32JMV2A475SXY8UG948Y5M5PQYC26Y69M6TF6J6G9J1SJUGKVSV 8 N5CGAHEDGP');

INSERT INTO CLIENTE (ID_CLIENTE, NOMBRE, DIRECCION, CORREO_ELECTRONICO) VALUES (45, 'EJS5Y BDGPA00MCWISYSW CHQ5 IICV3QS96QOHFL5H9PEJUHR', 'IXGHCSMQ6DM5NJ7KV7FR3EB1 N19PN3A2LF12TFAL78WS0WWVG', 'U0FTS2UXAFG78 BCE39Y0O1QT8O41Q87 RH Q6FTKY5OLXRTDJF3XGAS6AUI0L57KX07HR');

INSERT INTO CLIENTE (ID_CLIENTE, NOMBRE, DIRECCION, CORREO_ELECTRONICO) VALUES (51, 'GRRI1PE8L8JI795UP7V E05VP81 DEKX 4B4 V3JFK62O4EQ03', 'IXKLHTFYXWBT7YT6K4HFVBN4CDU6V0Y88BQ4VJKBNDWW8SOBVX', 'JLJY7SH3TDQOGWKRRT3PBXA MV1IDYYR0NTWH9KO7A6HA9BANYWMSIFD5MHH13C4SD3TYN');

INSERT INTO CLIENTE (ID_CLIENTE, NOMBRE, DIRECCION, CORREO_ELECTRONICO) VALUES (61, ' CX33Y1JC6JCS2E8902PJ5X7N8GWA6MXQNE6XISMIKGRAJFE37', 'YKA CDRM GEH4H0FN5052RN6CK1VLNW00PNUUUPYDRWFSXFNH0', '2HR1E3DEJNODQQ3PFLJP8NXKUNR26EVV97QIIF1FMOVHN9JLMF20QTORSJHF64PEFX3L2O');

INSERT INTO CLIENTE (ID_CLIENTE, NOMBRE, DIRECCION, CORREO_ELECTRONICO) VALUES (98, 'KQ5EMJ7D8YKARE2OQU672Q7KSUNYDLN2U4MYJE9JMLH 0 VE5D', '3FG9KO4CBXIHVBCF55LUR1IPSMQNJSSQJWG9UEH9MGLCTASN2D', 'WPRM3HAPYHSCI945F CYVTFOXCXSFIEP8ESXX51NTEPAQPIW0 9437GLFQHOSTFF8EBTTF');

INSERT INTO CLIENTE (ID_CLIENTE, NOMBRE, DIRECCION, CORREO_ELECTRONICO) VALUES (29, 'SCD2Q1Y2Y1EIOHGGVOUPGQ9KUXWXEC7M6ID1I3UXSFPD0YQTGO', 'T7 6IQI17DTE3WCLDXVVX K7VMLNGK9NFX5VV1Q6KAUGP3MN8F', 'H6FCEAK GHYBAREAW HUR5OKWUW9MXPDYWO7WL3VY7J79D9KXU64XV5KF295EOYFHGNML ');

INSERT INTO CLIENTE (ID_CLIENTE, NOMBRE, DIRECCION, CORREO_ELECTRONICO) VALUES (56, 'FQTUWAHHJ0I4I619TRLE35Y081902W62U2VX2BQMJX5 9T0WTQ', ' Q1QA8YOQTHHNG KU0RSTA9OBEMOACQ4K7FGMH3MJ6FAYXQU09', '2D4APUT8B0HURS FBI6ALAHGB0WEWB3Q5IDQ0D9B252S5NWQCJ0Q82D GI3O2VYMMO90YB');

INSERT INTO CLIENTE (ID_CLIENTE, NOMBRE, DIRECCION, CORREO_ELECTRONICO) VALUES (76, 'CS 50V10LOU 0LTV7KDQ 53TTXENJ03PMLQ0NBYE2O2E73DW1X', '4J8V0N9DXA736Q74GANBOQFLEGEU3QP P53ARG6TQA7OQLDH3A', '7LSUILASNJJN2 FCH0W9LH5P8XS X51KEM6Y1 M07YN74N0RVO9RQFPC3RQGLQY38DXYGP');

INSERT INTO CLIENTE (ID_CLIENTE, NOMBRE, DIRECCION, CORREO_ELECTRONICO) VALUES (22, '55NH3 OR9LCSD0VW8KBSHWEB110EMC2FV0M0L34A XLIWTOH8U', 'YQLV9CTKO4Y0J7SLANUOQWY8ECQ2S9CXSJT327QAA334HG96XO', '5WUJFTLJYLN4YN8AUEYWK69 RW4HA74V24BHLGJBG1Y6WAK  4D11347CCRTPAHIBNCD9B');

INSERT INTO CLIENTE (ID_CLIENTE, NOMBRE, DIRECCION, CORREO_ELECTRONICO) VALUES (31, '7AMO9OP421K8CXNF1GWOX55K89FW  F81G8DSTCMI3JW3GM0O2', 'M   T08M JRC159UDWPN2JOGKPSKESUQM2KUPVMS2Q2D1XN0C0', '5VMBLJVQEFLP8HGHLK7IO30HV08IXHN1F0 QLI H06OU6Q6669V7TX8GIRNPPYURSWE9UE');

INSERT INTO CLIENTE (ID_CLIENTE, NOMBRE, DIRECCION, CORREO_ELECTRONICO) VALUES (64, 'V8VEUCQ24OU0C YWBV82F3AFNAUA6X1HDJ3R6 RM5F0TR52H6D', 'WFV606Y7584RV220RG4Y4L1OOSNB60179YY5F 8XQ4X7CSCJ9J', '5O995TC6RGAFFPUHRK4CJI7QVUODL6BR0S02I1UL2C7BJXBDYS53BD8HKX7IKTUQO2B7UU');

INSERT INTO CLIENTE (ID_CLIENTE, NOMBRE, DIRECCION, CORREO_ELECTRONICO) VALUES (47, 'TPCMN7WMEUNRTUUGXXCEWQF0U65V51NGLRLETWYTKUCTWUXD5W', 'TU 5HRL4DXI7X48TQNBMUYJ4E F2GT8U8H7NFFNOBYTR459I27', '028S V W VJG3J6LKW47PQDVI36O5S2O77YF9O478FNLQJ9F9VF3HKIDIFV1MHW9B3ARCO');

INSERT INTO CLIENTE (ID_CLIENTE, NOMBRE, DIRECCION, CORREO_ELECTRONICO) VALUES (65, 'DP0H TXL BYWK671QIJM URN63IDR6W9TNFPQMWPT0BNVJK9G5', 'HJ6X4IRT8G0TFGR4B4OANFB3JCTD75O5IUS15E6PN4GOAW37JI', '9K MKOE49C7S17JOL9A1TXGNAJ0DB8WVMYK9PX08UYOIG4EQF2N8E9P1DC9BHE6AN7QK7V');

INSERT INTO CLIENTE (ID_CLIENTE, NOMBRE, DIRECCION, CORREO_ELECTRONICO) VALUES (68, 'R78WNCUQR5LJVFKT BYJ8B9 6VFX9Y571NNY5ERIV PH1NNV9 ', 'O291SMROFQ9SR7L75863CIANHMLGOT2IFSO30BM 887VKQN0GH', 'WPMO6JUYRBPE 8Q HQVC4AANLDCU4NNCVGBSUQ OXFDY ICR96NKBLE956MXP5O6PXPLP8');

INSERT INTO CLIENTE (ID_CLIENTE, NOMBRE, DIRECCION, CORREO_ELECTRONICO) VALUES (21, 'NWOMFTETJ99AGS1M6RTHQK3TTNBDH9B6TTJOITHBNGGHIRQ ST', '8 LNAEYA24CBWDKOGGWACAFV74H3HAD4RUYN34CM7C31H3JQHR', 'VO3JLIW6RL3RP X64OAPK91QAOEPBJ0IU22Q0VS3 VJRD9J3BCFN8LQY7USTOXJ0LB75GC');

INSERT INTO CLIENTE (ID_CLIENTE, NOMBRE, DIRECCION, CORREO_ELECTRONICO) VALUES (71, 'P0S5L6WLYETYJ5SIIV BMD48E2FDICWMO1H7F1M86LABX9GHS8', 'X RV572GEI9PHL6SGGTTDR7M6LEC3D2TJJTTNRYRP1QDAAOHSH', '7DCDY9RROL11B9A7PAEQ4W3YJT3U1YPUA0CMJ0J VKGFXJ STKS52H0YYEMSLEB81DHP3R');

INSERT INTO CLIENTE (ID_CLIENTE, NOMBRE, DIRECCION, CORREO_ELECTRONICO) VALUES (87, '6BBYRQ3GO84 EHMAXV7T31X4YM23S4LIW 03EJCK 7UWNB7Q0T', 'MQ1VTI81QHN51LCX7PIPA77YH9SYNFA25QQM0D 32K8LO6DBLU', 'GLAF830CYYD4F0W5K305TGE0RG4U69UOSRXJ XH5QP717EQ3RAOESJL0VHOCA51X5VYKSG');

INSERT INTO CLIENTE (ID_CLIENTE, NOMBRE, DIRECCION, CORREO_ELECTRONICO) VALUES (23, 'LSH4PP6O4I2IX39M8O1PYB4 T4O079N548R46JONDD8GJ JABW', 'V7NW4LJ9MGGQCAEVOMGO6YRLQLO6C66PSFT3PG2K042YU 6O7N', '8H861GTTLT56 U5KIUU2W K 1QE1GM9YMM5UCVSFSSAIERKE4QHTRP14KA3CWXP4RFHIX7');

INSERT INTO CLIENTE (ID_CLIENTE, NOMBRE, DIRECCION, CORREO_ELECTRONICO) VALUES (7, 'FM3NF XGQHY5JCPCW37EI8RR BVRKEMSPPJ2WD6GT7R7SGPYJV', 'APUC03  YDMRWCV9D3HDWD 90DVP6P1JCO0WP32FNVRJOUE3QJ', 'WHN JUEAT9M2RJW4NGBVOBHHA1L25JMAD8RRT934IG34OANX7R5GN9U70BK1NN 44VREEU');

INSERT INTO CLIENTE (ID_CLIENTE, NOMBRE, DIRECCION, CORREO_ELECTRONICO) VALUES (88, '8FJ2W5XHNBPV13GI K85GI AG8NA3R5IYHXJ99BXSAQV6I5GFK', 'F4E60577ECVKS4OLM4KND7VUMW1MEN08X18ROVOFSTU34ONS30', 'EKK7AURSNE9693OSVGQVMKXSDO3GX8BN1TQ0PNF47XHCN6NCH7KVL8J9U7F2W57VE V7JL');

INSERT INTO CLIENTE (ID_CLIENTE, NOMBRE, DIRECCION, CORREO_ELECTRONICO) VALUES (16, 'WRROT4NTUBYPPAQ4N0Y3XDAW54IHX IDV9SASB4JU9JJH0ADIE', 'O V8IISQ2X6RULVQO569H8US5NI5YB TB2XJQSRL5P4CM3 B7R', 'FKW1QV1PV4XBG7MN0PVYIATK JO112J5FK6JN3FP236NK13F H73AH6D2K6X6FQJGC0B L');

INSERT INTO CLIENTE (ID_CLIENTE, NOMBRE, DIRECCION, CORREO_ELECTRONICO) VALUES (72, 'N2AK662KOXRJN9ENR7DNO VYI5I0HR37O4FLH3HC19YN1DE0VF', 'BM99TGMR3 NI5554OVT6IEC3R68VKPS44BGCQLQ2BFQQH5ETKX', '95KHX70T7SUK5MSYON4459LINKS8NDJ C5JMP2CNW1 QY E96UGOXO1W8ABBJ0LGLCIT4I');

INSERT INTO CLIENTE (ID_CLIENTE, NOMBRE, DIRECCION, CORREO_ELECTRONICO) VALUES (12, 'BWA2MCYB04OD1 GMXIBA1QDFI8 M1VD91CST6SRV7AVGYF2OJP', '2CH1Y P8CQF8L03PE7JFAIL 2YEU8HU85A2S7AO6VXG7GPFNFY', 'QVAQQRO0JHTRMH0DGWS4AEOL2M82BRLQ8F1P2NCLOD7VW R0KUDARLVI7FOXVKMWTXCNI1');

INSERT INTO CLIENTE (ID_CLIENTE, NOMBRE, DIRECCION, CORREO_ELECTRONICO) VALUES (0, '3D674AJN3U0IPOH4M2BB9HNTV2WN7A0CAVT8F DG3PL3O81O4P', 'U65RLAUC1T59Y0T9 043 SCQB5XR7595FVI9MWSK4QXLKSK7MI', 'ADN35LI8APY9B7816H41FQSFUPV9HGNSO2T4XWED QOJ23OII5U8TPDD5Q1DNH0RHDOASA');

INSERT INTO CLIENTE (ID_CLIENTE, NOMBRE, DIRECCION, CORREO_ELECTRONICO) VALUES (84, '32SLGA90 AT17AQ80TF2QOGYJV8H9ULB G310I29TMT9HA98B0', 'GWFY13GPLH2H69T18BW8VJXI HVLYDW1U7T03J 7W9RLPAJ74L', '7XXAU7R RO5EIMSVISXY3 7N5SC1 K6QUEW2YJVFDUJENUDKAUAWB59ODJRL0HRNEDRLX4');

INSERT INTO CLIENTE (ID_CLIENTE, NOMBRE, DIRECCION, CORREO_ELECTRONICO) VALUES (55, 'L61I R5HBVWYMSXJ1NM7J6DDR13JJMIK2W4ILHDV8D2VQTV1US', 'DKSI3F64OMSKQG PI683CLUBB4SJNAAG0FVJ271NEBUXBENJY1', 'GQ4QS1IP7WIUWKAKSUBJUY6RWG436GAK5RM98WDO95HMGWRUC1UWQ8HHJSVQRGC4CGX1LW');

INSERT INTO CLIENTE (ID_CLIENTE, NOMBRE, DIRECCION, CORREO_ELECTRONICO) VALUES (97, 'QK1WDISTJU166PHYJH9RVOW2YDCII1ERRH7NV4CDTS0BQN9PG5', 'J7E4VSJU RQYY5URR3U9FMNYO5RP6FV69RGY WAEI 6P5VEGW7', '22JDGCXI2G FGRRYTOBVGTDFYBKXKSRUPX9CHKWR319KS7Q01JB9HI7WL6MV92XJX1BGW4');

INSERT INTO PEDIDO (ID_PEDIDO, ID_CLIENTE, FECHA_PEDIDO, PRODUCTOS) VALUES (28, 88, '695-8-3 4:32:16', '0OTR7VX  CJ27KQI60CMBQE21FYPX531DEXQ1PP0 OJNOUHU26NS44RSV4802C0EO63OA7WGKMJ2944HK35C S KMJ7LYFIT47XR PMHPWBFTWTIXLO2QFX58AAT8ILDIB44SF4675O3EC9OKTPNFB1X6FNDIWUY38C IOQWYMRHFWM3JJC9X3QX96EV14WT7KJC00BN0A2M7CR OD183SRNX0UXWGRUKV5UNAYK7XS9TQY41Q33X9LSJ5UM2W8');

INSERT INTO PEDIDO (ID_PEDIDO, ID_CLIENTE, FECHA_PEDIDO, PRODUCTOS) VALUES (4, 24, '1816-4-19 12:1:33', 'TUHS5QUNFY14592GIC6L8OPXL58K0P6NQDWR7WN11YKIXAI7EG9G3JNHIUB9KM3IJ 26N KBCGE309MJV1GQ7HD557K3C9490UY028AA0DA7RDL15DMN57M20WQLOPPMPSLB0X7RWVNQ390W6I5H21J7GDPQE8R1EIPFI6PR7OSTSPGKHCJV2AOWQKJYLVXSY8A8 WY5CDNTQH7KMPQGSUDFIQLRN5ASH6YVBS95QTAQOOF8T8SX7IMAT2SS49C');

INSERT INTO PEDIDO (ID_PEDIDO, ID_CLIENTE, FECHA_PEDIDO, PRODUCTOS) VALUES (61, 45, '395-9-9 2:37:25', '55RJ3M6H6MMVW0TNWN4O5HF6TNPBU1DVQT9M0BMET1K8I5T8A5BNSVXEGN8IX10D9R95E4PWWBQ 0JBF4XLCGV LLI4025PE0N0NAINJJKGNG8D5ATEYUFNKR4D0O1AOGDX76L57CKSJ9OER3Q0P680QMSD1P7WTRCUAOIB32SDP8IKPSH8T55PVNWWD7ALYWW4E82VXW1121EO9P4FNGW3VW026DDM99W O6226LB9N6LIM815FJCQ7RMNDVI6');

INSERT INTO PEDIDO (ID_PEDIDO, ID_CLIENTE, FECHA_PEDIDO, PRODUCTOS) VALUES (74, 79, '1535-6-21 10:22:38', '96RDLIJD635KFJHEITC7KHKO6FVUTXXBTTWWMY IPO31BH0CJG7K69VVMC14YFCQUT4OEJ95A06F8BAX0RM1X6XDPKK8IOF L 4R3V91WA1U GVLWN8TPOGDHJLB6DO1ONA42GB6OI10TQGB462MOSQICHVQV4B7Y SL5LQMC 85YW2EUWK9DX03P HRV4VTOX13BEVLHO7IY4C0P670DQJTYJBKILS5T1K930KW06XB G2UA32JOFH0JM1 K8J');

INSERT INTO PEDIDO (ID_PEDIDO, ID_CLIENTE, FECHA_PEDIDO, PRODUCTOS) VALUES (37, 78, '1631-7-30 10:53:13', 'B9P5EEO9W0F9YPX HWF4AC7UNJ4RIUH8CSGIY08TC314J4IKI98TICTR5EDNPKTAN70PFOLPKW798SSS0OM93Q73W95MCESL9DC22RCCEGFUXOVVIRALDP3LVAY5VE8UP4274 LVA6X4NXDCP5TA4V389WH9WB6W3PWWF6EL14DDDXDQ8BAGP KPRRNUCID5RTQTBLBCYGNO65219D2BVHHJWWUSAWH86LVK5YAW4RLOPV0EMKS1YNYY XNI71N');

INSERT INTO PEDIDO (ID_PEDIDO, ID_CLIENTE, FECHA_PEDIDO, PRODUCTOS) VALUES (25, 4, '22-9-28 0:12:36', 'MU80S2TBCEDQ1CFJ68 PT8M3DIIT 4LMYC2OTTL5VV750 59INAF012GVH7SR RKS91DG V374S685PK96JH7YYLIO05QKG3HGTAXJ4N6ORPS J1NU4C41 0XVYDWF9BP7HEPO97XUC00OP HQ2L NRG93H9V8VUQDXIR6WX67YUUPCU7W1AHJVFNQURR0XQ3EMLBLCGB4JEQXTRH2K8C1YPIX7OIRKEIAPXYIOMON0LUD31DEC9WROMDAFIXNN');

INSERT INTO PEDIDO (ID_PEDIDO, ID_CLIENTE, FECHA_PEDIDO, PRODUCTOS) VALUES (20, 36, '465-1-18 3:5:5', '7GPEFF APD8SFWXSWDJ7VGV8I5V8EW828OPMGWCJ8CETEL9PAIR5Y973ICPCWJCYS58M8AU3SL11SHM2GC0AB5TGO PTMQ9SPW910KMIFGWLJD9TK117R9UUWFQI BYTV49FTM5TV15SCS0XD54HN0373Y 61DL225JQRP FQUL74F1 1Q3T2KEYN7EF3 8DYWHVKBEI6OM133CMP5NL89XXVIMJO5ONRWWOOLUNQ9B43IM 6J9FH6OA0B5JO4Y');

INSERT INTO PEDIDO (ID_PEDIDO, ID_CLIENTE, FECHA_PEDIDO, PRODUCTOS) VALUES (46, 62, '1848-2-27 12:19:15', 'F17RGL85963EAFS3U8YH8HQFA4Q70 3BC4UW8NJ4FY9155FGVVBJFQDM54EPW20GJTNBPR21YK0A5KBUAR2 77QQT8OXO50B QPQXFKJBSJXXS0VER5TEPMTMOS CIPY5VEAPQTDBEKA6YUUS8LIVD 9P7GERO4Q4HD5HUAN87DUTUQLIDQHSAQPMSXFJC3G9SQNG9TOKUIYV0B8CM4PK CDJJ32IF7M6WL8N2V MHTRYK3RM2WVIX4QQH4WU6B');

INSERT INTO PEDIDO (ID_PEDIDO, ID_CLIENTE, FECHA_PEDIDO, PRODUCTOS) VALUES (81, 2, '1838-5-1 12:7:0', 'XNTRIAS1K1MHUQP8VA6QBGH0UGRBER D9TYOL96UM 5TD4Q2PF5CUGMWDVI65JGD 1DRFBLDL15 XMWADCVTL3K8309T7V24N3UGN7W18BSCU4UO95ILMOK4A7U8U5 PXY8G9B8KN NO29L2ESGHS0XLD8FN6EGV 5ADS2 WMBFP12BH3YN6QHUQEYX3 4FERH YFUH9MQXAT TU86NG2AFAOEHU0LVF4RCCCRCOSI UH2J16EPKRK1AAGJLA44');

INSERT INTO PEDIDO (ID_PEDIDO, ID_CLIENTE, FECHA_PEDIDO, PRODUCTOS) VALUES (6, 52, '1032-3-17 6:29:37', 'SGQLOV8LWDL0WT6XQ1AM0GULRRJS3W6H2BU Y3 1QBTCPK3U6DFNAA02XXCGADRM1 TLCQQRNHVJCIKUPJIX9JVDBE3UM67WXW5 8WXI5W3CPBHRU9EJIQL9KTRX334J7GD28Q2E 4IYRQFYU4TMULP9HQVNNH50NNO1GGQKPGUJ22HQW6YQS49F001Y8WEI6L76NWCJQDX7WPV8HNSAPBF3YXWDJK 7FKMTAKASE4TI3OGJB HY202UQ8LLISE');

INSERT INTO PEDIDO (ID_PEDIDO, ID_CLIENTE, FECHA_PEDIDO, PRODUCTOS) VALUES (68, 32, '1434-3-16 9:39:30', '4CWJNEGHJK9TS5EWPTR01Y TSD0VS070I0XEGIR2R52U86P2L9SGGXBD T6I3J5AMB95XLFGSH1CVBER4YEH4HD475B58JQCP56QD7P70FKNFBO3VMRCKOEXEF5V2APWEVG38PKT3HVKSP9HXH6RGF292K2KTX8SNX3QVXK8B BB7CKB7D1AWY48MNTF5RQG5NQ2P5EP92FFV5POR7D79XQVN49PXFE9CQKOQD KHIHLQ6QWVFK5URIG6XOFJ6I');

INSERT INTO PEDIDO (ID_PEDIDO, ID_CLIENTE, FECHA_PEDIDO, PRODUCTOS) VALUES (87, 40, '1387-5-7 9:16:49', 'BRYKMVUC5VQBMOXOT9DB6UJ2OX79YJ84IY2MC0VFQXUJSY76GV0CGAAFY4O1IYTBGO20BQTY443IMSRPEO1B 8P4UYNT84R8B6932FO0WCQFD MQ0APKK1K4Q4ML GXP6NNNOH04M5FEPSW 35BFH4AP8CNWSQCS BL25ONDS2SE6NVBCQ43TB3GIU60FVU3V6982DRMEN5H1XLPFJ9C65ETOFIOSLPSMH 5I7H8JFTX4KQ98CMNBSEMEQ2H589');

INSERT INTO PEDIDO (ID_PEDIDO, ID_CLIENTE, FECHA_PEDIDO, PRODUCTOS) VALUES (53, 46, '1921-8-25 12:40:51', '0FK9O 2R8PLCI5AT8Y9 PCT RNGM8TSFRXW8TPNICIXQIS JNXFQPOT0T18NDBRX1YXPSBS2TDWOXJD55U89V63U1BQ7GMAOKUXOEAXO4W066PI0KEAC4BM8ODNTWDJ848KHPNLTUJEKN0L1PYG4REL2 UO632NMYNJB5OFFWIPUAPAE8CTLJ633SXPTBWAINHGTKKV3USD824RVC996PHI0Y2BGX461WJLAK8N3GOKGHVNJWPRCR9KW9 64FJI');

INSERT INTO PEDIDO (ID_PEDIDO, ID_CLIENTE, FECHA_PEDIDO, PRODUCTOS) VALUES (12, 57, '1870-5-18 12:26:14', 'PDA52FOJLC7CPIRAANRF689DPR6AV3PLXQX0FT6EV1GH1XPTKX1R 1ITT45HU0PJ3HK31GU92YQ9XI FQYW0SOAK1A95WT3Y7RWS67G3I455S YXPN6 3BV7XWH2CVQP5EHYYNKCAHIJXKV8TK9EW19DYLXJX4W2PPY5262QOGY2S7IPK8UVLYBMD89  87MSDOOH9FJH0PRDHWY99DA6590BLII0YAVLJ12J1KY9S86HG7JGKPVYKECVLNXTND');

INSERT INTO PEDIDO (ID_PEDIDO, ID_CLIENTE, FECHA_PEDIDO, PRODUCTOS) VALUES (32, 24, '669-2-13 4:26:1', '2ETBMQJK0UDBJWMFENHNMSYHIHA5D65NHIB6CPKL0RHSWNSR6QAI5LCS87L8V1VAMUF37UQ7N1PMQSE3TEIN9BJHI2173B90SCI38VEUGX TYR6I08RHU9WQPKHSDW90J8HXPC63GGIFMY924TT20APHVEWL F580M1I135TD99LTS2A684IBKRY1K04LAJN5GMQ9YKTFGJNWJBMP6I6KMFRYEYMRCRCA87HWHBU5WHDL6OBD4PWLFC 3VGRTKJ');

INSERT INTO PEDIDO (ID_PEDIDO, ID_CLIENTE, FECHA_PEDIDO, PRODUCTOS) VALUES (54, 8, '626-12-9 4:9:30', 'QRBWDPQU4S8W0PVUC2PHTQWDNYAUW9JXHN2DOR1008P5FCIH3D3JLY71BVSGGIWOHJI0DBNN7GADHULL762DPR8LEOS 39JM7I31BP7FKXOYAALF8LCT17L59 MYGBROBKBUJ5ICNR645JVA1L19C148 6F9AKHTBN6BB435 G8B1C5M296L0U0FLWPYU48Q8Y0TRDKUBCWV66ENH8SY899IP5XAYD6R2J48IK1 AL5S9BGAU5R9BGGT3FWPD54');

INSERT INTO PEDIDO (ID_PEDIDO, ID_CLIENTE, FECHA_PEDIDO, PRODUCTOS) VALUES (18, 72, '111-5-16 0:45:16', 'KTE9VWRKMN1IQCL4MBVG1WJRHB81LYHO8BLXJLWAQLKNAM74CT71C82RH07UPR01EAS9O7BJFBQ1I747TBK1TX0GDW38A2LMDNK 0TID14YS2SMBH1SXSSSXTR7C79VJ6VWY8X1QH9RIOA RDSDQPRED20ATN 2H8SIPI13WBBXXXRQDVDAJJQSFI2NDGUMQANQFWW9GLLPQ6RTQ108UVCCFTCHBRDMEAPT59QEP62M9YVN A9PK5FQFLEJFP42');

INSERT INTO PEDIDO (ID_PEDIDO, ID_CLIENTE, FECHA_PEDIDO, PRODUCTOS) VALUES (99, 63, '737-3-10 4:54:34', 'HFYVIDSH3M0KSD9CDPJXLYRDK98V9 BUBBYJ9RJ86OAV6MVT8DK2KSX2HX12J9ENXI83BEKXW6538P92JXR2OT6RFDHFXX EBH3FT47Q3QTKTEIA5WPAQJ 4QICPW4RUATVV6VJE1U09XFCR41YHM3DV185 885BG01LGW6R57YV P20RBUFOKK DVS0T5ULGKDN15 INQS03 CSV1K0TVVH733QP5USV 0H8S77O35VGGFQQPUBPA OGVD A 9');

INSERT INTO PEDIDO (ID_PEDIDO, ID_CLIENTE, FECHA_PEDIDO, PRODUCTOS) VALUES (33, 33, '762-11-29 4:59:11', '4WDKVDF1K8TRS3A28B0G98GUNQ12JHSCCK38G4XJA916AGAR5MI7DBY4IR3LMICW7XHC43VKE7 6BEYPAHX5WEWUWTJ 92U59749Q7E32S2YH9WDA6XCGPG5IYMXIT0HPRKW61TVKIHI85MCDN37GH9WEX7G6W3E Y IA0QG08M22HM2XVF64QP34364XP0N9006NLH8H6C2XN8CUNXIQ1C9M09FJA2IUWW7K8XXEM1MVL27H7CVP8203OYR1QI');

INSERT INTO PEDIDO (ID_PEDIDO, ID_CLIENTE, FECHA_PEDIDO, PRODUCTOS) VALUES (3, 52, '1123-3-9 7:7:12', 'FCSBDI63Q7JK7FKQG4PU8689GEDW6N9SQT8HB60JIW3QVO B1QRC2QIRIJ6 UA8GRQSNPT4N4 OD1N6LDNSLUMYY2P14FKX5J9BBP8KWLV3BP6WYHTSA37GYVMNJGSFRBNAR9BRGE7N3NCYGN1H4BLIHYSXLYKCJFGRSXNDAI4NPGC6MRVC6PEVRMWAGJRC5YELWAUNY1H8QKWD69YSPVRBKIW0HQ0H2SQS40MU4BIWYK3LD2J2NPJUVBRI4RKH');

INSERT INTO PEDIDO (ID_PEDIDO, ID_CLIENTE, FECHA_PEDIDO, PRODUCTOS) VALUES (16, 52, '82-4-20 0:35:58', '24HNHMLV56XR5DAGXSPOQSFNSC1Q LXJVC4OFBHN97HLBUXM2AHW42 FXQLWLT21AM12CFV2CPU55X1PQL1MWRJWY4GMW81LCREA4AHKILYFRFSY0PA85UCK6875UYBQPFWW3R35PGE7MR8SRNPF24SX4RP4XDWOHKRJDI0RVVMV1D KYGUX0BKSRSD2RI1AR0FP6BW4JC87CWHHNDDNN53LUVCR0I5K1IKJTJ4OBER9VHGIRIURDJRGQ907BT ');

INSERT INTO PEDIDO (ID_PEDIDO, ID_CLIENTE, FECHA_PEDIDO, PRODUCTOS) VALUES (82, 81, '47-8-22 0:20:52', '948TBB QSL7F3HBDIBNQAMGIAWL6WJ8PGMPLEPF94BOWXX9JTB101SWKC10RSB AJNB2UMGD85YYXYVA22G612UN6OJLNFBCNRARNDJK77 LG0U9YWF6GDG8DTULAHW1U4QYXVDA6SF3C6HJWTR3RSR1LE50HPSFHWY PVMOQ5OC2UMPQXD33Q3QNQI89 U70B5LTU4OL9JKFF6UQY IA6LDS944OA6ISF427BVLW 13TKSHCLOXWXW4OU19VW0');

INSERT INTO PEDIDO (ID_PEDIDO, ID_CLIENTE, FECHA_PEDIDO, PRODUCTOS) VALUES (48, 45, '1484-12-11 10:1:43', 'DSPAFE221YTVKEB9VX4LTCGBREDBB2UQND3W BWYHJSUNTHO5T8XA5QEJI0DP7U2 VXW7N8U6GC6645QYUP15WNBCV0K2S6X0CVG0RVGWAA3J6JJ8BU805O KKXPGVK91I9WGOQOS2WDXRRG2MU B P QR8CTIHDEAIMFAINUJRD18YCF6L6AGRV15GLIH LGYCS8G27PK OY0WD5PCGOO50UHVWK8YO8Q1M6E0K5KP9C1P0USTL9LVYMFNK4GP');

INSERT INTO PEDIDO (ID_PEDIDO, ID_CLIENTE, FECHA_PEDIDO, PRODUCTOS) VALUES (70, 56, '214-9-30 1:23:37', 'I2B3UIEHXQ9OLW4Y T8I681LCJKM9UY6KJEXFB3MKGLK 67B6IF1NSH 56ORFGYO1K1K8GP0LQM7KBRO6OFNR0D5Y17CHU6FCGD2GFJ9R4OQ12FOK4WEJF31HU8PC47OSGYHKJ9QHY3JM1SULW0K96A5LQM KLK78PTKHM0OIIGLPODTURQV8LMYAJ551 TI91CV5XT9BQIFAP45Q60F OPJG3NAJDXWWX80R273JF6 ETWAD8J R305OXSPLLX');

INSERT INTO PEDIDO (ID_PEDIDO, ID_CLIENTE, FECHA_PEDIDO, PRODUCTOS) VALUES (76, 90, '935-9-24 5:55:28', '9DIB35L8TMY6TA777XQHSQQPDXGSDFA783UYO8DFF1QTOA92W68TY5MC241KU3FJQRYWQUXN155OSN0BPCE6EYEDAVSE65689U4H18N4HTUBWNVU7TQ2TOEY1LOK6HERFOK7YY6E18U4QYDOTYEMYMDNNDU10P RINXQYN56NJ2LRPXYJ 465X6D6A WTA6IDCF XHT3EI2W2BBDPJVTKR6G9MP XQK1UB2L21ELES0ALM8XO77X8TNJ R56OXQ');

INSERT INTO PEDIDO (ID_PEDIDO, ID_CLIENTE, FECHA_PEDIDO, PRODUCTOS) VALUES (41, 27, '640-6-12 4:17:53', 'XLSL86MP8NF7FIQPK0N 77M91IGY8 GU0RCMX6G0LDR 1AJJCO117HQMG7J7OHC7YG7WFLDI1 HHUOLOKT BDM6UP8OODY2GLMKYV I2CB45EU4PDW2TSLMPCIH3CPSMI3HLO4FIP QYONHBVYV258OY3LDT86NKNIOK3XGETAPEI7J7B70GTK4MC0Y5V0WU7TIUIMFMPWFOR2B8G60N0I3MPQWS91BT9M4HW1XG27SHXQJTYTLFWOCKIPHVN9E');

INSERT INTO PEDIDO (ID_PEDIDO, ID_CLIENTE, FECHA_PEDIDO, PRODUCTOS) VALUES (84, 92, '1578-2-12 10:43:52', 'SK6J3WKO9NFQ9XP4TKS528QWA4MDXYYVEU0UHCEF3OLB9HQAQ4AFV8QCSWXCM2DT9FRW3QNSPWLPUB47I8AAXGRKAEQJXOCW09DUBDCB2DJ OKA44D4YQY29RPF073 CU1XB6IAFTK29F1ELTBSSA5EDM8FAD6LGLATG9AI8DH  ESLKU0IHSPB7E0NS 7 FR8E812RLQGQJR53DIR9OTPQIWDE03GU99EVXM1LL X4GTILMAC7CA1LGUD3PRKP');

INSERT INTO PEDIDO (ID_PEDIDO, ID_CLIENTE, FECHA_PEDIDO, PRODUCTOS) VALUES (64, 4, '561-6-12 3:36:47', 'IWW1U5GJ3FMF6RDEHMOV666X9RAVU3GAM898NRYC7FSH66P62B1ITUF3AL7AQ9027NH8CTL8KJCNCJHI44MEG 2AGYMRUYS3BVHXU899VCFMUEVTMXNI735XURJ6WIFR8TANRP5RFSH1BGNUDANI1EHF3DD VGAG7MO 24Y38QT87FQGPUN92507IK138GUUTMEGTYRVM9IWYSI7KC077RVG0BX0F0OIOU60IXCTG5FI7JLL3O8YPOBAVWS X82');

INSERT INTO PEDIDO (ID_PEDIDO, ID_CLIENTE, FECHA_PEDIDO, PRODUCTOS) VALUES (80, 80, '268-7-1 1:46:37', '5HBG9FLGOWTSH7IIIABB9KLVJ6EBW8OONSYPATAE7R7NY78HNFTMRNNS4HO4 05LL41QMOCE5Q4JKRFC6EFOC54S7TXHVURYEL3IJV78LKGNKN62X15ITDFGT02BC51CR2SMVUDUYHV005EGJQLUIA53FLG5LL 6N575D3S PR4U37KCF5LJYGIR26XVW9KP08VN4F380 JPCV74YT71RAN0E968AWQRR4 685 OJD7VPPTN0OVUU17X7T5X MD');

INSERT INTO PEDIDO (ID_PEDIDO, ID_CLIENTE, FECHA_PEDIDO, PRODUCTOS) VALUES (78, 81, '1111-11-21 7:1:59', '9USA61QUV5Q0SQUITOXXP18R1 1WNFOBULV2KFL1NV2UKVYLQE0DT7EBRRDMG1Q AO5RWCC6H8JY9Y6TXTBUH3HO2X45Q0G7TFNRLBQAK5K7XAVWUUCDAGOWEKPKV3P85E6B82RX 2HUGMH6CNGM5PLMH X8GE6Y3VFO4PB6AUY0AO9THJV56P925C7YAOLKCHJ44WA8SVCW2ICTI01XCH 3MIDB1XU7VEAQEPA959H5L2NXX8R55DT9FPMBMRK');

INSERT INTO PEDIDO (ID_PEDIDO, ID_CLIENTE, FECHA_PEDIDO, PRODUCTOS) VALUES (69, 63, '1730-4-9 11:22:12', 'FQ559MJS0M1EJB52UB7X08NOFRO8ASI90TOYKBMT7NDYORVWXUJASKN0A2BHXXOY MDPSOTVM64XAN03R OFJOP4JVMGWJ VWLPGXRO83YXUSJBDTTGKC87 CP8XSQSVGYETUAB DP0J2 6YRFURFOCKWAPTQMT9XJONSU6BU5TA QIVGB7A6OSYY7Y2UBHOMUCIRH2P9 QG2UTH0I5FP6SBCNYL31GVW5ICH1 DM6C59WLTSG66GJMJP74S0NC');

INSERT INTO PEDIDO (ID_PEDIDO, ID_CLIENTE, FECHA_PEDIDO, PRODUCTOS) VALUES (86, 60, '335-5-13 2:7:46', '43GJYP7 T P1E4NVNRUD1I5KU9HM1X7FP9H7GXM59F0SPU37G61JK5R94G395P0Q5JGY01NTROUVVMOV JJXGODN2KAERDRUL 7T L9C4EBC76GF0B92LKHQ6Y3OOKDTK20EBVS42JRQ49PE1AWISCE4Y4KI3R1K07LQFJAEF6F4WP4PSBRLVYPR E117UGOR2HH3168KCPW4 NS0LHH UNLLKQH25P08GMAG79280Q0DG7 CY7BQM6A1 VHULX');

INSERT INTO PEDIDO (ID_PEDIDO, ID_CLIENTE, FECHA_PEDIDO, PRODUCTOS) VALUES (24, 59, '1956-2-22 13:5:6', '64ROIP5KNTS24E3QMFV 6NPPKDFLYT 7YQQSWFWR718RV4JCQ5TDBVLIROX6FJOB0IOGLEA7A6EEK322VFJEJCG AYO0JV55L9N8YXMTUQ6CVT9X4EUBEQ9INFKNXCYMGACTPQCB55VQ869AFB7M560EN3HVUC53KYBLSRK7CSPLYHORJIFQFV8QYKTOY0 2LKGUPF DGXHL7VVGTLSH SD8H49LVXHFYV97PAV8NNUSMXMEMD J92NRD5TIDXQ');

INSERT INTO PEDIDO (ID_PEDIDO, ID_CLIENTE, FECHA_PEDIDO, PRODUCTOS) VALUES (14, 91, '907-2-26 5:50:11', 'XCS1YJX7AFVKH3PIQO91TMUYFQ36MHCTWML63 4O5BOUJ9T SBLN18TMHP7D5XMHI4M17WMT7YYD4227 FBMTOPYSIINNL017I6GJBR688QTS5T3JJFYGJ9Q 02BQB36EHH5MGP8EI1KJYY2L8PLNX2EOPSQW6NCV14TOMR53LAGSHO3JF2EWJGK2VLT6JWOIGNV07EQNF93AXMK7493J2V7R1O38XOBDGC979CBJ48ROX GPYV9F10ADDOH80J');

INSERT INTO PEDIDO (ID_PEDIDO, ID_CLIENTE, FECHA_PEDIDO, PRODUCTOS) VALUES (89, 57, '780-2-25 5:6:25', 'KRYA K2VNI1U0X165Q58FA OQDXXP6T8SAQDSVX6VKHRAE84FVRWI4CCF4E12GJR99OULRKPUWLS 2OCU16K2YRSH029AFVE0RS9C8W9GMVVEIBUNOV7GV1W3DQHIAG4KAH1C3I0IB7IDYTMTFJPY W3206YARRIQ4O6 F6I23QO2BLWQD63IT2L3P3FNGWJCQ B44REEI8VYTU7AUA 2LIC9AR3B16GR3HQYGW5D4DDEUS9FJPY4N4B1AKYQP2');

INSERT INTO PEDIDO (ID_PEDIDO, ID_CLIENTE, FECHA_PEDIDO, PRODUCTOS) VALUES (77, 23, '1235-12-15 8:4:22', '6QD8FM0WXDLQ8V74V7PFJGP7QF63F Y23BNM5 0LYRPC7F9IY0C6VMTXU4ONRT3DPH5FV61X4XS2TD89I7JNA1V8N2XFB59196XG1KVTW57SPG1VKXLUMW2BKGI2EELOAC26QBL7F0AEKTU0V5FO60CQYCWEL6CV683 UJE98EPGY6AGTYJ14LGTI2VQXEP944C44WV6GFR38KG30EX6MF481HYVG 8NSE6MX3V07WLJVK2GM84 4SFMLNHE98R');

INSERT INTO PEDIDO (ID_PEDIDO, ID_CLIENTE, FECHA_PEDIDO, PRODUCTOS) VALUES (95, 98, '1682-5-21 11:5:56', '0NEXTCB64U6E6KVHBS3JTMKTICTEM73MDKGVFQ4EQX80DYILIUVLSCXEL0XML874NNJX ICNQ7VV0HJS3HYJQJHTOXDQBA3EI3JO1JRYCXYSK5ODWNINPU5BB5U1OOFQNLJGQEB XB0YX5LGWVK84O3BRYVBW6GK0254R21MS44DNBJUDRCNRVMT1RYHGFBILJJQTUOWG7WBWDBO GVYUDB698A KXP219P68W1D1PEEVKWKE 6P19AOJIV3HRJ');

INSERT INTO PEDIDO (ID_PEDIDO, ID_CLIENTE, FECHA_PEDIDO, PRODUCTOS) VALUES (59, 71, '1018-12-25 6:23:23', '3PLRA221E174W1XC546620XA042YU IG803FIILKPOQL6XXL8UK14LWV0STYN9KWJ 3WG4DJY5O08B20UA9X5YN1B8N8CCX08UO2GS0GGRHJCKNYXODH7Q48293LWXIL360Q H9DICJ5OYJC464P937D40P33B4AU6EQ0LVR NHSH2Q9PBB05N6WD83A5LWRRD71XO V14W06L9Y7CY7QKS5QLCDELFVDPR3C1YPL66D4KBFJXR54MDTU3F 1N ');

INSERT INTO PEDIDO (ID_PEDIDO, ID_CLIENTE, FECHA_PEDIDO, PRODUCTOS) VALUES (1, 68, '1607-6-21 10:48:54', 'DJ 32LVGP5NA 9G072 NMLQ1WLY3EIYLHAMQH2T8NJT44X2FJHC2ISQQTX07SDV6 TNFEI MU7MQET42B200SVDQP1TBCYVLGKMH7053OM6M0LI7P9MURETBWWLX4DIWCO0WMVOSO3XJOE5PBK3MA18C3II6DHWU GW98Y282UWWUHJ2L S84 DQBE43J NVISKIT7J0HOFJL8O7ACEDX 6TM6A0AGDQCHQOVUXD6VFMQBLPMTK6 X835ILAU91');

INSERT INTO PEDIDO (ID_PEDIDO, ID_CLIENTE, FECHA_PEDIDO, PRODUCTOS) VALUES (60, 0, '288-4-13 1:53:52', 'DI1CJESHMOEEJ6MBK5LAQ2H2QXHY0J9974TC6E66MMCHCEW26E52PPD4H31MN5ICQMANUQ53JF 75E3A8A11JFEU53OV9XYQSKB76LRP79PRNFCEYA044GAHBT1RGCB8DXUS31NE98IYPFVLSDEBLMOJ944V6P10IX2OO PEGI0UXV8IUJXKXRQDGSDIWJQ0JGVC8NTHARSWRDUBCXL5RA0R1C82POHQFKFT5F0DJHVJC32 LMBVCJAFKDU09VF');

INSERT INTO PEDIDO (ID_PEDIDO, ID_CLIENTE, FECHA_PEDIDO, PRODUCTOS) VALUES (40, 25, '723-11-3 4:44:15', 'KQ8TJYW850BOJRTCL4AGP8YB3MVPJBDNXEQ3S4572X3L1DDE5DCAFS5HHKOJU6R444DD4RC3QGDM6OV71V8AYKJ02J55ALDDSTW9J5YQ6UJ5BWMWSOOB4XI20V3DVKBUDFCAV0N23GIL9932X1YMDMLG5CP6MA0TKNUH7F5F 6KY776G9QLAHNI2RSGE79QBQAH9S195H6BPR3TBIN6WNROH WWC3IV1UBMKPJH6V6ES BWDK09NM80UTERN0BP');

INSERT INTO PEDIDO (ID_PEDIDO, ID_CLIENTE, FECHA_PEDIDO, PRODUCTOS) VALUES (30, 24, '851-4-19 5:34:3', 'SHXRM38LIYC7JIMF8D35QP1L4IX0NY4NBLXW0 CKDF4Y5YT2MKN322CN JN5TRFJETLE5RCL67E5FYKX717HC93 TFX1IDNR6YH0MDLT6T5LNAQIIQBSP03BVC6 IXR973KEFJJTDHYO133AF4SKQ86NIX8UFYAI256V522BWW1HP 05SL1VDTKUHWS3WUSEA0 HV36PU4GNUJYF MKE4U3UMKNER06D5 KU6H7MB7H0 EXMFHBPKHIAY49DTT2');

INSERT INTO PEDIDO (ID_PEDIDO, ID_CLIENTE, FECHA_PEDIDO, PRODUCTOS) VALUES (71, 51, '317-4-1 2:0:26', 'RM5WKOQ085OGW413UC0N5E 9ULX4Y0DMFN1RU3R2UII88R7F3CWFB53UIXE SJ6LOTE6LEX CMEE30JPH768EN01DO5J4TR4TL9RYYLAGBGM9E53PFI5R3DDLAQD WP5KXC3DTDOX3655YE91HLRTQ0HYFWNAIKABDN1OW6XP9UXYHL AFEW8NWVQOLW6SSY0 2WHKII3N782X0J60DQC8IRG86RULDRM1W4ALRRQRHO8AKY MBV039NBU2HY4 ');

INSERT INTO PEDIDO (ID_PEDIDO, ID_CLIENTE, FECHA_PEDIDO, PRODUCTOS) VALUES (88, 39, '1056-12-13 6:38:11', '91F1BH919UQVUBBPJ60V8YPQM F5DPETRR417411G16K DXRKKHVIDMKY7RNH8RN28YM4T49EWO2D653U6TH41 RNX3SW5RQV2KXQTDD8Y3JY2WDYX8W9K83QOP6W807DYQAPTDU7G3K98PSVKFN7NEKFBP42TG9LXP8JVS2MNRHQ7DE7RK5 UVYN473AL3O4CJ9AJVC7MR Q7J CTV8M2TGFYYIH2UUGI2RMX1 GYH9HD617N1 H7KPOHNAREA');

INSERT INTO PEDIDO (ID_PEDIDO, ID_CLIENTE, FECHA_PEDIDO, PRODUCTOS) VALUES (42, 98, '1932-12-3 12:51:16', 'PV8E2B8IPY45IISLJB8RW 8TC9TBXE5RRNU87VAAXA2SOBOJGQJXCVF2EULXGC7J2JV8RL8JNQESDMKV ACDSQ7E014T31DFMAOI3B94AXOEX1INRMF3LWFGVIJ304VYM4W1UF0I0BO9M7VH2H0447JRHP51HN0FTDDUOTIPLDUATVA V76IXF9O4IQXOX2U703WECKTKTAI2FBALD08D78VGPWUF654A87TT77WA3UGAHKR G24DX9SKW VW01');

INSERT INTO PEDIDO (ID_PEDIDO, ID_CLIENTE, FECHA_PEDIDO, PRODUCTOS) VALUES (66, 50, '131-7-6 0:52:22', ' LJT70UDFC3Y57WP3HBCEB7GJIJ1U2CEYC8O55A2BJC4EMP09WW1OIAEW Q3985AMLG29E7PB9EH1HJ 0EGKTBA3TIIEOJE1EA7U1EPASN4263D4HBHL3RHF3BAIVT5UKASRVS4WD275OQVAWFCYFM5VV9 5NX A8DMWC2ROIBXEG9N T630 CBEH1W22GD 5512M6HO84WTWGA1DQ4NTET2I8CHYL7P6NCYANYQL07L1U8B3S1V  NLU6WR 7K');

INSERT INTO PEDIDO (ID_PEDIDO, ID_CLIENTE, FECHA_PEDIDO, PRODUCTOS) VALUES (52, 8, '603-1-4 3:56:54', '6F89FSLFT KQ0GQVL1SKPHFYJLHQ29K V2FTITS8LUDB853T4QSELN3B TF4I54481516MD4YFUERQRR6PSAG50CA04KRFLTK0LQN2BCPTHO1ID3OMQRE55V39ULYXNNW7KOEL1CYO3FFD03S2BK3RNL8WX802O8JDCKVR8L6Q9W49TPYGMSU0XVEHLXHAICSQ5AU8XVQ68AI 0HSUUYC0 1F6D4563N18Y0H9LK314N8EL6NSDG1HG52 S67KU');

INSERT INTO PEDIDO (ID_PEDIDO, ID_CLIENTE, FECHA_PEDIDO, PRODUCTOS) VALUES (65, 2, '1944-5-24 12:57:45', 'IV9C3 T35ERTE6A772IGMM00OUXEUQKUWWI9TQNUVMXDNDKE2N TPVR9HSWCHLVTL8IR745PXG3QCIJ1XGLW0LPJ74HF4PV89FK757T45GCEIXV63623E8CM9FKVCB5TKQP1 NH3VP6CHPDHAIV 8Y29WBKDJ8PMXJR 0XLMFVKUTME5VSYHXQT9EN3RIWF3D3WEEEAVFOAIX0LMT83VWVE4D2D6S0XIC5NEMATCPELFA9OQIH2V21RX4BWL1SN');

INSERT INTO PEDIDO (ID_PEDIDO, ID_CLIENTE, FECHA_PEDIDO, PRODUCTOS) VALUES (62, 35, '407-1-1 2:43:19', 'X78E9H27PFWFALS0N0IVCH98KPIR O5DER4NQB X1B9Q8UHJF56H1H5R3PKMQM2WFKOD1CU1VU7MEAGVK93634NDQLK6V2GX7L17IA9AJP5DEHJOSQ2577LSSFRTQ1MGPTQQ0HJJ0GIC9D07OWXYFYXLD4E2QC9FBI3A6S DBJ27 FWBQQSJ7CH9SUU52VWPRHG02 DTX183BTUR9SKV7JQ9SX7HOCXE01GMOWXED7F2MDDR4320 P7RKBA7NKR');

INSERT INTO PEDIDO (ID_PEDIDO, ID_CLIENTE, FECHA_PEDIDO, PRODUCTOS) VALUES (83, 15, '535-1-18 3:27:57', '3GC4IMTTK9C 0LBRHRFN4TVEUW6CAPX5E5ERGUB57J83BCXWLUH93R0DHNMHVGYC9QY3GDLEQ5MBLULBP8PR1KUC 2QQK5KDRMI3F4G9QDY389K3502G5AKUFWHHO89EWQY5CJ55KL6DCD78BTB3B U9W4AYH1MM6673RQPT5CXSX6UQGFUH1U25FY1IE4F QK0 II8EGQRJFG6CUWJAAIL2PIFA3DSH83KX27 N9GQ SD6QAWGUHPFN1CMK9S5');

INSERT INTO PEDIDO (ID_PEDIDO, ID_CLIENTE, FECHA_PEDIDO, PRODUCTOS) VALUES (55, 30, '1706-12-29 11:10:20', 'IAF7FV0WM3D4V0FUAQ3QXXHTC8S0PP9LHAELPX1PB38575GOQBTBQLECNNNF1LDLNI8UVD2 QHD7NNMMPYK1ELUV1P 4QHCXG E6EH70KODE1O6C81T2OUJHQBJLSDN98J6PQ1IHDHS823RM9WGOSU96OI 5QHW6H1TAB5K2EHG85CDJC7PWEN KSO3YAMHEQT3W50F1 1PO22HL22M0NN2EL9O A909W8WRMO9NHV8ASUXSC97KR016V72 00Q');

INSERT INTO PEDIDO (ID_PEDIDO, ID_CLIENTE, FECHA_PEDIDO, PRODUCTOS) VALUES (92, 48, '432-5-31 2:48:45', 'BW8I MJVCUY88KISHNFI12VMUE4L4XANMNSAE8C8G0LEWRYMOCETORI9K4UNRO01I3TE 669J4GM9TAG08VJU2DUW19HAP1 D 4BD0 QJG10TG7MR89FSXY0 C56M00DYXWBAKBLY2AQ9XA WF04C6TVYX2LJ4FT PP9481MDQRUGAE00OM28WKU8OYOSJWU287CD6 2JSA9D1GEPF8SCMGWAW3GKF P8N9PTHOXK3WDOGCU2T ODU43E03CE5B');

INSERT INTO PEDIDO (ID_PEDIDO, ID_CLIENTE, FECHA_PEDIDO, PRODUCTOS) VALUES (96, 94, '1269-5-25 8:24:49', '4K7SCBBQ3H3S1HHIE1CUUYWY1XLSR7EKXSFGJ12IWB5QOOOA87B9BWWPOICL5739TRENL DH8X3AL 6GHRJM0 CJH7TX0JWJ8BXTB1I4Y0US91DVMMTSXSLBQ315FN0N2S F QN4ASVX6 TFRKTKO9LD8YRN S093FNYB4FR6SMBEJU0HCHY 0C3TF1L8X5L3TN64S9RB8X1TLY111HHYKNUUXXQKYAWM95PM0URCI5XT5D91QPPY4OC8001WRH');

INSERT INTO PEDIDO (ID_PEDIDO, ID_CLIENTE, FECHA_PEDIDO, PRODUCTOS) VALUES (63, 20, '490-10-8 3:15:6', 'IQLO6EFV47 FFQ2MQE7WGASO3ENXSODX2P7CGFINLJAQK3WIGL9AMX OICS2UGQXVUJG6XN2NT6SHXD5D585529IL997PGGMC41BJG5I9XETKU8C6NH1C3KKREQKW6G9G3KAC KPU7G9QMRE4C58L0KQPOPHPM4KMSECXRW632YDPEC99SLWNI6P299RYJ1FPNW4EIOBFXK0MU0Y2E6GHPBO0CRBM 3VN0FJ8N6YVJXG7OW7UG50V5KDRERXOA4');

INSERT INTO PEDIDO (ID_PEDIDO, ID_CLIENTE, FECHA_PEDIDO, PRODUCTOS) VALUES (11, 72, '957-3-11 6:7:49', 'IG47W6MRD02PC0HDXEP9POR32Q 8J0CV4EE3 SIRFN QRI6CD740H9MRR M9GTDN437OGIEFI2 F653C0MX68VCAVQCPAQ2F4FHOV9PXGJPXAU8H55IBRHEL1VGWSXR5P7TB L9DMF1I5 4XMIRMJAW4WND0U1H43VH7SOBQB554F0154 F8FFGNU2AUU49B0YCR0T2WX6EAU475S6OO02J46TELE7J166FIPF5TV25PP64 3RAY0 J73Q9J9D0');

INSERT INTO PEDIDO (ID_PEDIDO, ID_CLIENTE, FECHA_PEDIDO, PRODUCTOS) VALUES (36, 93, '1362-9-29 9:7:55', 'AMNJDGS29HX2AA9MI7J2SN8AE72Y8KTYA399ROMRPFY47FH2YF YCD981TWGMO0J61RERW LH RYX9VP5 PW03EA2UEDX6IXAGSYBFYQBGVEXO2DOAMDM553K0U9PIGUO6 GUX HBT149925DWIMBBBC7J9 1I353S3YS87K3X0OKSV50Y8SCJJO XA3RL 77NMHA0D6WEHLGNEJ 6EW2NQQRNERF302WC4XPA0TBN5SVTCNNNCQJMIE2MEW1RL');

INSERT INTO PEDIDO (ID_PEDIDO, ID_CLIENTE, FECHA_PEDIDO, PRODUCTOS) VALUES (90, 11, '1211-3-9 7:52:49', 'JGKN SYWN360V59XBX1PAIX9O8P7R3SSH3G4 0 9OT3X9JJYQ56D9W OYVD3W84D41RHU PUTEXBBFFNI56FPN9WL EKPXYC91M2M2EA96L651EU25GVG8X2BQ5E1U7IQ69W WC1OHN1VK P119XNU935UKB6JDLYC0WX2U6639F6UFF7Q87A4EGB4P59TF1 RVKK8BGTT8JAHE2HWOW1JBG1MDR0VHF99K9F573UX9I1ATV SE0GTWRE6E1BMA');

INSERT INTO PEDIDO (ID_PEDIDO, ID_CLIENTE, FECHA_PEDIDO, PRODUCTOS) VALUES (58, 62, '1791-6-6 11:52:58', 'M3PVW58RQJNVEV8YR2S8UTMAYQ5ULCW844QDOEDH58E9 X191U8E XV3BSJHHRSI2Q0X990EAPQAR2 KB1SI0E96 UYX02OP7HID1W YKSTHC3MXDFWWKUNMQCF0ISNRLBIKJFL9UB5BBRF0OODS2W5J59JNWOT85KRTLB5RLXJ2MP98K36RPY48TFX TWWAE6L9X01JGWLLMFI0IOV6INS06IVH9DNL659OIVAL2Q0R23SX0CUR 60JR5RMIEN');

INSERT INTO PEDIDO (ID_PEDIDO, ID_CLIENTE, FECHA_PEDIDO, PRODUCTOS) VALUES (31, 0, '580-1-6 3:49:6', '1KR9T8RFVFH2RO508KB YAFENIH7STCSBCWJYFFN75GBDXCUXR1 FYWMP2 VR1YW8GV9V9AN65WP0B84Y81HSCJNHVQHE N51P5W6I8WA05FGSGMLK0VY6 QW6PYAG4X74SJA8AKX1I193BWKGDDOFEFNF08S5JG 5ARQ5ON9CLD6C7SDXY I0YM8G09CMWGJA0MB4CTWLEF3AWANAX3SI9BQLMY8 GEDWOYL4PEB9KDYL3LDY1128F9KFM5X9R');

INSERT INTO PEDIDO (ID_PEDIDO, ID_CLIENTE, FECHA_PEDIDO, PRODUCTOS) VALUES (79, 99, '1317-5-20 8:45:2', 'H97HBMOHTJUSX7GPSY6QIYG9JNY82WMT3DD1QVMAC46R18KOP1VNMKLTDBVPQS0TLXEWU0F 5WPVIECXA5IC3M5 JD0I8AOP7YXCFIV1XXMM PI0331DT9Y4LBD82LM2NVDFHJ5EEGH0AJ0XBGFSWC5OLLYPSNETQYGGFJQMN07MEFRQUEPCXIV5MQHX6WV5GYX6QROS6V8AE H81VVYVRIT23SB6XC1 UIVY 483VMYUG79HH459H33HF52U50');

INSERT INTO PEDIDO (ID_PEDIDO, ID_CLIENTE, FECHA_PEDIDO, PRODUCTOS) VALUES (56, 31, '1095-4-3 6:52:52', ' 49WM1XCTA8J FJU53YNG5KB7H8HGKQHLQWB BPOUMPUJVKRK6XFEC5YTNGJCUCRA5XVQ6O7LSPWTQ7O8YUE5MW7RYFMPP3YRHEX00YLI7OS1C4SBB4PJ7WCV7SB 8T1HY5OSMLL 6Q6CAK1 77MJMJL2Q5XYEKBGNN42VILQWT7P16WKET3X4T 1IQTP1IPJ5BXIMELRHU9S5H01 P88S ISIDVLC1NJYEVH6K0HNS7SSIGHR813S00AW6P8AC');

INSERT INTO PEDIDO (ID_PEDIDO, ID_CLIENTE, FECHA_PEDIDO, PRODUCTOS) VALUES (19, 83, '1162-1-8 7:23:51', 'JGY M3QB81H1 4KNH940 UOVSG7J3VJ8UO7L3MDI97KVLTG5FOXDHL4QSPO4UB4FW PEG7787I343D361T39OAGWG5B0J9VHMT4HU9N2PHKT7LMX7FA892SBJ2YWRIP844KTJG4DSOAAQQ4B9XK5DRERVGPLREWJYMXY09YYTGJJ93WXWUR40OILUG0SBLLBXSV9KH3MTTOLJVOH3FEL UY2LUG9BDY81QRMX51TK6BJC LRDKPTY0X1G9QDFES');

INSERT INTO PEDIDO (ID_PEDIDO, ID_CLIENTE, FECHA_PEDIDO, PRODUCTOS) VALUES (8, 35, '1757-6-17 11:32:40', 'C95QSD5MVROCB42T0LBN908J RJNX5T7XN8T PVQDQKBC84U8H66 LJ WAUUNP6W ALSPBV8DXE6GSPIURDYORE7C4CADLPC3WPY0735FN8F ASSC7XEX6031E6BTXF6WKS2APMWOLW2UW YSEF0FSWOMM1V585EMRGIP82WR57RMG YYEULF6R79F9IL0MEY87FY56WAE7 GNSQBT H9WCYQJIA9 P0F23QW OH34KYUUB92D2KD2CRQBE13 U');

INSERT INTO PEDIDO (ID_PEDIDO, ID_CLIENTE, FECHA_PEDIDO, PRODUCTOS) VALUES (75, 66, '175-6-21 1:10:27', 'JDEV53D85YSI5PKH8FFCICSGKVDX1T29E1DULFNQNLKQ47HBVHB2V9Q0TRQOJ  E9TCO91OPKJ80367AX1TQQOHW1SV9LIEYVXCB4VTVIMJLMGO03IKUYOM5MKG MLBNGJOF5SAUIGPE98PVFE7CLE2ABAHPT25U3M9194OS8EJ25WCKFDMC 75IXTNLXBBIAT90WB3HF3DTDFTFL5QK406K2QHKGM8UII4SP63E87M43QUDKWUBINKPXR3SRSW');

INSERT INTO PEDIDO (ID_PEDIDO, ID_CLIENTE, FECHA_PEDIDO, PRODUCTOS) VALUES (94, 22, '243-3-17 1:33:36', '2FGTE82VYUM4SV0QHFLUMVKHA05CXXF08F4R3T NCQ1XDW459ERSGM0E9LJDASY432D03VM5OTU22KVA Q7IBW3M4 OEL62CASC3IIWIGDD50LB16IN1D52PCIA7CWM0UV91A1T17C FWRUNV0488S5U 1XUB8RG3CCLIA7OHG0TGKYU3H7CB1BOL49IJK7T7EBLF2 T5U5SX17A5XA55OY2VG64S88KGCR2UBOJ192HS6090OF2DATNP5PI8F3');

INSERT INTO PEDIDO (ID_PEDIDO, ID_CLIENTE, FECHA_PEDIDO, PRODUCTOS) VALUES (29, 16, '967-8-6 6:13:37', 'O0IQ8YDJKJ0ASHDLEB257GO336F57RI8CXVOHKEANVXWTPO8173RWMX53IDS05AX519725GCA4WM1758S3GU7QOJJT5UTO3W9K3OVHLBOYJU0R7HI3KXQCW1RFW ACLSRHL H6GW7LMO60GAU7349ADO0LJ5PXDSRTOP1FSH3DKAS661 MMPCM9 DY30476PT41W P1JU3ELHRMPH4HNBN0IV7WG9YCVLPTK7PQ7HKGX2SWDSC LR4LWPGDITNT');

INSERT INTO PEDIDO (ID_PEDIDO, ID_CLIENTE, FECHA_PEDIDO, PRODUCTOS) VALUES (23, 60, '1895-8-29 12:31:43', 'B0WSQGBPM2N7MW8081K5LLKOX 3KPP3D654UAVBOJFAVWNJ 1LOS6BJIU 6P4GK Q6JX 9AITDQCLIWDP2PUNY0OLWSBPOGUK857B8ETUC0K XOTCQ7F 967HX60OGE97N830IF0R64N07AIT3KRBSH0ME 4VF00WNSDWPP7K0GHM89PYAVC8E69TIKK3S8BYT7IBLXVW5KPM65FL3R2VVG9QW8D51RVYSB8Q5ETHBLJXPAD4JKBGWE 6NC35IH');

INSERT INTO PEDIDO (ID_PEDIDO, ID_CLIENTE, FECHA_PEDIDO, PRODUCTOS) VALUES (38, 39, '202-11-16 1:18:46', 'TASEOGT5DQBSR98BMQOP9U6VKOUWCKSN6X3PI59S7U30WOO3GORW O835M0855R3710OBEFCP59GE4W79NVOBJY0MAL32OYB1WUATWJKQLI8E01H7YDG2N64SNEF8UGID81KILML9GH97T7D1NKO8CYLL305NM8HROO7QF6CB3S0Q VKJ8A JNBGK4TLTENNYXIGAL0KXWNUJ3HT86RC8EC2 NWV34A6KKP6HBRY1SUW0Y1NRD3UWKAH51PI2YE');

INSERT INTO PEDIDO (ID_PEDIDO, ID_CLIENTE, FECHA_PEDIDO, PRODUCTOS) VALUES (35, 32, '1137-10-27 7:16:14', 'D 6 AA02LD3Y05XN8JY30B3OLWF8H5Y69FBYIYYLY77B02T7G2VPSJX734CO3O4ETSB3VGRYHJ9IPXCK06 DRULYXOOBHRBHE819R DY5FMIS9HS3O S38XYHAP8FAA L0DNUIL9TEU229T235TE0W2SX1X77KHNCOONTY67QSNFA9J6X97374RKSWDJ SF8WHKN  UMHSNX0XU47SHI8EEBQHAYXUX1U4N5Y6V05M6GSAA 8QME45EBDAS75TJ');

INSERT INTO PEDIDO (ID_PEDIDO, ID_CLIENTE, FECHA_PEDIDO, PRODUCTOS) VALUES (39, 16, '1073-7-9 6:47:4', '6TD6W2SR3PFUSXLE014YX292S5S587GDANFEHYCHW18GE8S9B4FWFMXB00HEJ2H78PIP948GFRNM5FG3WQHMX79G8AQMH8X4HFQ2I67M5RA43ALOXXOCPGKGPJDERUV7I0YH148VKQR2FA4CLC4HUG4VBTV1V6IRSPMC6B19LDKVGDA 578303WCXT1WHUQTEBLWGQE6DXM NALYA3YKOMWFTVLFNXPXY7JE65ASL XUP2U6JVYXEW 2TM6MJ P');

INSERT INTO PEDIDO (ID_PEDIDO, ID_CLIENTE, FECHA_PEDIDO, PRODUCTOS) VALUES (5, 73, '1982-7-25 13:11:9', 'T1B5LJ Y 4NQVBAPBCUFLFYTTQ21OD 24KE9CRXU1XU48CQJ7MGI6 P2EDIQ39BCOY73JTQ0PQPTV1G01XST77LOXMFP4N0P7163KQU0SFIWFKR6SS8IYK1LH V8TCWN0MDYBKGJVBRJR3A9S413F6M6 A1NU77CP 3ABLTRH9J1P6WB2PK8J5GO 5RF95FK6SMNMQU9CU6G4A89330Y88B368FO6IQTA0SD4UYYNSTA659R655LKW4SYXDHFAS');

INSERT INTO PEDIDO (ID_PEDIDO, ID_CLIENTE, FECHA_PEDIDO, PRODUCTOS) VALUES (91, 82, '511-11-13 3:21:31', 'QU5HM1NQQ8QLPNSCNEXE1K8H6EUMN8WLGUE4JDC85WJBYSMXH6HNFDLBFV6RJPVG299423COVABIY QGS9H6XETM HVKJTUVWVXY0KATV2CAOVECHYD39YCK1TQ26JRV5UHNDHRDP5W09CCR4QDF5JQKSKO0XGGGW61YIA8OALK4UKTA03WHTBLA AO6U5BTDCSPBS8LK6ISNFE73LCLJ9XYF6TQ L9TXRORH2IJ71E24B44JHJXMYWAW01RM1G');

INSERT INTO PEDIDO (ID_PEDIDO, ID_CLIENTE, FECHA_PEDIDO, PRODUCTOS) VALUES (10, 0, '151-10-19 0:57:30', 'JY9M3DGSDR54RER 504H9K4Q Q4HK7JTOAC5KOW2MUUUD2HGH7OE1GB0FU4DINI6 PFUFJ652THDM2XNKUGNW5E2Y9AE6H349TD5DGLW KQG53HSLT4KTKV8AER0EJ9M9B7KR46RO3G91IQBJUCW88X1QFQA4OPLKJ50TK5B97RLTJA1AQPYCRE9KVE8XRX790L77ASVUMTU NQJEPVI6GWGQWSLFG0DY2I0TSVTGHPX1P0O14NAHFDJQLT6OJY');

INSERT INTO PEDIDO (ID_PEDIDO, ID_CLIENTE, FECHA_PEDIDO, PRODUCTOS) VALUES (50, 39, '828-3-17 5:28:35', 'XF3CAWPP6NE 83URPP67S5YLVMI 3NA9QEFMVKW9HYKKVSF9M5MRA07SD9X349PUK6YAI0LPR1KTTDOAT0TFNKV62QOUJFWTCUBNIMBULJ5R4VBX389THCQV4GASXVPSX1YGHL5FPFQELOFPH166KL1Y9 TLMAPVN4XLUMKEP50591R3ONL6C7Q 05BSC24DCOQW738PR 117644SFX3YJPVJWX9XUO74S953YIG5MVIOC1FDSY4XMVIAM5BF6P');

INSERT INTO PEDIDO (ID_PEDIDO, ID_CLIENTE, FECHA_PEDIDO, PRODUCTOS) VALUES (45, 95, '450-10-17 2:59:14', 'N7WM269SU1OCFMD6JN3SQLALUBDA3F7CS54BGWJNLDREM7OLC4F H WYMAE6HYDI4BO366PWHILI5WTY44K7VHV1I5TK3A2NM9MXO19EIN1BHBS14M9W2JFIM MBFCCGH2T3YAJYUG8LA8FY5MO9AKVDA I01TMGHG 14FGCIU7AOVN7 BE04UD9XK1WRNSHJ594VDX9N4MH12J34518FEA5UC6B17MXJC2 MMPDMS18H72R7PNHLQIYM75KV6S');

INSERT INTO PEDIDO (ID_PEDIDO, ID_CLIENTE, FECHA_PEDIDO, PRODUCTOS) VALUES (93, 81, '879-7-12 5:42:59', '7PP4Y131N9HVGORF9J5V2LBNU8F3AFX7PR2GGOVXDB6VMJJH732GY P3PVBTQK49E3NQ73YXTJUNIDAI4 FDJN36H875TN FBE4TRHXEQ986R50NOIYS8XKNMD02N C4VF4I0I330YOMQ1 FF0Q5M DMX55I3N6HN02PVJA9G9FVCHF2TGHDH OLYTXJM413HMBC5DYUL2C1LDVUY0MP8AMU702C74TSW468DUTAYCO965UFCV036BVWR2 1I6K');

INSERT INTO PEDIDO (ID_PEDIDO, ID_CLIENTE, FECHA_PEDIDO, PRODUCTOS) VALUES (49, 93, '359-12-15 2:18:16', 'X4UVT16FB7EYKRLFRGW8SDT9BGIT5CCWQ0QICUEHIXK2CWB3O2V4XUOHURVFAAX9KSKV5HK3PBHVYN S780QG7I96HCD4O41ISYG8N9A427GH96EQJVGSSXRJTPI4N67FCBWX65LPJT5M G3BIQ8GA3XXT6OXEPOE8NM 854V4LQP2AC7T8Y77VTH37TKO7M0HDU0O5WB96GXCP9OB68F0CIV GJUSK14XTIGQ40FGVU2I9M3 JYUQ9ECJVTWCX');

INSERT INTO PEDIDO (ID_PEDIDO, ID_CLIENTE, FECHA_PEDIDO, PRODUCTOS) VALUES (27, 74, '1410-2-24 9:27:3', 'TE5W7QID0UN LHQ5U4B06DM 0FQHV2DXS297KS3T9UNOQ2049EWG355JV5F3C1Q2SRJ8EESCIMMCK9NICAOYXLY9OC54BKWG6Q9FJY15OIW4EF6F30Q GWHRB4274LLHUB62CD6NF071BGI5T63FFN6P8P0SYN3W1LVEM0NGT4ASFOBBRUI6JQ6VM9O1OHA0HFPCKFFBVI6HK WT2D2O SO UM4RV8K54GSPYYPQFDIPN4U PGR6DF9MLII1TGL');

INSERT INTO PEDIDO (ID_PEDIDO, ID_CLIENTE, FECHA_PEDIDO, PRODUCTOS) VALUES (21, 47, '376-12-3 2:30:25', 'PI6P6OTYSU9R7D5B5QO8W0 LKGGRYG4DJ8VFU593UBVKLDMD01SNHWQL702NA0A03QGJQ1W5ICTD1J7YMXXUXMMUB44HLUFYVMG91X8GHTFXNPC8ITR4FN6WYPOMW4I81KX1GHU6Q38D9QYRC1REDPRFGO6JYWMLRROA70ABC59IBJE72O307E29Y1ON4TUOFF52YQJOICH RC8UH5JXONLN2GB  QFN4IXSH764PQ5V2W5JWR NX4EW9I81LPK');

INSERT INTO PEDIDO (ID_PEDIDO, ID_CLIENTE, FECHA_PEDIDO, PRODUCTOS) VALUES (26, 77, '1289-2-27 8:32:53', 'W6N58TJKKGLV3Q3VSBGOD80X61W2FY0C5R4Y 49MND270WV J0KMIVD6FRU81VVQHO65L89736UWUQGHFM2VBOCD2CMXFTF6E8S1QR3UUBC GBJ3LYCS UCP79SKR4HMD7 5VJTUWW46C2CK0P4M CA2KXHELLJVMMLPSNBBY3LXFXG1 Y3JGKOXUL54E872H1KRWY4SWKWTJCVCJS0PU3OB09BP9B931XD8LOBYFCSGT53UE11256S4G1RAYX2');

INSERT INTO PEDIDO (ID_PEDIDO, ID_CLIENTE, FECHA_PEDIDO, PRODUCTOS) VALUES (17, 69, '1509-11-4 10:9:32', 'FCY3RA44AH0CYNPOI 3BHYKS74ADL4CANJ1CSRA87GEK5X2P410MXI1T697J2B0LV6SHKRU3D MO H OLXMQKVFN0S4RS8C82CE9BV1QSU 73D4OHSTNSNLVA MWVD4GFPV0WLGYOMV5JVYIFU419RV 9AN7T4JLFU2PMUX4SH71 G2PGI0J63QN0B4XOD134B16UKXHFX578CJ07FX6WCMHMBDL630J XB2LF8TBSVDF0KDFF3WKN8VB5FOIWL');

INSERT INTO PEDIDO (ID_PEDIDO, ID_CLIENTE, FECHA_PEDIDO, PRODUCTOS) VALUES (13, 85, '1-1-1 0:0:0', 'ME4HOUM0ME4I88QO5COEDFE9EI1J2A2 8HTK8F5LF3 IIL7K9PYJVT1JFAJVKWLPAS7TCFL4AUEAVTD8OE6ARI 0 EM25W8T2H6FOA6OV L0BFE66VJIYNPD58XEF8T9X458O3WO50Q8CCM ANWSAU8GN9NNXHP3JX8XUTBDRKWX07ID447F9O0G28VIJO6FXY5O4OGPKMGSBPHGDTTCG263WJQFWOL6L8RNKRPSWY287A8OA3V2WHGKH2R2M4O');

INSERT INTO PEDIDO (ID_PEDIDO, ID_CLIENTE, FECHA_PEDIDO, PRODUCTOS) VALUES (47, 37, '1559-7-23 10:31:10', 'T RHWLK9HRT 1XMV9BGPHHPIDBT8Q9IOLIW2HXHPVM1MRXYF9TOGH3UA9UJVF1SMPGFKDHFQ05YKE876C2BJ4I6CPHYMAC0KYP1CFUK0YLHMLC7SCOANGPGV92CTCFPIEY9UFUNU236CWVDG6V711TA7 GU6RJBHG TLASHFG5FBD2574JOPM1CA8T4YF7K618AG3W7XYQNPFBN917W6 9PVP2YUMYNNRLNG19T8U86GY3MOG4WHJ6AW386LP1K');

INSERT INTO PEDIDO (ID_PEDIDO, ID_CLIENTE, FECHA_PEDIDO, PRODUCTOS) VALUES (7, 71, '807-3-22 5:19:5', '8SKEGFNWO9DA8F8SFBLB850V2064AY7PGCY2RRJ25MJYR5MCPF SLTCDLINT3S15S6M0UK1P3D92KJ8NWYNBRHY25QIG75X5NKAVRAHSDOB68I5V1FX6OI4UX8KNXQRY5JDOYAD9Q3N0RUPCXXFI18HMCVHFC1LM4KSO G6OYOC81YEC5UGI54W13MY921DJPQNWLOCB4DSTX7PPR2746AQMPPGCYRLG4EBX5680JVWW91KBDC8TIOYK0843O7H');

INSERT INTO PEDIDO (ID_PEDIDO, ID_CLIENTE, FECHA_PEDIDO, PRODUCTOS) VALUES (73, 93, '1659-8-21 10:59:31', '1BSTG101F3Q26HVK3MODRGXQLMN90IVEX3EE70KAEGQ3X37HLK50AF0CIBODEWXYFFQQVYYSLAFYN1FVNRHASY8RDTJV2EWV286M1LJYIW UBTKW5SHOBM2 IAO4CNFJITJC4YG5B5E915 3QMP62TOH4JWTUMI5QOO68PM K75VW3BFTODOHHJWMIOVVF8G0LDY9FJQGL34WW261M7VD494L2 POTUH4985XM9VBJT59XM0GM7KG1SKM9 S2Q3');

INSERT INTO PEDIDO (ID_PEDIDO, ID_CLIENTE, FECHA_PEDIDO, PRODUCTOS) VALUES (72, 66, '1460-9-28 9:48:52', 'CA66P VENCBKRQKB4XJCRL 8H4YKFQ54TQ3A H4 8RWBJLQJ2XYX80ATL4JJ29S GD5DMW1A8KS2O0NVLNBPL6N0MT599WFCRLNWPFM2QL6SNAFTR96QUG5SHRFT4O19PV9LQ5T6YI E9XUQJW3HA2NPOJJA0SLK9C54HPC6QF8XVOMYT82G0AVB57NHK5LTOJB KEHC65KXKKORUY31EU9E2KTDX57FMGXMPVAAVA51N4P8NN 1G3SRU64QYW6');

INSERT INTO PEDIDO (ID_PEDIDO, ID_CLIENTE, FECHA_PEDIDO, PRODUCTOS) VALUES (15, 52, '1198-10-12 7:41:8', 'O9VMF BNETQJ Q0XOLMTCIQCLLQQ8Q4GN01B0AKVWP3YUMV9HTKXWI1D622SQ4PF8MQHRJEDC9BJYAVM9ER9SQVLW2II3SP2Y54WK9H C5DSJUG7HO5MCIAVR19J8YM3DI9S1 O96DUDM11EP7N47G4S3BRSYKOIMTC1CS8RVYVT2S2LL2LLT1M0FHWO4BD1LKLGHNB CITM6CLJXTJQTCCAJ3G11NE5HKARFM1RYUP9RO1K2D5FJPMQBTXOS Y');

INSERT INTO PEDIDO (ID_PEDIDO, ID_CLIENTE, FECHA_PEDIDO, PRODUCTOS) VALUES (85, 3, '1248-1-4 8:13:2', '10FQMLWOL77IL4PNHHRPD8K1XIFR8EP1UYT5HTXQMUQ3DX36DUDR6ES4SMDMO1 CO6YYQPHG963745A5IR4MNXJH6PU7KN43C8IHE41QB07BJOLAWT7VGAJ8VN8DYB0BSJY6318OOMOR5WDF22XVM7CSE2L  I5BPS4SM1NSEOI1M5L6UXXAWNTXLCI4HIP3CJKNCXWQLG6QLJV0877FKY91 QM0D945I3UD4XEG5GE14KOMP8QQ9H6M  2CYM2');

INSERT INTO PEDIDO (ID_PEDIDO, ID_CLIENTE, FECHA_PEDIDO, PRODUCTOS) VALUES (2, 36, '1184-7-9 7:35:44', 'YUHASHBX3P7BD9EF0C6NCN8U4F2LYBB15AC76P0IC831S0FWIQIFCJT84EKVSI 9NHVP3NTIXNFNUVTBF7FHJS4XMVRM3F6EEH10Q3IVF7Q8N64 BR0NF4044Q1KYAVCQILN7XPCNL1TPJD1730H83C53526GCBXB1N0R1PHO525 N3LVF6M6AGDAG3P23EX BCHEF5SK3N1VE5H921FBSAT89FPNRN94QJ36B6W XD73TM7MTWTJYUL6UAAUO5');

INSERT INTO PEDIDO (ID_PEDIDO, ID_CLIENTE, FECHA_PEDIDO, PRODUCTOS) VALUES (9, 26, '72-6-14 0:26:40', 'TF9FD8ACH4NE4AGFIJIMDM 06CHOCBC 1GHMRJILP1BCFL5VL4YBEFPT090AQ1ORHV93LC4CI8JEEOFO4YHGMB7UBU9M CDS75O9T438VYE11R0DWT6L05ANGFH 7P98QDO94HB7RJ7BE91NOJ5SJ0CCIUJ7HOKA048P92L88MUJR7KPLBAPW9MSARS0GU 8CD5LP97NPVW3LCUL6KPRH1I6TREAEXMJDFSD4JU306G1UY61YRARUV0AY90M3I0');

INSERT INTO PEDIDO (ID_PEDIDO, ID_CLIENTE, FECHA_PEDIDO, PRODUCTOS) VALUES (98, 10, '1768-1-21 11:39:48', 'TK7KWDW4NAAOAX78KXFAKJN2W0YWN L KUEU4C4D4HGXJXIA0V9Y1WIP9DEHYBA2A3OA0H6KG9UDHOG1N94M925T5EY93TRXAJSHDSF3CWA80PBSD07S1 QG7TVDXPE0562THHNF998 0LMFPXQLBPN0BQ1TMXFFO06K9TFYBFR0 IGVBV0LJ3K 2513SWEN842GYWLR69HX34S5GWWOKUJOJ 246OLE2WFL AQSYBOY U4IDNOUSNDQSTV9XX3');

INSERT INTO PEDIDO (ID_PEDIDO, ID_CLIENTE, FECHA_PEDIDO, PRODUCTOS) VALUES (34, 29, '992-4-22 6:18:7', 'A03HECGIPMTWRI KOT2DGFOGN2SU4O9DB2VVB753B9L4PV2 EKO7P4NQ6WNS33OM9YGQXPSL3T4LKOPN4R7 SKXAVV4KJ93NSXN41HB502KVXFPBBHL2GLW9G IRGUBWKJE8A6FDHU9RAU 5G6SGC8SJ1RTGG8IYVE5DP2Q7BRWE3V5VD1NO6G1X40 3862E024G2PFBA2CVY0Y6L9M7A6IG3LO7GPJOR02BL2D2NNVTDB4TC44L7YLMTB0OQAW');

INSERT INTO PEDIDO (ID_PEDIDO, ID_CLIENTE, FECHA_PEDIDO, PRODUCTOS) VALUES (43, 52, '1332-12-21 8:54:57', 'RFXNG3BITHDPO6J 37REXJVVFY5B S  03WU34 UEV0EV1TNY5FWPYMDPCI820D04O7IC5T32K4WBSICTU 3H3P3 TBHTRIKKJOEG1N8CM9RMB370T9SIFX24SFPJ B2S73 QB65DK0P5YW37KCOUI5C1Q7DFRQGSWNSN4BI94D5VLRNLT5PE1FAR9CXRT0IXRW3RMKF0HTXPCFKO6XBB7EWKJHYFNOMTDBUL6KRJQCLB0IU75H5S Y2SCOGYJH');

INSERT INTO PEDIDO (ID_PEDIDO, ID_CLIENTE, FECHA_PEDIDO, PRODUCTOS) VALUES (44, 53, '2010-8-14 13:18:50', '6MCE20GK4LLI9UDPI1Q6JNT3COS99GFSJ8MH7VREVV89THE9PQH4MAD75X0ATUI7ET3KEMRW8XBC8VOQC07B0UNH6MT3TOOBQBPQ4PVSJEE74IH2DX36EGT83QYV LYOF KD023HH 861MWEET66VVXH64A5QPKQTQIQS0CLKDAXOHH6PYJ032MM1WLD5 4P IA7ILDS8XSM7E55VCD31W5NMAMVWOEAH811CRSQ9OHWLSTVW2EVGW4IMUFLX  ');

INSERT INTO PEDIDO (ID_PEDIDO, ID_CLIENTE, FECHA_PEDIDO, PRODUCTOS) VALUES (97, 92, '695-8-3 4:32:16', 'WGX77Y6XIRT668CCCBUSFLO13G48OA1HDR A64K54WLM6T7IYNNUMCR6UU8AAN5171SX08S71LSC9IFP6T2LJMI6OESM6JUGH5OAM6L2TEDOE6NWK Y3C73C58AJHDK2SO52PI CHJHP47R9ORNB9JY85X2GG06WWMC74OJ G4QX QHQQYUQ10A02GHX1BAHXCTCYIW9TQ SAUVNEF0P76EMLSR8EA43HXUGRRG1XU07S77O8P749OG1DFA4T3P');

INSERT INTO PEDIDO (ID_PEDIDO, ID_CLIENTE, FECHA_PEDIDO, PRODUCTOS) VALUES (51, 92, '1816-4-19 12:1:33', 'U5P WAOPHCMG92L9L0NN19Y 5HCJMV70XN MWO3CYV0TMLH5RYLAWIMW3FGQDBYQWMCVM7H7FLKP20BFWM8H1NBIGXHBYM3WEU4P5B4VWG4L8FWOHLOWUAL5YW846WWER98HSDGO8HV4UQ9ETWOTWGJ67D9FG4ETFPMOJBSYD63 XPPQ33WT4N0LP7XUDD6FDE2GGAWBOH9LELVHTBWNS1R0QF4MGJK577J5WVPEH8Q3DMLSBO9VJ  AGM3L7Y7');

INSERT INTO PEDIDO (ID_PEDIDO, ID_CLIENTE, FECHA_PEDIDO, PRODUCTOS) VALUES (67, 15, '395-9-9 2:37:25', 'F3BKU PNA9Y31X1YQS7NWOQT 3S8TEDHX3P6YT6ATDCW3JI5NU3HNJUCN1T7UXGNXNRT3240LOFLXQ2CI884FUCGUK9R3KQSRPSV8FQ4WRH8NAH 6WHVYKKULPH8NNJGQMOQ 0EMUS673 JSA E34W57H0WS36NIDDQDI13FFW8LU7OP4J8DH8PMWA13QPD33Y2EH 2K1OEH2Y PX8CCMY82JL6Q4F7KQ QJ A3Q4049OUFVFR1B6H5CODKHMDB');

INSERT INTO PEDIDO (ID_PEDIDO, ID_CLIENTE, FECHA_PEDIDO, PRODUCTOS) VALUES (0, 7, '1535-6-21 10:22:38', 'BERI62HWO5KRXNMLGHOVFSEY0U4IYGHNE4FJB6LCF0YH3NFU4I0JYXPVDACNG95DAND51HQVSS5K0DBBU733S9 FBQCY9BJYB5EE3FGWLRK5YMLAJ23F96CKTM U1FSJT48JA MVXADTBGLHP27WWDKL9Y0D0H667PC99W3SEL3E7JJH E8LF5KOBV82O4D9OEH783XBHXLSTXY94R0J1VP 52IJ283I7524NW8I4S40VR45G89R8H37W44FEKQ');

INSERT INTO PEDIDO (ID_PEDIDO, ID_CLIENTE, FECHA_PEDIDO, PRODUCTOS) VALUES (57, 31, '1631-7-30 10:53:13', 'F1N7N9BUVBNIBHRUI6BWANJQ5JIY2D9FXYCFXJ37CTGGBAABW F6UI9P7BQS D0KGHSP UAQC3KI5CWGODYFXXB015HS2GCR08K6TIP9TH43OX6F2ASPUHTC68UQWOSGPRGMYWOPBKR82LS7MXRQT1F YDYYDA5Y6B62FUKK34TK1GN30L2RE5T9FMJIXFIHY 937BEIG2YVDS9XPIJQ66JP1QKYY36GUGVWPRSIP1AR0PKXKMV8755B6RWVHEL');

INSERT INTO PEDIDO (ID_PEDIDO, ID_CLIENTE, FECHA_PEDIDO, PRODUCTOS) VALUES (22, 33, '22-9-28 0:12:36', ' DCWCVPV544CC1RN8U1IH8QXLICCRSMSVL4N266B6174OJU1UF9SLJY3Y4XNCPQGOJCBFTMOG8G 1FBEY6V9UPTOIRM4MXHIYCDQ7YH VM6K3O45XMM9 DOVE4BCYIO0VWAUTJ2MLGFXS73XVJBX5YRU05O7X4QR6R6G9OGVFEXWGDLH136M59LQFB6E63LUMB06KEPK53YVJQX3 RE1RGNKUB3F28D YU00LHSGBT 2SH2ITW GIE45XDG4Y5F');

INSERT INTO DETALLE_PEDIDO (ID_DETALLE_PEDIDO, ID_PEDIDO, ID_CLIENTE) VALUES (78, 92, 92);

INSERT INTO DETALLE_PEDIDO (ID_DETALLE_PEDIDO, ID_PEDIDO, ID_CLIENTE) VALUES (72, 35, 8);

INSERT INTO DETALLE_PEDIDO (ID_DETALLE_PEDIDO, ID_PEDIDO, ID_CLIENTE) VALUES (47, 96, 30);

INSERT INTO DETALLE_PEDIDO (ID_DETALLE_PEDIDO, ID_PEDIDO, ID_CLIENTE) VALUES (43, 95, 81);

INSERT INTO DETALLE_PEDIDO (ID_DETALLE_PEDIDO, ID_PEDIDO, ID_CLIENTE) VALUES (19, 27, 26);

INSERT INTO DETALLE_PEDIDO (ID_DETALLE_PEDIDO, ID_PEDIDO, ID_CLIENTE) VALUES (22, 62, 73);

INSERT INTO DETALLE_PEDIDO (ID_DETALLE_PEDIDO, ID_PEDIDO, ID_CLIENTE) VALUES (46, 98, 58);

INSERT INTO DETALLE_PEDIDO (ID_DETALLE_PEDIDO, ID_PEDIDO, ID_CLIENTE) VALUES (21, 16, 71);

INSERT INTO DETALLE_PEDIDO (ID_DETALLE_PEDIDO, ID_PEDIDO, ID_CLIENTE) VALUES (70, 29, 77);

INSERT INTO DETALLE_PEDIDO (ID_DETALLE_PEDIDO, ID_PEDIDO, ID_CLIENTE) VALUES (3, 16, 57);

INSERT INTO DETALLE_PEDIDO (ID_DETALLE_PEDIDO, ID_PEDIDO, ID_CLIENTE) VALUES (53, 43, 82);

INSERT INTO DETALLE_PEDIDO (ID_DETALLE_PEDIDO, ID_PEDIDO, ID_CLIENTE) VALUES (45, 82, 52);

INSERT INTO DETALLE_PEDIDO (ID_DETALLE_PEDIDO, ID_PEDIDO, ID_CLIENTE) VALUES (63, 97, 51);

INSERT INTO DETALLE_PEDIDO (ID_DETALLE_PEDIDO, ID_PEDIDO, ID_CLIENTE) VALUES (17, 88, 16);

INSERT INTO DETALLE_PEDIDO (ID_DETALLE_PEDIDO, ID_PEDIDO, ID_CLIENTE) VALUES (30, 89, 60);

INSERT INTO DETALLE_PEDIDO (ID_DETALLE_PEDIDO, ID_PEDIDO, ID_CLIENTE) VALUES (87, 41, 74);

INSERT INTO DETALLE_PEDIDO (ID_DETALLE_PEDIDO, ID_PEDIDO, ID_CLIENTE) VALUES (96, 70, 79);

INSERT INTO DETALLE_PEDIDO (ID_DETALLE_PEDIDO, ID_PEDIDO, ID_CLIENTE) VALUES (79, 66, 3);

INSERT INTO DETALLE_PEDIDO (ID_DETALLE_PEDIDO, ID_PEDIDO, ID_CLIENTE) VALUES (41, 48, 50);

INSERT INTO DETALLE_PEDIDO (ID_DETALLE_PEDIDO, ID_PEDIDO, ID_CLIENTE) VALUES (73, 81, 68);

INSERT INTO DETALLE_PEDIDO (ID_DETALLE_PEDIDO, ID_PEDIDO, ID_CLIENTE) VALUES (20, 43, 73);

INSERT INTO DETALLE_PEDIDO (ID_DETALLE_PEDIDO, ID_PEDIDO, ID_CLIENTE) VALUES (9, 45, 52);

INSERT INTO DETALLE_PEDIDO (ID_DETALLE_PEDIDO, ID_PEDIDO, ID_CLIENTE) VALUES (82, 6, 71);

INSERT INTO DETALLE_PEDIDO (ID_DETALLE_PEDIDO, ID_PEDIDO, ID_CLIENTE) VALUES (89, 77, 3);

INSERT INTO DETALLE_PEDIDO (ID_DETALLE_PEDIDO, ID_PEDIDO, ID_CLIENTE) VALUES (33, 0, 67);

INSERT INTO DETALLE_PEDIDO (ID_DETALLE_PEDIDO, ID_PEDIDO, ID_CLIENTE) VALUES (32, 98, 19);

INSERT INTO DETALLE_PEDIDO (ID_DETALLE_PEDIDO, ID_PEDIDO, ID_CLIENTE) VALUES (7, 81, 43);

INSERT INTO DETALLE_PEDIDO (ID_DETALLE_PEDIDO, ID_PEDIDO, ID_CLIENTE) VALUES (58, 69, 82);

INSERT INTO DETALLE_PEDIDO (ID_DETALLE_PEDIDO, ID_PEDIDO, ID_CLIENTE) VALUES (69, 71, 95);

INSERT INTO DETALLE_PEDIDO (ID_DETALLE_PEDIDO, ID_PEDIDO, ID_CLIENTE) VALUES (50, 63, 15);

INSERT INTO DETALLE_PEDIDO (ID_DETALLE_PEDIDO, ID_PEDIDO, ID_CLIENTE) VALUES (36, 68, 46);

INSERT INTO DETALLE_PEDIDO (ID_DETALLE_PEDIDO, ID_PEDIDO, ID_CLIENTE) VALUES (6, 85, 87);

INSERT INTO DETALLE_PEDIDO (ID_DETALLE_PEDIDO, ID_PEDIDO, ID_CLIENTE) VALUES (38, 25, 48);

INSERT INTO DETALLE_PEDIDO (ID_DETALLE_PEDIDO, ID_PEDIDO, ID_CLIENTE) VALUES (37, 39, 94);

INSERT INTO DETALLE_PEDIDO (ID_DETALLE_PEDIDO, ID_PEDIDO, ID_CLIENTE) VALUES (2, 72, 37);

INSERT INTO DETALLE_PEDIDO (ID_DETALLE_PEDIDO, ID_PEDIDO, ID_CLIENTE) VALUES (61, 53, 0);

INSERT INTO DETALLE_PEDIDO (ID_DETALLE_PEDIDO, ID_PEDIDO, ID_CLIENTE) VALUES (57, 0, 16);

INSERT INTO DETALLE_PEDIDO (ID_DETALLE_PEDIDO, ID_PEDIDO, ID_CLIENTE) VALUES (93, 17, 61);

INSERT INTO DETALLE_PEDIDO (ID_DETALLE_PEDIDO, ID_PEDIDO, ID_CLIENTE) VALUES (35, 18, 8);

INSERT INTO DETALLE_PEDIDO (ID_DETALLE_PEDIDO, ID_PEDIDO, ID_CLIENTE) VALUES (74, 15, 30);

INSERT INTO DETALLE_PEDIDO (ID_DETALLE_PEDIDO, ID_PEDIDO, ID_CLIENTE) VALUES (52, 70, 88);

INSERT INTO DETALLE_PEDIDO (ID_DETALLE_PEDIDO, ID_PEDIDO, ID_CLIENTE) VALUES (12, 79, 17);

INSERT INTO DETALLE_PEDIDO (ID_DETALLE_PEDIDO, ID_PEDIDO, ID_CLIENTE) VALUES (65, 11, 15);

INSERT INTO DETALLE_PEDIDO (ID_DETALLE_PEDIDO, ID_PEDIDO, ID_CLIENTE) VALUES (54, 85, 60);

INSERT INTO DETALLE_PEDIDO (ID_DETALLE_PEDIDO, ID_PEDIDO, ID_CLIENTE) VALUES (67, 55, 23);

INSERT INTO DETALLE_PEDIDO (ID_DETALLE_PEDIDO, ID_PEDIDO, ID_CLIENTE) VALUES (49, 17, 47);

INSERT INTO DETALLE_PEDIDO (ID_DETALLE_PEDIDO, ID_PEDIDO, ID_CLIENTE) VALUES (98, 66, 98);

INSERT INTO DETALLE_PEDIDO (ID_DETALLE_PEDIDO, ID_PEDIDO, ID_CLIENTE) VALUES (8, 49, 61);

INSERT INTO DETALLE_PEDIDO (ID_DETALLE_PEDIDO, ID_PEDIDO, ID_CLIENTE) VALUES (62, 13, 41);

INSERT INTO DETALLE_PEDIDO (ID_DETALLE_PEDIDO, ID_PEDIDO, ID_CLIENTE) VALUES (16, 70, 11);

INSERT INTO DETALLE_PEDIDO (ID_DETALLE_PEDIDO, ID_PEDIDO, ID_CLIENTE) VALUES (68, 13, 66);

INSERT INTO DETALLE_PEDIDO (ID_DETALLE_PEDIDO, ID_PEDIDO, ID_CLIENTE) VALUES (80, 39, 23);

INSERT INTO DETALLE_PEDIDO (ID_DETALLE_PEDIDO, ID_PEDIDO, ID_CLIENTE) VALUES (34, 75, 8);

INSERT INTO DETALLE_PEDIDO (ID_DETALLE_PEDIDO, ID_PEDIDO, ID_CLIENTE) VALUES (94, 78, 96);

INSERT INTO DETALLE_PEDIDO (ID_DETALLE_PEDIDO, ID_PEDIDO, ID_CLIENTE) VALUES (60, 16, 99);

INSERT INTO DETALLE_PEDIDO (ID_DETALLE_PEDIDO, ID_PEDIDO, ID_CLIENTE) VALUES (10, 2, 91);

INSERT INTO DETALLE_PEDIDO (ID_DETALLE_PEDIDO, ID_PEDIDO, ID_CLIENTE) VALUES (95, 50, 34);

INSERT INTO DETALLE_PEDIDO (ID_DETALLE_PEDIDO, ID_PEDIDO, ID_CLIENTE) VALUES (59, 95, 27);

INSERT INTO DETALLE_PEDIDO (ID_DETALLE_PEDIDO, ID_PEDIDO, ID_CLIENTE) VALUES (13, 73, 24);

INSERT INTO DETALLE_PEDIDO (ID_DETALLE_PEDIDO, ID_PEDIDO, ID_CLIENTE) VALUES (71, 86, 53);

INSERT INTO DETALLE_PEDIDO (ID_DETALLE_PEDIDO, ID_PEDIDO, ID_CLIENTE) VALUES (27, 15, 61);

INSERT INTO DETALLE_PEDIDO (ID_DETALLE_PEDIDO, ID_PEDIDO, ID_CLIENTE) VALUES (44, 20, 55);

INSERT INTO DETALLE_PEDIDO (ID_DETALLE_PEDIDO, ID_PEDIDO, ID_CLIENTE) VALUES (66, 92, 42);

INSERT INTO DETALLE_PEDIDO (ID_DETALLE_PEDIDO, ID_PEDIDO, ID_CLIENTE) VALUES (64, 63, 79);

INSERT INTO DETALLE_PEDIDO (ID_DETALLE_PEDIDO, ID_PEDIDO, ID_CLIENTE) VALUES (26, 28, 36);

INSERT INTO DETALLE_PEDIDO (ID_DETALLE_PEDIDO, ID_PEDIDO, ID_CLIENTE) VALUES (51, 19, 99);

INSERT INTO DETALLE_PEDIDO (ID_DETALLE_PEDIDO, ID_PEDIDO, ID_CLIENTE) VALUES (81, 77, 13);

INSERT INTO DETALLE_PEDIDO (ID_DETALLE_PEDIDO, ID_PEDIDO, ID_CLIENTE) VALUES (86, 98, 21);

INSERT INTO DETALLE_PEDIDO (ID_DETALLE_PEDIDO, ID_PEDIDO, ID_CLIENTE) VALUES (97, 83, 8);

INSERT INTO DETALLE_PEDIDO (ID_DETALLE_PEDIDO, ID_PEDIDO, ID_CLIENTE) VALUES (28, 92, 94);

INSERT INTO DETALLE_PEDIDO (ID_DETALLE_PEDIDO, ID_PEDIDO, ID_CLIENTE) VALUES (25, 60, 8);

INSERT INTO DETALLE_PEDIDO (ID_DETALLE_PEDIDO, ID_PEDIDO, ID_CLIENTE) VALUES (29, 32, 16);

INSERT INTO DETALLE_PEDIDO (ID_DETALLE_PEDIDO, ID_PEDIDO, ID_CLIENTE) VALUES (92, 53, 61);

INSERT INTO DETALLE_PEDIDO (ID_DETALLE_PEDIDO, ID_PEDIDO, ID_CLIENTE) VALUES (76, 6, 96);

INSERT INTO DETALLE_PEDIDO (ID_DETALLE_PEDIDO, ID_PEDIDO, ID_CLIENTE) VALUES (11, 97, 99);

INSERT INTO DETALLE_PEDIDO (ID_DETALLE_PEDIDO, ID_PEDIDO, ID_CLIENTE) VALUES (40, 21, 18);

INSERT INTO DETALLE_PEDIDO (ID_DETALLE_PEDIDO, ID_PEDIDO, ID_CLIENTE) VALUES (18, 54, 60);

INSERT INTO DETALLE_PEDIDO (ID_DETALLE_PEDIDO, ID_PEDIDO, ID_CLIENTE) VALUES (5, 71, 43);

INSERT INTO DETALLE_PEDIDO (ID_DETALLE_PEDIDO, ID_PEDIDO, ID_CLIENTE) VALUES (55, 15, 53);

INSERT INTO DETALLE_PEDIDO (ID_DETALLE_PEDIDO, ID_PEDIDO, ID_CLIENTE) VALUES (0, 89, 18);

INSERT INTO DETALLE_PEDIDO (ID_DETALLE_PEDIDO, ID_PEDIDO, ID_CLIENTE) VALUES (56, 64, 83);

INSERT INTO DETALLE_PEDIDO (ID_DETALLE_PEDIDO, ID_PEDIDO, ID_CLIENTE) VALUES (48, 66, 74);

INSERT INTO DETALLE_PEDIDO (ID_DETALLE_PEDIDO, ID_PEDIDO, ID_CLIENTE) VALUES (84, 72, 87);

INSERT INTO DETALLE_PEDIDO (ID_DETALLE_PEDIDO, ID_PEDIDO, ID_CLIENTE) VALUES (88, 12, 5);

INSERT INTO DETALLE_PEDIDO (ID_DETALLE_PEDIDO, ID_PEDIDO, ID_CLIENTE) VALUES (14, 95, 56);

INSERT INTO DETALLE_PEDIDO (ID_DETALLE_PEDIDO, ID_PEDIDO, ID_CLIENTE) VALUES (77, 57, 79);

INSERT INTO DETALLE_PEDIDO (ID_DETALLE_PEDIDO, ID_PEDIDO, ID_CLIENTE) VALUES (39, 5, 1);

INSERT INTO DETALLE_PEDIDO (ID_DETALLE_PEDIDO, ID_PEDIDO, ID_CLIENTE) VALUES (91, 27, 50);

INSERT INTO DETALLE_PEDIDO (ID_DETALLE_PEDIDO, ID_PEDIDO, ID_CLIENTE) VALUES (1, 57, 64);

INSERT INTO DETALLE_PEDIDO (ID_DETALLE_PEDIDO, ID_PEDIDO, ID_CLIENTE) VALUES (90, 9, 15);

INSERT INTO DETALLE_PEDIDO (ID_DETALLE_PEDIDO, ID_PEDIDO, ID_CLIENTE) VALUES (99, 93, 13);

INSERT INTO DETALLE_PEDIDO (ID_DETALLE_PEDIDO, ID_PEDIDO, ID_CLIENTE) VALUES (23, 19, 25);

INSERT INTO DETALLE_PEDIDO (ID_DETALLE_PEDIDO, ID_PEDIDO, ID_CLIENTE) VALUES (75, 13, 39);

INSERT INTO DETALLE_PEDIDO (ID_DETALLE_PEDIDO, ID_PEDIDO, ID_CLIENTE) VALUES (24, 24, 71);

INSERT INTO DETALLE_PEDIDO (ID_DETALLE_PEDIDO, ID_PEDIDO, ID_CLIENTE) VALUES (4, 1, 57);

INSERT INTO DETALLE_PEDIDO (ID_DETALLE_PEDIDO, ID_PEDIDO, ID_CLIENTE) VALUES (83, 85, 24);

INSERT INTO DETALLE_PEDIDO (ID_DETALLE_PEDIDO, ID_PEDIDO, ID_CLIENTE) VALUES (15, 43, 31);

INSERT INTO DETALLE_PEDIDO (ID_DETALLE_PEDIDO, ID_PEDIDO, ID_CLIENTE) VALUES (85, 25, 33);

INSERT INTO DETALLE_PEDIDO (ID_DETALLE_PEDIDO, ID_PEDIDO, ID_CLIENTE) VALUES (31, 69, 95);

INSERT INTO DETALLE_PEDIDO (ID_DETALLE_PEDIDO, ID_PEDIDO, ID_CLIENTE) VALUES (42, 68, 2);

INSERT INTO CATEGORIA (ID_CATEGORIA, ID_PEDIDO, NOMBRE, DESCRIPCION) VALUES (32, 94, '3C52FDKU5Q9NI54U1YB6PLJ1QY826GC9K 62BBD1NRFJAPP5UWXHY0LN4NY5NWQQK0M7VPBJU 86UGE7X56CS3J4TJXWAVQS8S9WGY2OO3BIVKJJGTS0IMNVNR9P8XM9SUFHC2TAEOPTA08H038AMW9V27QY9MY5QSQ2Q3EFLHKFWN9Q9KA89MLJFKC6LKC 3B609G8EGK SVOX1NBX6 EH0OTYU5M0AEYHJ 37FU0G3PFI1UX85292H9662PXG', 'BWF43VW1QKK U MUV898WDDM72W6ELT5HESGAWW4B2FAQ3QNIAYYNJF21CXU2L4RYGN7TAFVFUI22P16V 5KHSRKUSE2GYQ2I462W1VR7IINDFE9GNO07PLPHEM415W1II7YSX9A5OY 658IV1 59CL5SEWWRI4LDFIO98SGWUJN2GCQ WCA A3JQPJ9IW59MKM94B3LIJ4AGDY7KGPEDBJ0VR5RE5466JYTTDJ0QFDDN711CFG1WSHXUT GYHC');

INSERT INTO CATEGORIA (ID_CATEGORIA, ID_PEDIDO, NOMBRE, DESCRIPCION) VALUES (82, 71, 'O76QJ2IW23HEA9P012LSCTN7F5A1TA 9V2 0YGHIC1OS 99NXPALMQ0BP5VF1AD5E7KKQ 1QAUC6LJKEMA3RWV8R8795J16OQWSFUGENYDS74PWLSHMC6RH5HFT0R34LCUW7IGK3WF8Y0FF02QH4K2 NUE61WNY8UU9WCY40OHLO1P77T0M92K8O0HHBQ3795NGE2EX4LTHE8UXJQ WYVNC9DYADMFXAQ8 K4TUFJYA7NXAU0ONQXG0RG09EP73', 'IG2DY8YH4HE4CVRYVK3YGVJFQCHGK69L2DK8RTJSE45FWVGWSUA2VASNL7T4EU14SC30FK0E00W3IB77CC YGAVLHEX3JKB84GIT 50APA913TXK2FMW8XAPOR7BW4WK9PX6QAMFD3P6BUV97O V2 DWG37JV0XHJ5DN0T0MFKKJHY 5GNE6FOQN426KD4YTYX8FP6W8RCQMG90WE2XB65LX9RLM2K3GHA8C9AFPEYKJXM40T2JRPB3JNGMDOA5');

INSERT INTO CATEGORIA (ID_CATEGORIA, ID_PEDIDO, NOMBRE, DESCRIPCION) VALUES (19, 99, '3N8GB04UJ7 77XFGV8478O5OK89FU4D6OXWM7522RYEHQ7WHYPG1S76W1X7XSH6KCL3GBULEEM57ISN1XJ6H9E9NOPHSPPJ9KYBQ0 GQA463FS994B7BD0RDER0ULYSQ67U SIXXSGL21MHE72J9520M5770NCUB0960V8LP1NTL119T F16JXCOUSDEC0F1PY097PVFC6TS65VQL8WL4BV5UO8IAD DX6GX8UBUPWFLQW35UQE9XX2M96YX3I9', 'UA QWHLX3M6BPAUUXB4E5AC53TTQB8EPR U3AWGBOFKUJPUUOVDDPU7  P0PYW118 3FPHP5UWLDYIIJDC328V70XCCFLGDEHAOILT3KAO535RVSCGK 9JT88SP L8VU1ULNP92 FLV BJJDQJJN50IMKBN614LBXD1K 3R2KPOMS66MK FU5HUY73X3EN9AWFAP9FYRNTNT4 PDXYW1F ISYWAPG2ROVMKANVMELG79TUO910T4LXIDARW7MX ');

INSERT INTO CATEGORIA (ID_CATEGORIA, ID_PEDIDO, NOMBRE, DESCRIPCION) VALUES (23, 28, 'E8IYYRXH7IA9LL5747Q6XU96TI71TT25SUFRJGMBOROBRUF3BS587V1B N1B4NFLSHO4E42PB4F76HXC9RWBF98WXVFF2QGRIJKUVERC1VMNC4RGXLU2QJG34S6BUBVA36JY8V9RQ21XUXYSPC940XKW 9F06BJD4ECH3P3E2XG27YT1X1CWWXTE76WMJHNL8CXMVVWDITEIJX8LI7W670J0RDXQYHHRMSN6F8IG40W 6EQA16S5QD7B Y11RDM', 'SYBFBYFNHJ0NO6GBO4WOVTQCWMPSS V061CVFR4F1A14B QQ6OOT8XIWRI 2X5KSLJ30HAR602CPFYM 38F81NQQS2I7J0W2GKRTQUWCXSOLOT4TXWLAPM6HW1UTOR15VLEB9D12XGE4JII6 9AH5KAQLVFT1TO5CC24OABSSH 54WWKK0SGWGBT7M2M9Y87SLBMNC0LQ LGR2N4AXKIGAUIHY2 G7ENKER58U3E4 VYPPPJ8YXSDNIFVTIG37H');

INSERT INTO CATEGORIA (ID_CATEGORIA, ID_PEDIDO, NOMBRE, DESCRIPCION) VALUES (88, 0, 'SJ6PEOUF3BVH 3407KVS9IL32X ACWFJRDFUCTE07XR078JC29E2RBV1NHSEBD4CNA19IRTI5F0710XJCDJECY1XIVGC4EGICQQ3PT3DS21T7VCO 8HO 3GA6DG31IC3PLT02EE3QPAHG ODWID WNUMP010REXKS83TDUW7UQL3S0610XCTQJ5G6LD55B FXLGMXW3GOL3S4OS3CTJ8POKM01810XTVKD3UQDWM VEXW2QKSMAPQ1A1HYU7E1X', 'LWI74 FAQR3Y44CFSCWPONDCN3H3IC80DF543992DJ7FSYK2MSFMG5AHG95WI 8ORB 6R4J  0VKKB0TIKNPICOM2H70Q30PCUOE1A1M6N6JEVU 4LFPG1EDNDIFYK81W2H8NG14O0WRXN3VUK8VSBEFWRRAJ2K16KBS2R2140X8EWCI2WY3IH22F0TQEJKHACIR 2 I6AWFJUYJ47  G EP3E32ON7X1GBW7W4EQXTSCYXXV7USD3B17DQDX9X');

INSERT INTO CATEGORIA (ID_CATEGORIA, ID_PEDIDO, NOMBRE, DESCRIPCION) VALUES (11, 16, '2HIABEPYK 06O159NBXWM38L5BW2JCKCA2WMC359D6KWJKB9F74CDILMD CKMIKC4WVBAHAA40UJGA774DRB1AFI1A63979 YB0R2L3MMB5MYFHRL1DM0OCGMJKPL7UB452O6I0QPKSAUWMESP EBWDS9QLR4F2A383 8XDVR0EHT 06PRH2B979GP8B 62BNUIB4N6YO  YN1EVXJY34S13HOD JCWAY OTW7GX XNON44S 7X4MW4I3MC J2W', 'YQCCF6IS6EI77FL3T3A1A D05TEOGNQ8GQS1M8GGQ05TLBIOM3KQF79S1NF0OAOQULU0JMQQRN4NHD1V5WHBBLNCV905SQWIPPNWQSX7OF1YVXTQAWOP4EL PI28Q82RIXG679URSRBKJ0G3LB4C4QVHOAW42N4DDV60NXS5U0VPNC2FLNXTH9T048UXESK76W8EDX5TG3RTGI MMCUYE155DJOH8XUO5BQAL8V89T3CY8M130MS4DJK7VKLBT1');

INSERT INTO CATEGORIA (ID_CATEGORIA, ID_PEDIDO, NOMBRE, DESCRIPCION) VALUES (40, 47, 'JYYFWW5UC7OAHS6DRUGSUDCR046Q7TL7VCFAE3UHPV49EXC L PS6343YAT09ALJ9DGTLR744UE8CND46O6441V8K501CETIKS1OKATIVAKKK8RPBPKRD1E7F2JEJK6UD46FYV7Q16VAM0DLIMLNVOQRGMYC57MF2TY3ED4QAXV0AP0T4AR2T2PTQFWN0187Y98AR3D5UJPW2D5 EDXWEJO7RWS6HJ I3Y1URXHYCK VOJ5LVJ83B 73KJXMYLE', 'MRB19OISGI5WMQ6DHIKE70020S2NOPDVFDVKNDH1PSO21I22UYM3BT2S6TECE1IC62RADDQPHX3DGH2TYCDKIM97DFB2HD 5QOG7IHJG5JGWGYF7699BBRD00UHO7RI1KBW1WRB64J2NCCGY3H6E8RY8FSJUD 2NC  I2Q FUKKDPAU6GVHXRUPT7G4WXXC79D9OMO4RIMW3G94V0JGK QNCOQAJVP21UIMEPB 32QVHY2YDJTV24FHH4RJT3S7');

INSERT INTO CATEGORIA (ID_CATEGORIA, ID_PEDIDO, NOMBRE, DESCRIPCION) VALUES (44, 38, '24V HMJKW71KCTFG6B3 EQC9B0VJX2J6TLVCP4POMMIT2C50K616UA8 QNTOQD89DYHCODTMB2DU6KPFRJOK 7XUC8DI1VM355331JNR9SJQ035LOO7HDSOYRA FUURU386BEIGIBY24ID0X1Y2UJEKNIQ387VUA3BNFSJEN2CRKMXKL0JV96SH916CBKR77J9OYYHXCRVMRJT2O40BUTKT5X15E1MNPSY3DHMLX9CI2YD7ITVJ 6L6VPDPEQDK', '3RA3EJTI0PVO3OOFHTN7M4WE77MBWEM83HQOQL0BOSPOCEH45IE0612S93Y3IWNMLQ1TA07 SRLJ7S0GULXBIIBT3G1LCJWT6AHKBCXS4V0EFJJRS6EBPE2UQ3BW68D40DCWKOAHUHW NCSAJ4SHM4QG2KDG3HP5NQVNBCD5QGPEWTP7RP0U4BTSXS6O9JUYP5C542F9WIO488G67XKJM0878YOETWO1K0V PVI3WO06WJWWBHAYI42LOOVXXFY');

INSERT INTO CATEGORIA (ID_CATEGORIA, ID_PEDIDO, NOMBRE, DESCRIPCION) VALUES (43, 48, 'S74DENU8WDBMCY7BAWW6 1EKLTPLN EIVQLTTNE9Y6YF2EEHO2IAX60RRLKETN7U866QCLP52QCLYUW6SHHILF81YCXXS6JH4HPBEUQR86YQO3TGG7NG0OT9CIC3V4DVX891VTNGG52Q5IYLOFD9O0U3 HFV755C77 UIKUJ5VECBES5FRXW3JUE8D8Y8TO1SWBWYUCH2 HNMAIUVD4RLERAYHCAX0TVKOM985AGW5QOAM4D6S QVLRN QNURVO', 'UV84HV086QE D450RKFPELVSTQ483YTTW4VWYD WHF4PID0CY16YRO4ME92HYHL7 8S 6W56U 8PW7 PE31EP248QQE3HGJRN04GIX1E6 XGL278M1433A4OSS6SNUV7Q51W1FX158PCAPB8L2SQMH4Q69A2UDI740GW0BI 9YMFOMFCTOOE1OOXDY50Q9CBB5NPLH2SM CU1R0DFYSYW2G5CQEP8WYOBXS6UEUU8IGUIPAFEQV1WBA9 RXWNLW');

INSERT INTO CATEGORIA (ID_CATEGORIA, ID_PEDIDO, NOMBRE, DESCRIPCION) VALUES (48, 71, 'GPSYTS42QKNDATME T15EM676PSU53CO43K 48YMB0WA0KQ KUR43I37WVI1H M5RR2EOOV3C4S8 05WKRJL6U20D6EBU85YFPWL7R10TTLKEKB9VBB1HJ7NRRET9X0JS4O1KH89L2 KSK909VALGVR883MH9USTS2NSY70EWCPHTWOF7B8YFMIF80J7SXWSRJR7YM2KGOXS3NKWR30HSEFBT2W80PU68CHRGHS571TFP1F1MBE1CF91SSG9OHV', 'FGYA8QIJM5KQASYUHYBCPN6949PBXSHX9CGGL297I8DGD7WDOXQCBO9VMCI 9W3GGFAVSJB8VFXK9CT94RQRPTFILOKAHB6HV86QRNDY4D9Q0E8C5WPFVM98FGVILJQ68QHPBSFO13ATFUJBMSJK9PB3K8M94N2NQYRK8SO9N2X872F 5M437UXN 9SPX4PKQET80XEONL4Q0O7E65N9H3AMJX6SWT WGHD7RU1XCRPSNB1T9DUVE8EWNVEYYAK');

INSERT INTO CATEGORIA (ID_CATEGORIA, ID_PEDIDO, NOMBRE, DESCRIPCION) VALUES (81, 9, '0D91KTJY8DNFVA2IYXL13FB8MXAE8GUGYS P8X BKW1 YLR RRBVROE7T1PPEAO1KYSHT5T2V3CM3WSCL3SDFTCO84CAES1XJ3CXBL2E45H7Y7FY83EB0QJ627OBBB7H08IC MEMQJHP29IM1WC8AFITD5KEGLXTF49PN4EXAWSVHQL62TSHEC8S02CD0VGX9H 8LSNF42TB1DKLLNWLSU5DYJL9DXAA1G7A L7QK7JC7KJ4MIMPHNOWL0ILE11', 'I2UGXPOAXS 29JDCSTUOEQTTO2BGGIDFJ4ANXXT1H6S3TGD JMSNM7CT7 C501R4F6GKWC1507J39M0N2AFLDS0JAVB5BOYLE5LOLP5MT9R4DD J0RR 877XUTRBC3CSYEBY1PUXLTHRCRDQYEEQK5JU T16PUOGB6IMF9N8D 4WONLFAQKOPG6T3R16HS357AFV0M7PHFS6O7OI3SNKA6NN0N V1NHBE3KQYEDR07E3TI71TS3V17224 NUMHC');

INSERT INTO CATEGORIA (ID_CATEGORIA, ID_PEDIDO, NOMBRE, DESCRIPCION) VALUES (60, 40, ' WEM8A87U1DGJGHGFSNBJNKP3Q89920T612NBXKV0N9Y5PLG08UTNM933DCLDGDD16U9KJM2DHF6KQG5BKI OH003W2EA12QBW CRC66GV06XKIDFVU0K5I5CR123BXE6NBEM9XJNE6JN84TLBOE3QF2BOQMU63S0LIDWCBMG8FEATMDKYMKCFOG4LQJKLLUSMSLEVEVHSOAIIRMRVG0  0KB84OB0B9O5Q4FG6QOIQRSXQO09J 2J7O57226I ', '5915SRLLLJAP8NLG0DNM92QH4UR90NI1I836 9N36OUX95BR S91XQFX9LLVPA85Q0S9318MLNPLGNM3NGEFNXFY TI7VNDX8FHK B6YQSGQIHQ5UL5HLXGEJCHCMH9WIDBMX8QE9SXS4GL3QIVK5Q 1AO3YPMUTUF5CXD FD9YG59YTJS4S1YNIQOSGQFRFDXYIXCGV8K1BG5I46XX1P64J KEN 4C4U2 LM18W2IO0BR2O7X1 HXEPHRVIF9D');

INSERT INTO CATEGORIA (ID_CATEGORIA, ID_PEDIDO, NOMBRE, DESCRIPCION) VALUES (16, 61, 'LKKMSUB05CFT1CC 295LLFT YHH161W 874PQNS3TXK4PQBWK3LMVRWO9UMU43VI9TOPEYG0QELFUM9BFUEC4R2HS7G7MSA0RLLQGA198SKXJUUFW3802CPG8D4CJ5GUDO7I8I751K KSM9C3UE27XYA9E8FGKBK7DWAG UQC2GNXKJBY9P2MO9BYK11WO9MY3BYTXDNO1P5 HP6K1AIR1JR824REBX KN7I2D  PXFW GX6T84W11IHTKO7HA5', '8BTU68HH6Q828XOET2YB8IMHD6VOSXMID9NDBRKUMEBIT2B7V266QX906UY3GNC6FCYU2JAEEGJDL2BIY9O1GOV EPRWP6FO8I O9F2NGU89GVBG09MUU4CILJV4R3FNQJ4VA7NF746DP6ON5GY7NP3WS3UENHX289RVPAIQDO QWKDDECU40B1UNLRS4XPHCTSD F1H0E67HTNAKVH709P7C5C9T0LLNTLGGV4OE4GVNO0EU0LW5TBO7ACUWD ');

INSERT INTO CATEGORIA (ID_CATEGORIA, ID_PEDIDO, NOMBRE, DESCRIPCION) VALUES (22, 29, 'D4MCSMWIINS5QULV8293HL6RETP024 PRFX10TEHO5SE03TYBN8QY37JB9TRP5GGONQRI2A4EFV4D4NFW9HNURPP 54QR71CC226RG9PH589MFOXDK551LFJW0CWECDU 840TQG9C08AM4YK2637R3VW OSW ASVQGRIANJCN89VOAH0NBP0A L B0YKIPJUI8RNHDWPA70R1ECKUKY5YJ3 FUFT40I4D4LBU W17OD5YNSTVTP5I55CIMOU9IW', 'NJKUYPSNQ 9CKPCJ1SSDYET3N1DHRHR144MYLNAL9RPTA4LB75Q1ARRF9BMA692PUFX3ES0ERFF6 HQGCJBYNB346EIMTBS858J4SVUGLOBPJ TJCER0YHDKW5CT EW8 BR5JQIONO2VEJJ152DW83GIH8AEVEOSNFMSEAKX9U7V9T1SW58FL7T JBCABGA5P6Y4F38UTF T01YUD79G64VS80OI7IUMDGPU4OOO3H0YKWOHDFH97H8MQT8 6DQ');

INSERT INTO CATEGORIA (ID_CATEGORIA, ID_PEDIDO, NOMBRE, DESCRIPCION) VALUES (24, 29, 'SJX3KT7ADUM86MSLSDJ1ODV2SNEI270Y6NUMS7W5XRRG0VB1SFGUVSEE31BJMNUL37F3TOJQ0RV8LNV3LKV DLABKYFK4U7CGAU7AVJ6D9PO6M9HCL8V22OQ6OH WEQ6I KNYCIC6SOWS ITIQ7494K08BYLNDHFHXR3OQS8CH7A2FY 2C90F54T9NG4EJBA0DIIMRHLAMJ1UH5PGFHEVWUYNADYU6H9X8FHI3IIIMVOTEKAIM2XRSL6X097LNJ', 'WL307G0053FG06RV0 SBKH4IWD 9LFVU0CRURAQT9V4HDM7YTWC1E6J67N4144HF6O1LVV86X8B 2AV8AXE M035H841P6OYUJ6GS8WR GFJ66R7KO1EPORENE40UYAQHG0JE84OLD6BW2U9HM1WW79VTNMNDABO48HSJ71ORIBBSC5RHJE3 OJ1M5QWGIQFSXFHWSQ54IQPBEGSQM2KF40HGD90841 92QNVYB7DPO41PX1CDJPYF24I86G35S');

INSERT INTO CATEGORIA (ID_CATEGORIA, ID_PEDIDO, NOMBRE, DESCRIPCION) VALUES (83, 85, 'T03TC1XJPL8KWAON78DBLY88RGFX6MA2H0GFREQ8VVBGQ91NRFAI4Q70GG519RJVB77DSTYF4887G6WA8WMKT5P677RXSGNYO7UAWLJ1J6K9NGY071LNV1F3B9V8NKLK5AHVMT3N1 0YNVYJTQJXXKYX9GLVSMVOS6VCM319GLHOQSE HUINDLMWO4EDDCMQCCQ8I9MWCRCC0 ATL3B0C8D25GIRYG3SB5ETH3ARPDE163JTASPW09X0O0FYXSX', '4 4GPEV3JUJ884YSDXD8V2 XL9MT4NO50XYBHMXVXNW9T46W21RCYLC11CDJ0B6VXVSHF0V4QT4L1G9HKR5MVHIMIT9C9BTGOQGQMQCW3SRNSL VSND6EYGLBH03XDUMJRKRQGQ5870B38OYDIXEWX0FK6NDV 5P GUI13WNTCJWCSU9FTQIDKUG84YW6X4JAE AMO7JCEYT7NWW193TVRY2K5C7GUD1VE215JPD1D01ANE52KW7AI28CU00MB8');

INSERT INTO CATEGORIA (ID_CATEGORIA, ID_PEDIDO, NOMBRE, DESCRIPCION) VALUES (96, 33, 'B2NAAJY11F34XN7LB5PUJ245DAX4HELDDIVMFEER9QDI5ABDMMQ8JD37L8WLU05RGEM8Q9BJTGGMRRJ6PRXRDT87H1M74LVRKBWA68QKVUS2RMAB4QPVWWIYAWIU6KF YGJJDNRG4CJ26E141P0HOOQB4GHX8BRDWMEU70DRPFSU7GKWG4YMIM8YOS BHXH81N2F0 N499S2EYFD02W8T36W822AXWTVI26OVOFN22UT7G0QWJI9HNDHHNOANTP', 'DVSNFGN61TM17924VK0Y8IS5PRT8RM274H 7 JDJ7P4MC4OYL2FG1O2H23HN90CW5R GMKWPXAPYVNA7BIL0TH8BSK6DWIT59Q11KR96EOOE2U213I8B 85TE0Y90M0AQ4SIB1BAUH84BNH RGRGW PFMPQQGXEONF8PXX41XMV44PLEW84SCHMS4 QXPNVQ3FL6978A7L86SI2EIPE MB7O5GFA69ST R0UWEO3MN77EMV 1C9NIFMH69PW7O8');

INSERT INTO CATEGORIA (ID_CATEGORIA, ID_PEDIDO, NOMBRE, DESCRIPCION) VALUES (58, 59, 'Y5261EGO4AF469JXIXOIAEHGB5RHL52GB0E11GBX83VUO4X 4Y2Q6RG79FW52H8U6XQI84S9WLXYWR12KVNQ80HKQ2NAYS0Y7REQ3OP47S5O00ANA126 U1AOMOXJX7OF8RE36MDW0LIQSFFH52DPHP4CYCQIY5ND825WK2YVP5HH2S7CFKSR9M5M7N2EK5PEK8JDJL1MWMUIRP5AV9CJIAA22SWXCWYY8GXB8PAECOVEJR2Y86B 3AN171309J', 'UAKV3QFVQV9LSA0U36BVWPCIRRL02Y1BVEOYP VX0PP672TXRG5FHMWCTO5SLYUHMKIA7PJDPD1R655HB TLGX8KT9DWS2A64T2YHAH 5W34A2L9LJG98KUVTAE7X29C6Q5IM5HHT5NOKAMHY1BNG23YGOTGFMKI17 NP5XKSXSTROKKM2V6Y3SBFAFAQUL993B 27O3BNG14FQUQR4OA7 0OU9B8959RQD RHCK72L747272BQA5QJM2E4SXUN');

INSERT INTO CATEGORIA (ID_CATEGORIA, ID_PEDIDO, NOMBRE, DESCRIPCION) VALUES (54, 2, ' LMOV4O49BFB BL J4B PBXWJYLLP97N23IEGBY SUD1R0GB9Q77R54V435GMVSN DOKW KJ93Q10 DR83YQ1KPU0VY62UT66RV4BBTJJYW8644O W5458J11SYID52 SB7IVXWT3UI84CQR7K1YHI0RD71I7 1JJX4XI2YQA0YVO1R TFJKFCQ4QPEWGT675M4T5HLCT9DIS3LQOG8P3YI9GPQT0DXHBUC H4R MDX7O3TM61AY5C9F42V6 5M', 'WCK7F7 KSW3X67HP2C16P8L8O3UCP6KM45PEN6I6GHMHMX876LU7E412V0PUU1BAC050BOOYDVPD75J52S1P3XROAD3VK4FF3NF4U5BWIC3 02WE1RLYX6F1TMB0YQ1DHS9FMIX11FD9KGNDVX40JNTR620UJY 41MAY2L1GRO2XA1HSLLD7HK1SAGYY67BN4QFVSKPOHBLC28D2HW09H97DMAT8JPR7DS 1ND0GXY0DMQKCPNJEBIBJ86SMQVR');

INSERT INTO CATEGORIA (ID_CATEGORIA, ID_PEDIDO, NOMBRE, DESCRIPCION) VALUES (52, 32, 'UW0 XAO777F398 1 QMCFB21UUXXUR951DENL3I8WA71KYGJ9WGMWMO NFGIK0JC0K 18I9HXBJYIETU8D6YCCBLWRTD3I9NVT1SU PNA91EPE VQNFVPCJ1J7 YVK0PMS5VFFB5J1HED4N5GGYJVWEK57H5SRA0OA0FNQH4QX12FUXH4HHMS0BCPFS13GA2J876VRC4I4VAOYDPFOPNGJV3CJ41L G6RUBSV J1SGQP7K45TMYHV90H0A5J3VW', 'L71AK157UQLCOBDVMHQWIAIVTYGPYP48EB8UJFPTHLKS7RFWE03AD982IY5OWAY6UWBXKKVVU E27A30Q4X82MOMW5LE6C KW17RIFXKX1ID5QCF1W8 SJKEOYKSAMSSO1NUPBAFSVQJTC1VDYRXI9PIS0V3T37PNUJU4IIUJWEC3L8LEKLJ53NA7FYD7OLM2WNOY9MON5NR88YR2V7MM1HKBMGRNSLM6LPF5G266EL88Y8ETQ7EO SUEDKDKIB');

INSERT INTO CATEGORIA (ID_CATEGORIA, ID_PEDIDO, NOMBRE, DESCRIPCION) VALUES (6, 34, 'IKBSRGI4T2F8YJVGV771UEWXXYJEH1HKSNSYO2G51KJSCGAGJYFA4C9G6SCNJO33CTMKDTFQCEKXS6ILXXRYIHESYKH30QI8K8NDAA1MU534LWXQL6FTSGUVO61PY9B8SUPJ5J9QOUQNBJ0H6NQYPBNQSG9OCKQAAG2384TQEKNI6R9GNFPJVDA2OXVRDUOBJ7579U7BPYSEM3D3PWI0HC21SFE1HLM5FGDJ4EVQ0WNAVKGI2NDW83JTWQ6LFFP', 'QCC6XEY MCEQO9L4YQJJF5P9WPPA61DN2VYMIU8YH2OR3KH81BF19NBYP4XWG9C67KQR3L7P164R 0 1CFPEMWIGNG6BBDOCBONJGOTNEXJWOLEKJOFU31JDLYG4HQKS6OOLLHQKL8YYITIRBRL23SK8Q3KNUSYBJ1DCC3GINYFRAN159235C XUW8JNCTX8LY741AOMM6Q645XJ1LPVDKD4N5VT8L7R346P6GDCKCAHMFBURXKS TQ9  RY68Y');

INSERT INTO CATEGORIA (ID_CATEGORIA, ID_PEDIDO, NOMBRE, DESCRIPCION) VALUES (55, 51, 'YW9HHX46G9 2332INYX9DIN8TE8UC50YX0K686G38RTDEREAYDDA2ELBT7B55ONIOCA5Y5A79M4LSUXF7FMG47GGJEJN7FAM66XU6MAS7WMHE3OEAK 9V1MOGC1JTTGU4A97G6PX SSKCOGBI0NJ4TGR67B3PGJMYDR5CEW4VBCUFCEEVK0LJQMCMTLK3EDGT5380QLO5RNB7F73VQFH59JN6TQ3BLYDW1G9RK1K24 IDQ0H5TQMJQO1Y5YH93S', 'A62SIJRU254UWDF4A0Q6GQO1D7K0R2WHM06RK7GYD6TRD2MHBA7DKW021RX39YLMPAVK451H3N2EKOI12QY3S4N71VPO5AKSPBC79902S QCUDJDHFGJLWIGSVIIPVXA WAWX JC119E5IP M8IBF6NHTPKGN8X1WGQ B0PC045XBIYIHC0NBIIF B2LABRND9X2P39EEMR33HB3INUTP382QO9EC9QJQ0DDLQXIOX6NX12I3ESOE4W2FSXSIA8');

INSERT INTO CATEGORIA (ID_CATEGORIA, ID_PEDIDO, NOMBRE, DESCRIPCION) VALUES (15, 46, 'J7Y9P46D0G0P9WL77ASMSP8N2L0GI 55VQ JUOKY3CFD0C33V82JAS0FJWVN7WRKPDG20IN0V2ERDTBHFH2OTSUJU8LF9JMR4MBO27 XL3UGGLDUK855BM5CHJN9FM9NSEL579T7DPE4QAL87DQVGPQ0X0 S I0PUQJ6TG0RBMRI3SSQ0EKSRPRL49O7B96ADTTKX3S029T6Y7JG NSWMMWYJOMKTK3GTEOCKU6OW 5EBW2A Q68KH62LDTX7VL', 'I5XAL1Q4QNHTKAULBYW KJGQQA6MEK3XF1J1DLJ8N5IW02E07LOA0C9KEWQ01L7SOAFUU77W7698 2ERNP14V6INCJY346RXCFJ8Q07U2L6V9BR9H3BLL4R92P9B91T032NAKE04PB4SLVV0W2DF7SMBA4 N AA6NKDAKBLIS0MXVI0S3NNBQPO VCSS0NL5P32OKI1BWXC32URIU7NVPOA3TPC82958VAHS008VR63JGOVRCGQDOVL40QBLXI0');

INSERT INTO CATEGORIA (ID_CATEGORIA, ID_PEDIDO, NOMBRE, DESCRIPCION) VALUES (1, 21, 'L5WU LV270VFO1QQ9OJ5SFE7 CLMN1I0JTL9T013TTC7A495CTEC7BRHR6EOIA690IVBX KBVSR47PKYLJK2K8I0NLRTMDGOT3RWNELUXSLWTNK7YUXGNL B 4P3XUODG3 7IMT73LRGEYQJT2H1B SRSJSAGAOI88HLKWEBBM13946CV6RE CNWOODPD5W0MG54Q6TI0UBESO92WPS5CTS1ASWSRXTYTLO KQYUBOOQDM9E1H0MID548TWFYMQ', 'R6489B JSP3973QRFCUAVRP4ULC5JXB17W4IAQONX4Y0VG9WY37EOSN0LPLKC9DKXD3RWK51NGG480Q4D1M5W47ULWJTQYJ7688YB2KVE7NLBP4L834RWE9TPFTQ1DCXL946M2NAQNN45WYH8T A3I6HC1PJN70LHKMD3A7R08CX8S8P7L0CC8OB7WOTC558CGN4Q14NP2 01YMKSFHBYKAY37F9JXBB84OC2UMEGM6 VONSBU15NX9526IWCPP');

INSERT INTO CATEGORIA (ID_CATEGORIA, ID_PEDIDO, NOMBRE, DESCRIPCION) VALUES (77, 34, ' EAI7ULX8YUJEUTK6YD3WPBGTIONMKBKLPYNLKYUK0IIEVN02L3F49K6FLJXHNW0YAUNJHFBEJ5FTPNFW3J0LPHANTXO882PAMI2E2QSDQ1QI78L08O87JJVT XPYFLX2F23L4PJ7DMELRV55FESOM0IHBA1Y8T43SXKWHVHGY 9O76ISOBL56GBAODI2XMLYGI2COXRC1YE2M4N6G UPH0R1D4GAUC529WAB69U24I8KRM6Q3K6OVBIYW6BERN', '2 MNPYU8OJONOVMCN0 89DT44059NTYK3BALG64MQX0HYMG4YDP57KTNTDM15CGYMC9 7VUHHQ2D48EY181T9 CSGODFH7O5 DPRBFIF QO2HO4VOBS491Q6ABH772CEQRSLETDEL H5KTBGLPC7FYDDO0PD0KON17HUINJQJIXRNKYBBWRIJ4GLLR7MTM NMHGB7F1D9E6EN5LD27H90L03YX518Q6KT38YDQGTEA UA RP41U2R2DN8X1PLDY');

INSERT INTO CATEGORIA (ID_CATEGORIA, ID_PEDIDO, NOMBRE, DESCRIPCION) VALUES (63, 7, 'EFBQLCHHV80TE4HT33UR53HWUGOO1S00UAELEROAX I2B YNW2STTU3HKKE5L1N292IW2RBBL9 EADEHYB5PYE4II3GPT5PEABAO B4K3QV AX499KDTX6X0J7464453XMTFFSIFBFJHI3MVWQ8P CRYARXSYCEC2UD RIDGTXSJ799LYO9GJS1D9ACBTU8RX5OUB2FKJJR13JL K2IKTR7EAT132EED43AQ SH6U26VSHM70X58VT2DHG1F2HL', '8X0NYYELI2I32VG5 0JY6P2PB4FDKSRKAHJVO49LTATMBKHWA UFYHPC2HLTUQ9CII7X RWNQEOO6CPF0GBWRRCXJ808BP56OQ5225V SD8L4ACWU86PV2AOIGAP27KS032M5G4NBNP94L5O5O5VTGT22T1MKE4N2HWM5NNJ483RRDQOH0D8I18WT9M1660GXGU40W4GHO20QJIVP1  MG7YAQC OV3UK53223CDFR43GSG5Q5PSGDP6NCJV7MS');

INSERT INTO CATEGORIA (ID_CATEGORIA, ID_PEDIDO, NOMBRE, DESCRIPCION) VALUES (45, 32, '2MP7XN28GFOIQAPVP257WYDHUM80UR UGXBQTL T99TDL8R7VCHKDBCP6J18HRC0GNNQGOF6 CP4Q1E2TTKD9QD423R7I1R63WT69PQWRKCBBUBKYQ DBR3TLNWMGB9S23E8PHQSL72CUK5VOPOA6VXDSLDVRXM3207VG56N1N67P8RAGN53R7I8Y967XKVADHWT0M70GXB0NKGISTVP22P8PEP  0KVSIQI0SFS2UBQ66KR9JPGRWJWSL485UM', '2MARK37WOTSHAHX9R0PBC6BLQ57M JARU5G9PLT786QKNG8BES7MLIEFH6BXN2NKTOCOL4 1T0PBIBBF8QXIKH5I4V2UM91QPNBJ0TGW4XJKTOU5F5UFXND78R1TAQKBO9NW2683SFHT9HJKK WN4TWYIL CMSQD3O4FEHUYURW970RF3A25HU3U15JQ4J1P66SUA8NJ2SHQJ9HNWFJ98V43PQXS23K MW TDL620IPPDO4C8I3OEEIQVMP6PE4');

INSERT INTO CATEGORIA (ID_CATEGORIA, ID_PEDIDO, NOMBRE, DESCRIPCION) VALUES (95, 46, '6EJVR1WVYWU1B6K2293BJMW60 5JGV1O8S6TJEEH 0DWHLDR1EIQ0123794RBABQ5F2Q4JFR5XY71HC7LK OECYF0189Y R U9CGNRN4IV40E1G5O6OTUH8YC2LK2JMX04JFDSFCNBEREWP3TY8J3MM51C053BO6BIJ44EP34C7675DQCUK31ATO3O0DL5HEYPE1EDLKGK2GA8MQND6D301SO6J5LO4WPKB09N5837D0P1EEBBWKN5BU4EQAH0J', 'T1DBB85258R2694HKJG61VSTCTHOPDY9PJ2P4AF26RYTM44374X5F4AII6W8B9DIAIUL HSXFXXWS7E97OB0YUNKK39AVY10XNI5MWW43844QYC  LOD3MXRSLKC5HHX3AT5DWY48 UQ8D ASDJ6OQTRH09F0AS3UUYNRPNTB3HGDWJ1J1W ALGVH4UVN15EXJ4U1JTCJUINKSN MUTT9QM13IFI9MNEK8R23ISIMV3LJ386PYDO17I7C7HK593');

INSERT INTO CATEGORIA (ID_CATEGORIA, ID_PEDIDO, NOMBRE, DESCRIPCION) VALUES (80, 0, 'P2320GIY W6J9XV883E25OC7L7RUSYI8UVSW6YCGABQB58R6F2TIGU9BB4VMJ PKE4CIU8KNEPYXUSFI1 GSSF8RENR3QITC209W2IV XRYIJWEFGAUBXUDT3NB1F 1BIKVORXHV NNM BATNGH001IBDK234OX4PEL6AWYLC9C7GHOKLKFMIJL3XX0IGEDSF WFHCNYEQSMI2D384MURFUXPMMRS6QBBGI51ABCJP1YVNWRTLRT 4IN3FOQSHP', 'P187MM7WUE4 MD37PVNH4FNMLF0XJHXL3Y6S1C C189AF Y4LIN5FH1WGD3EV8ESU BEASO4DYLJG7EVX5FY6E42E1A8FOGW28E1QIWG8JBDFMVD92TMTGJBA W8A6CMHOJ8P283VCEXYPD1V O8F ODPV3BRH6XUS8F WQ32310UDK6EEKVBLQPAFJ8N5XYR975 CKRPRVQDGU7RJ9J M5X5 DK T DK3KE8UDNAU3YOGOJ9ONOOD2R5XJ0W6P');

INSERT INTO CATEGORIA (ID_CATEGORIA, ID_PEDIDO, NOMBRE, DESCRIPCION) VALUES (2, 3, 'M1MC4K8L5GGA4L0BWSG4EN40K B  99LS6V3 2 674W56B66N5YENUVIHC3BIK6DUDSG9KAQ LX1Y VD7WU5G4BT0B0IU1VDFF5J3GA7NTUFWKTOTI0CA23APX8S9I3XIRTNLRDR452FP 8729MHIOB8D7WQYIHIY2W BAW 7MOFMCQ1TD1Y5UPOFWV613DA1BT02E4115EMF0XNF DY BLN5IXVQFQJBP9KGM6RF855MO0UQ4M2T8X0SULJBQ4', 'D1ONQ32HONCY3R7BWV0WR354AOXDX49SXQOD64E3MAQ920SBEJWIEYVO8 BA7YQSKT733GCUF1FNYO69 MLO40YTBMW2LN06L6SP5SEI4O6 3J5RIKDPFMDV897EOQ 0JOPD37G1631QRP2H2L6O1VWVWRBWE11NKQV68J8038CJ8DC3VJ 8S9DCAHOO95UDVAHBA876UGFC0SXDU2W903SX0M2NIT6HOH LNMQLTYMSFWL9O RE9EAYB1PY34F');

INSERT INTO CATEGORIA (ID_CATEGORIA, ID_PEDIDO, NOMBRE, DESCRIPCION) VALUES (91, 6, '175JISKA55BF3TENV7XWTGJTD1TXV64DL 2RTDMGS6W7E38B8MI7LUPTQYKBLEVLSDJK1HMG8QSCM9E3H9L50VEHJN4XC95BCJICR5RUYOQMJC57UIPG5ME3MAXN5CX0Q5DJEI6JY41HLE8 048MI2A9DAK 894JP45LYHU14PPYMQ4KUXXEFM33ISMJ7HGVLK5T18LWLT5IXV4FGW 3ADIOU9233A302CRWH2L947IF8S S54DMB6BD2YRMAPK', 'JSAHGRLNTI 7LDF9OVKP1SEP9C39WJKRLIWB SCEPDJ78EL95IV7WQ9DMQCAEBOP74LQNK3YCLT86O61LWY0RFKWLS 6 OEE 5JYSCAAKBGCSOR7JBKQF1DDNALK0QUFOB72I6TAJDME1LY6UJALWDRW8IQ5DY1D7QX3IOXJGY8UCQ1PFQKT2IUE8AL3T2QY85RV9R5LCKUGL5RYMHFFTY0WCWKXSCHFDII53YJ1DC2K2RCK0N7J76M1JX9X2IQ');

INSERT INTO CATEGORIA (ID_CATEGORIA, ID_PEDIDO, NOMBRE, DESCRIPCION) VALUES (21, 0, 'G4HEAII4O8 S MKSL0TCLXQ8EDNMP61LSOQRU54 G0SKONKDTECLQ2M5QL0PF1M7X9V80V38EIWE1T6UUMO VV55KTMWY68UQNLB52YCL4VBOWHUDR8GQTDC2DLW6O4NBLQNQB88K99455FHCSK80PPIYRUMEMERV SW0JK42IK XWERJ 07H5CRS3RJ10ML08N3KU4KCB778J5KJKNTA03W932NTDYIOL2YV1N7UUY051Y3PDAGL4WAUKE6BAG', 'R4YXUPOABEXJIWCM2P2XYH607V7E20UVNKVASOXH9LFUB864P0CEHU8A71XJRQN4 I4R7P9QMUY95USD88DSKG0MUL5IIP0ARGAKXX66MHQCDWAODRMNB97S1HLHN9VOR9G1X0JMS M8CDXN9XC8FD D2L675JR9ECEMPJYRCYA D57IFQJ6KJDQP45O7N0T0LTNBC6J E9D0 CIO BGS4QGTP9N15US1OE1W9ICUKACQ0WI1LCR7MEY7RGI7MY');

INSERT INTO CATEGORIA (ID_CATEGORIA, ID_PEDIDO, NOMBRE, DESCRIPCION) VALUES (4, 51, 'NT9E80RUAWS9 P7WT2YVY4U653MLJGP D3DSU3F4W7CSVDWH9I XQURVUOD8MVGBO1VBT6Y3CX XUBMH5NNEIV6FI PJDCSPIHHEDSYKLPQG14D26SHSTD8PAE6C32794IQ1Y7GFADXWB55V0V5SDHDS 371GPFD4VE34A0P75V2KUO0BDX5JN2KB6SYDY3IO3XO3QQBWWYJ42516G2KVWASS4JI1PKUENR7184HRAF HP75G8GLI9RGWLCF0 Q', ' WIFCKY2UAI26CR8O5UFQ7OM6E AT0L0QHVYJGYYN0 FYYCUJHW29PRC9BVN4XH8B0J119QY7QSCK7UMHKM O94U3E2O0VJN GC2GJ04GELN0HV9EAMX3K6XFBTBUOPGXJO4EB6GT 828PFC96XPIQGUD78326D7MIRBO3VBUH1PV14QDUFL8YBIH4FW4LJ5U5G JF 6KNIRCQCTC6  JSI7BEJ1DKV42GR27KHM987BB49JDVD536OV3D58OI ');

INSERT INTO CATEGORIA (ID_CATEGORIA, ID_PEDIDO, NOMBRE, DESCRIPCION) VALUES (31, 4, '0OM2MO 80APRKH922A7GTCQCUX1SUGB737RXNURJEWK5Y8WW3JC7TF1GJ673YY64CHWBW3IQMR6PLL2XYRJKN1CO1B3D MTN4P36A739KSSL6 LY9YHL71FN20QYWGYPD1DYYTRS71XBQ8SCO98TP4D81J3D6HOR02D5O8VOGCHO1M0QFQO0PN57TSB6LOTJYTD1 FTPYS6VQ9CERRGCCG9TOWQ5MB59OHRF4Y5RYDGR1QE5 3NLQDGNL8H 53E', 'MQWRN3UDMWMD0GL5A2B8B9E9EU00OYF21YI21RHLX AGAWQWTP1E65C9P3D4O 3SGVIR342J7TW26HGY43DVN2E0E3O6HHIGACOE5K00YT0D742CR3K4A9T9FTJ04A92G9V0A6EP4UOLA9Q6XJRET733P5SBMUHWMKLK6TF668M9PR4K2ACL6VO 0O5Y33VO1VHL8QHAFTIOLUYM7M52BMEKLLI2JFQXQQ51PUDTB7EDMV JS0NAF9HS NMKK B');

INSERT INTO CATEGORIA (ID_CATEGORIA, ID_PEDIDO, NOMBRE, DESCRIPCION) VALUES (46, 52, 'BXKMRISNXDN6 2HTUDH11GT23LM N11BP6360M4Y17 SGGTGP74NBX9CSMXTSAIGYEILWI7OI7I5BM1T5C778POQKV4N11BNYC39ULEYL5V22J0AMF8PWQEXB5D 1AL8N1WN0RRF CPVFI DC96SG65V01QM4AHUSQS897297 Y P45E84X2Y C4 HGCHXKYPPDRI1LV9C4G11OTOEQAS3A2IVMERYT 0OHKT5NFK2KMN6 LCSGMJJGWC9QL5RD', 'F48W17UNDRNMO2S2EBHU5FF2MPP7YVH9V0HPPJD3NFSQG 0M3J6LSNKVHR1R0RGJRDI1861VPG6JKEV0K131NOY5KMAQFC695JE2G12KBH 3JT0A753M1EV84SCO2U M0YK53N2M86HIN8F8W365LCBLV8FLKFE513IJWCUK5MNBYNRJLG7Q0MOV1LKFQ2 L4CY4FFM2C3UARYOYJFRDQ72AJAHKR1QGORC1TPR3YB55O1BB5DY1NDU5PG1KBK5');

INSERT INTO CATEGORIA (ID_CATEGORIA, ID_PEDIDO, NOMBRE, DESCRIPCION) VALUES (76, 23, 'JDOPRFT8E7QXVHV2HI1SNCFNGEBF3KMJDSHE7IHVR0 S8MFSN9L55HFQJKTHT5FST0M6J4FBBU4S7T6CS0 GWPF5H96IRJVQ7KJL3LUTLNBDO1M671D3MSF9SUQ064S R1BX0F GKWOXD2SNQJBF IHST6SS0E8SQD1TWUAE01SCWEK075BI2J2KF6E00E1D7KSJNPJNMORF53Q08O5R74SBWMC 0N34QJOH93AFWG8OA7OXFTJEJUT LPQPP03', 'JJBUSF LLQ2K 2P E5VX3O0LCQCREWFUNX92FI884X992Y5J 5OFQ3JQOPMVLXB4G8MW78YYERN5PN BB KGOTUO4AWWVMXPLV8HRUGK ESWU4M3X279BYWPWPDMY9XVYX7E1UQOVE2MCQWNSC4 1ARFF84WM16F5X2H2CMXINTOK0PYBXCB0E V3G6 YA YWQDL192YU8G49HWK1D9QWLXLUKWIMT57Y3JDE8UQNHM69 9EAY20BU94G2KF3KX');

INSERT INTO CATEGORIA (ID_CATEGORIA, ID_PEDIDO, NOMBRE, DESCRIPCION) VALUES (57, 19, ' E IUTHOAAFX8K40QEGLOBGAK639DBJ8U8A 9GGD7PPXG34 7CQS7OXFSQDHSVMQ7F56VHOE0LLYSGX7J4B 0OXJH8Y36YVQEPI2F1S1NMNOI2FO2XEAFJ2KPULYQ3NV78P6GSR8TWA6CFK2BYCCAEKAT3ION65YICKSUEQCE9T8JUELWG5ER2QYONH2LFR7ISJ21K08UEVQ 74BKW0IB699DBLVPTGXH9GAWHV6NLHNGDYUGTDIMFNRSMQUYJ ', 'G4RICO35IQ  EPDO8B C4 QY Y9RDFUC0M4T9EQBY4OX21Y48UBERIK0RE5RCOKGKQVU53NE8NOUMC533K2CQVFYB 2YBLARQS7STDGBH5LB2XSPIDGQG4QCC4GWWJQSJDEU7NO5YDBT8BLGBRBQP5E275AQ57TMOWM5R69QWYOV0315QWXALYI4ER4CDNMEUUJ7N53 DIS2YOBTLAVK4XT9R5J0NHXSKRSS4HI9FBAXTQLK50YMTM 82JLUJ9M');

INSERT INTO CATEGORIA (ID_CATEGORIA, ID_PEDIDO, NOMBRE, DESCRIPCION) VALUES (56, 93, 'VSBKQS5EAE0WQ0N7V7 N6QPRYJPEO7J1RACYONB OTDBB3410222Y94RF5PN5 PI9JFEBDTT7KITM0DL79HBOWU8RJ4375DKFVUP3EDWMGQRDJM57UWEI7CUCDI6 TAYH X5I3D9JQAQLB94WYPU6WKO9PXW5X0WMA4 VUQOE5W6RROYRYK1T6XLGEP80OINF5TH55N1F8FIY3EOUN PAL3SY9TL 6J55I93PEE097OQIOCMS6W6OCGWLVT0VR5', 'EXU5JM91IYGPF4MO1FVV559AXEL0VLWYQ9V69N1KL0 CRWISI6CTKWYV HU1Y11QUMMU762LYT7WI EB4YLLU5F34H8AWVXRDGTSC5Q7D3JFFGTM6AFAQ7Q5N0HNJ5PBMIKW3N5LDDI5B2Q9D00UM4L3G71TRBM9J9GA36D6QAK4R9DOF3BQMGXDM9H1PE1EHJ 489WP37986YONPX84SGDJU6HND6PF96SELJ 8V7824PGLP0R0MH24OA74YWB');

INSERT INTO CATEGORIA (ID_CATEGORIA, ID_PEDIDO, NOMBRE, DESCRIPCION) VALUES (67, 75, '6JNOR4XWDNQXDS060KFNO3HPNWHEM2PPQYGR9T3Y6MOC51TYOURMS962M9FLMRD232WNIMB60KB2P746HNNG3PMO HUUKUO4RN3DMNR47V5TCYWG7PHNFCQJT9CP6TAO6YXF6P1X8FV1XLJH62HCJ34IP44WPY53BNW1INSLBF95QFXWQ B31XPMKWK5UL54XS0H5BR9AT0QK5E31E28IGMAQEK407E8CO1WX AHYWM3BAHDULBAF75TG3SE7YL', 'NIHG2HUO9WNQ1DVKMHR8IYKEV8GWW8HIK0J12I8U5FL QUWK0PMFER 7B1PD842 8793OJ07YFJ1YINBQFOD95BCY7NCHN2X2VGEPEOSLQA0CTLAW3O100Q U4RMRV0531YRLF9WHQY7CB040DBB6P4WOAVXYFY057XBDJTGHRO653STR2CE3XLH RCXR0BJCBECS51US5TCDA10PFWJDC308HMXAD8HJTG13EL RWTK5GAMML9HB3NJ6P0PJN5');

INSERT INTO CATEGORIA (ID_CATEGORIA, ID_PEDIDO, NOMBRE, DESCRIPCION) VALUES (61, 33, 'WBCPRKQ6LRR70FOD25T5X0COIN2VEA1U4SVE94UDKGS9VQ TLCR11AEIQAVU3YO9R2CMC7TJT2DY1H3FRH5O1HPBA8K7UQLFNGPVN U KS6107O6OY39N9DK9Y9NGWX5CPIN0Q5L292N79FK4OMYGLVQUTI CY2XIA76EU74SQPB1EXB4FSJANVYEWU4652UFK8HWX9I5M5CORT2TK5UCFDHKE6WB4QCLKC5K5NDNL1VEQ05YWGYF1W6F6V7YUE', '1W78MIB8N68ADYSRHI8MG78WYRAE6WPK1X4A3Y9E1MH5D68CC6 EX0HFU902AIW71PS56M1L7 DFG40PSR3G02JEBUX5H06 A89VF3V1MKFLI6FB3OR3YAPVRM361NMYXOA11DU6 VTFPAOK13SYC78ADV1NM9N8I705GHHSE7YXUMHTUPCWJG5QK28TP6VWJ4BRPW07R8ANSS7RHI32EAACWN6QVGMSOADKSC00GU M9NFCK5 F7IHX9BWW79H');

INSERT INTO CATEGORIA (ID_CATEGORIA, ID_PEDIDO, NOMBRE, DESCRIPCION) VALUES (30, 53, 'CLLP68MPX4023O9O1D 2AS S5L1CT9YQXIQGCM5BB37T1JVO2L27L5O989JW1IHDAKHG48D8Y IMJ1 9CM4QB8ITP5LM5DV5VBKN405I2Q32NUOPPXGFWRACD3NHFG5OCQRDH78913NLO6PS3FS0XFVQYAAK9EOD 7TIA BW0 7WMPC54FW28H9TAIG1 C629SMVM4B007HWLENCN95C L2R7EV TMUKYLC77T KVT2AXTG9RR9L83TLPUVSMIS', '9KVAM81KTA4F3 URBV1C6LDKWVB 5F5KJ1AEG6KPIOD7072P4TWU3A340PFK08R1N1Y3DY37C3NYBBJ7MSFFSYYAHLMG6OJ52PIYVF4NQXCV8PQQYHJGPT9KNW0C OT DGBIDYFWBKQ95E5A9IJ1A72C68VENIVH03I089SCKN8Q1O23 33MKX52R6JD7G3YQLCJ9JFO7RYSADFC6V2PD9X4EXM9OWRPYY0UBJ1TDVQGIDM8BUE5XS2U96W8JXK');

INSERT INTO CATEGORIA (ID_CATEGORIA, ID_PEDIDO, NOMBRE, DESCRIPCION) VALUES (36, 44, 'UTUJJFN24LSDPMAAKENNNY256GN0FN2HKKOF0  LW3J6GYFENT8 NLGUOWNK1Q1A08 RFTPDKKOB9NNMSB4YPNCRGIFS7D8POXQ6WP8LYMG9BW72U1TVTEGR4EMWQSS K1CKFYN9ANOKPTSJ7OWU7SUXMEVEPMIW3AXI5816LULP75CSG52H7MY7AFTPAP7LTOS6381PVEHDFVGE8437W2Q5YUPAE7URUS0UWR3EUQTVQGEL1 IFFL QUSDH52M', '1SC72YL7315GGWCIH36M9ISGTI6LJKMMCGN9A 33K77E39TFGJ0SU0  L3VS11CT412SU8VB174URV7D3FURNW83SL3IJMA719BQRL0M3B5YHJLPBARDX2121PSSLCLH6T2U52IIYBJ2YATACO8KD1LD0IFCTM5T2V09XCPOBL6DDOGKMMVOLHO6QOIDY9BJGYRC0KBJH3S7DDG73DWKSFARYDM6O0TPOK5J5S3ENK0LUD2QCE9F81Y 0UUR9IE');

INSERT INTO CATEGORIA (ID_CATEGORIA, ID_PEDIDO, NOMBRE, DESCRIPCION) VALUES (53, 7, '30L3MJYM9D BP9DFBPFJ13Y2VD6PEBM0RA580SC03S KCF347IGLL057W04BV5MT8KW17RG IDB7TL5EO7HPNW3DVBGGHI63KQ4FYMKQIXWK X Y 00C1EMBHY3W38YJWBLK1VX7E3R1I7YKC3I 2OO3MW8Q328KE8JEGO3G15WQETBV9SUN5398QKBDJICAA6PCHQ1IRUJN166OC66IT9HQ5YFPS 6J3K0HAAXO 4 7B13B 7GV8PHJMDBD9HY', 'BCOCWWH5N7HBGICFI3VC A2O5LPVB INNQID PPTHTHGQ58MHIFP2JUTSX9SVRQRJ6FHFD1L3O1RBD2QUTFA6JOJI2D4EIV7N WVGT2EG08F9EGV6EL9E0LF8OA76WB36SN6CHWPRXNIP RRVSMMJD15L1UK489QQJ9AAB4N8R3KPDNV836HS RVBLP457EAQ6JB2MLH9GV3XQUWA6C6PE7YNK7QF03WXP75V 6YMCUKDW3XB7BBYA96Q LRGQH');

INSERT INTO CATEGORIA (ID_CATEGORIA, ID_PEDIDO, NOMBRE, DESCRIPCION) VALUES (8, 97, 'YOHY2EC960JUHVBCHDE05NT3L7CIUYEIO3R V6IVXCFI43 1YT2274PI221RN68URQS5FQJTMDHA7S69AJ5N4MT379G7DP57CYUK0VXAJYW051YOE GKWI4WR8SYWHD1RTNTG6A9FWGNI PUPYAS6IH9QF18I82PHKN0USOFI1FGFVR08B0LHTGDEGSWR3A43SGSY53IYAHP5OCO93WJ03BM6S7F6SM8DJGX3G49BULA749SB2WP0TQ5FCAB5JT', 'SU2KDDP8EUO7DFULERIL OEEW8 0W3W44UB5YRLE3MCAQVBTR9S DBQ0Q3A 3TAG5UT EBQJLMLXBUOQ0I 6C1L15KUO3YUH4R12YNSXBE74QLR038AEVJLA6964IOXKV09RE1TU07MI26HACSY03K2AMFSPJ9ANRS09O95CEWR4JAAL16M7KFRP7Q R0NBKWHAPA2EC5BALVBB39YQNV MSXLEJR8H 73 FP949B IUO3YY1K977WTC9TOCVDH');

INSERT INTO CATEGORIA (ID_CATEGORIA, ID_PEDIDO, NOMBRE, DESCRIPCION) VALUES (33, 47, 'JQGLKOAE9SJ5 4CA3G01 76IQHA2ANXLMI5XKJDSS6J6TW4HFA6DTT7RBG2MEUS53EXNK8E51X7WOK7BES3DA1 EKG40B38HKN6I 00 0NW3F2YC1MGL6TJJEW92MY4SAW09SXUXUKNVSHLMX44VRYDJ HEH0GMUBIA29P6 6OR3QC7Q9JB3NGMEOI 506SOY83BRJH B9LDUR21NBUWA64H7RL7FQMMKPEG8SYLV5QIJN9KI 2Y5829TUN7CT ', '3HWQCXPFHF6BCUXUHVQ80KS59NU7Q X56M0 SIFNGSN86C7G5IGP ERW5HD835R898E82AE00RA34KYCNC8SCYAQSICW8XRGSHBXL6FWYSL0GHUENSTQ3UVR39LY79F4AS07VDUBR7 P9QX217HQWFND7OIFTP6PPIGU7S1KCUUW5PAOS7VSHMA9PS6XK V4HG9VBD4AD5R3FPYMCT6BJNK92W5UBNKHD3VERN1RHPRKN3HRPJB E4ERJMJ6W1I');

INSERT INTO CATEGORIA (ID_CATEGORIA, ID_PEDIDO, NOMBRE, DESCRIPCION) VALUES (13, 38, 'BDFC66J0SDT51 ES YUHQ3Q9QS4XR5HWXBOIQIN52WL3R3576BKRY7BMFL7VUM DASKF5YVU0B7KQ52C6IBC33K73N6C9RKBCP4MX0PRJOLYF1J6R3IH HLE1TKPOGWHS T0UWA1IAKJB4Q GXDRXV4BSMJKG1A1O7F13R10O8HQAED4WJ9G51H4BYKI5NMU2BDC7V7H3ROWSF3XB5QX81553SMJXO78FO5JRFF7REXV I0F9UXM 7 RRW0FT7Y', 'G6T7VL1 2PTB06LTA9WRPL7RIB0TFOGCT25 M39M5683BFH7V 8QM4E 0AJ0V5QMXNJL7IGPLC5WUDP8N52 ATLU17A2HQ6HYNYY7E25HSNN6LEIJ70ID8GFYI Q 1N14RI8Y97 TJC92Q7UWP3 8O1OCDCQMFJAS989IP3O4HKAFM1JSUFCGE9GMNCFFPKHA YMNBQF3WLNSKTKTILDUL4QP7MGGQWQS374TXV UP7TJL8QUSEQ B78T6EVNQ2');

INSERT INTO CATEGORIA (ID_CATEGORIA, ID_PEDIDO, NOMBRE, DESCRIPCION) VALUES (75, 67, '20KPD3LL8K0RE2MW7P4S H6UU13CA0TPVKBDWVQSW5HJSPWS7HH1HTHORGMULR2M42DKV2E6YOESYI1B FQ2ROMIOIOQMQM87ITP9HL1QMS84XU6HLDG38W0MG5X42IRYNKMC595WPMVXJ3DQNPP8C1X RKQI33ONIOSNEWTJGT40GCSBWGEF5QTX04XRVURSK36HPNCWW00A00G0WNX7G8LVJK9GM4T68J1X8YLWT5220QUJF7BBAC7M7K3G43', 'XRWKWS  RSTBNFUUA8LC3L02XH8RG5JRGJVFGCB806R7YWQ7 W69H48KCHEEEMYDYUMJEWBFRELIMRL6CMSNK6K4H3DY8ICEXPYD7617T1TCY5A57J5UGXB FPEGMWQ05TQCTFTM2 YHBOBNH0LLFY46JOAV28ENDK8VKD4ROM82NUBA1JTV52X9DO72JJUND2GKCGEOLAOXJMHMVYYEUFKRQ5FFJ0YV QAHWBA3T974GNPV53LNMHADLXAAP P');

INSERT INTO CATEGORIA (ID_CATEGORIA, ID_PEDIDO, NOMBRE, DESCRIPCION) VALUES (50, 54, 'LKCDEUDKNLOIDP25YBIAMU3HQFPETBHXADJRKW7UI7NYXTJ7QVYOYD38F5CO6HHOTIAY7HPL9MAL5JIIUH5 SYQ1RN4WU3WE1LCG3QTYO2VPDAFEH1C6K26XVGA50XQ0P FVC221PRXXQ7PM1NY5YXD6KJ7IOV NO122T0PLH2NP9EE66YCRMPEFBHM2GISIMEO2OHBK50QT8825OLV4EH6NKJDIQASTPNAB29UGOYLQ3PS43FAXBS974ITUNHU', '286V3S91R3G2BMS 5M4YHSWSU5REQPB24IGDXX0M7I49DVTOQNFS9DU8HWRXE8YJTGEQFXI1ES9F1MT0L806X1YESO6GPA0CG0OA3VHLEPM2O2BSL5OURIOGB X4H6NCXHYJRF0UHBJ7OISQJ STSW3FCCY994MOOX8S6CW7RB8MF1EGCQKX6UF1P6V57KIUWJC3PTGSDAGV36GH19TSF319L7PO9 45B43SV G3H4G3GUKSGAUE1XFFPVR0VK0');

INSERT INTO CATEGORIA (ID_CATEGORIA, ID_PEDIDO, NOMBRE, DESCRIPCION) VALUES (26, 96, 'UUTDP2ESR KTWFT1VRMOK0OE6SP5QDXWM06QXK60AW1IX81VB0ND5BRW8MPYG73BPN8B1MNQ18Q6W9C2BN2XLCQURSXF2GEBK7TT8UIDQYY BNK478V0ADHNSPS1TIE26I6JA0KEDHP92  UYAN499SA76WXF7EUSJ21A6MESQ3TA7EK67YWC7BMNMOJNVRLN6V2T9A 2HSVY1NSM05LRXAE8AX95PFTKR3VN2GO04H93NLK28C3180KRWGCCR7', 'YH7A9UU6WMMSSM5EI8D B2Y 4P76TDBD70QU 3K70975KK9AF4A6K2F6XYA GYJ2J12K2FCSIB36VXX2RWAMW5RCP8YGDN0W6RM4IPV72XDDH39LMQ8DU73M45QY7EY46X2UNDFS3EAQ9X7YXCOLN8TY8QRN67MYH6EK5K742DAIMAAFG3KCPP 06UYM8 45S7401EVYKE0FC2HU3DB8HWPQ49MKADN1JPVVVGN45JWV54JJJ WG7YPL  G2V5C');

INSERT INTO CATEGORIA (ID_CATEGORIA, ID_PEDIDO, NOMBRE, DESCRIPCION) VALUES (10, 34, 'U3YX82IOALN9S5RJKV9KM4R84U3X2N5GYNL1VUWHJT7A6L5 QVPI6VJU3U8FTE 0OCNROFVSGRX7VJHIY0M4BE1UWB3DJ 60SCR84UIUKNXMNUDF1PSPG9WHWH2APR9B6H4C1GW QUVM62092IOY284YVT3WW6O74737QWJMULCN56WAJ9YMCLKNU8HOF8OOI4WAN4UOF2IE4CVLCX97F82GJXPTDGTMP7CFAJSFC7MDWFEW0QXIKOB4MTU3G28', '0CYAAQ3H ICCV04E90S2TK1QR3XSJLLRTVU60XX0VGQX4HEXF K79V3C1OJ 3X3J2APOUMXEC0FY4XLMMR298 VAV5HB3PGNUFA66AE1QMO4EJYFMETC70SBPFT0EBIH19JS75YSA7239C9HA3WCK7CVGCYJRJYVKN ESARCA0T0AAOKSFX7FN6NRN5AEF58QP83I6N N1VFT NWHMJRS7WTM892 OOY8BDV0R5HNV2UCDHH7ED4K1BA8331EBN');

INSERT INTO CATEGORIA (ID_CATEGORIA, ID_PEDIDO, NOMBRE, DESCRIPCION) VALUES (28, 80, 'TM2RJSU9L97I7NH5N8CJL6MC5MESRVWLE I5L94U8JIMK0H9D6LDG86DNDRNMR6Q6PPR2N9YX733F9PU0VRA 4E977TVCTY9D0U7DGQSWNMDLB0S 86CAFKECG0YF33UW FFT7K9HBPU26WAKO2VGR178RX0LJAK9Y6D2VSK3KN893 4N7UC DXR3L9TC7NV3JOY1M01G99ILQMXA110FSVHEARAI4M CDL9XKKYV0HSE57L Y9Y1NNMFJJNEQQ', 'X7ODQCUY9GIL250SORU4QUYNOH5OQF7MFGCBQBJO6HDU3514W8PTD0A0RC4F03WUI9JSDAVMIYDK4SB7MOOF2U3NUL0M9R68GA8XKXUC7D79FB8L5HOUHVRBC8LI2LD0CYW5OHMV1 INAT6ROLEKJP7RSQM8VQSXIMPNI1FAI2L84HDEL9TWN6X035QRSV56ULYDSKWHJBKRWV8SCJ6S2Q0N55HO7 98D3BF7K64J 8MCD48VN2ION ETISD8L3');

INSERT INTO CATEGORIA (ID_CATEGORIA, ID_PEDIDO, NOMBRE, DESCRIPCION) VALUES (72, 97, 'OQ W WKWXFDSECBBJY 5DECNRYGBE XIJ4VVHXAW1CDQRYNK49NOTPE1FVOQ9CQM7YSATAO5MF2G1OHOGIQ4BAA W SDSU3BCFPYMQMT876RRPO108LGVXPXFAIJ6N26H783FCKL3UP21HGB8R9668I2S2OMX3XJSJRE6G4VDL3025M NREQXFR5NOU5WL0 390VQ9M95URUTMQPHRU CJVXG2 YOVO8MLJRY12FTHV0L6OEPBV8CS6OPJ407T8', '0U61XD9RM9CQ35N7JHEARQN1I745LL8T1J4RUNNN5OI2AUQO678OTD2F9H8ESMV53XPX7GL96SMMDKTIEPVFYJBQX3DT0E49KRKLVFVOYJBVD7CRALLULUXV806M9Y36E61XQFSV42EGJVUUJN6XNSCMNKCBPN91REMJTW5051D2UEVYJ0FBMW WEERKHTNFYX1CCBLNL22Y9LUOG59EEOYQ63X FY18JXBF4XEE3PFVXYSTE2I5XD30Y8J66RM');

INSERT INTO CATEGORIA (ID_CATEGORIA, ID_PEDIDO, NOMBRE, DESCRIPCION) VALUES (49, 36, 'BI1N0SE4PNVVQ5SD2FGCAJT17TYSQ983J8A7SQCR1VR9 TGI6JH6 K1T196KEFLY W7YR05DY3931NEMFLTEXVSRX2FTI10QAAYAMIFVP6U5419FQ2XTX6BDX0HJI7EG6QYA8IYJMCM6 C8VNX6YTRIBY9QRWE P78UHV6K34LL5SL82APSAN2OTR57 WIEOMEHN1H5DWWUO 4ELWOTL5U2QYULWE2BHVIVLH6Q2SLIKU1088F2UJJKBCGJW761', 'E89DYQNDMSVSXYEJEM55TT17LR1RD1C1TQ0NAY0GH0JMS4C28O5MIACRCIMNILCU32VJ7IP24BYB57DT3KM437XDIGJQW92HDMU 467RQ5A6JPA8E1NF5LOT4QUEBWGVXA0KS980RQJRD2CFK1F5T8KKMYL1QNXU UERNN EKD88DSTHGTTXPS97RIDI98K 1EAWU4PORRXCTYIDD F2086NL8SMUWUWAI5WMJMB0KC808FOSHT036O30N1B8D5');

INSERT INTO CATEGORIA (ID_CATEGORIA, ID_PEDIDO, NOMBRE, DESCRIPCION) VALUES (71, 64, 'GDQXPR68S0APTFKHSW14 HENKH5NNUOOMPQ41G1T89WA0PB5KBR6F6FHA7UE3G5PA6A62A2MMGQKS7 Q4OK1XS3X6C0W2TUPEDLHSCNQ4RBUXWH Y5XE6HUYCL4DSTEFG4UARYJBUJM4V4D6B49CCA6H41XCRRBPJQ6862VGHAGV3WLA7FSN25PTJVLUB9DFG8GL71S4591HCFRT6PT 8RN2Y 2JA4BC47R65P31DJ OWNBWDD7NBTLROASRBWD', 'S6LVCWXCQ2QOKBX70SD448NLVXWSNEWST IFK6V28RAXLBMOWX6WIYET G2M131LTCVHT8LAJ2L6EQAAWJ4JA936G274LFW34APN1WR70ANPULQ07WXC7A0SVXOB K1UQST4MRKAP Y5XDVUVR2V8NI1LA7OJNU12EMXHMDSTPS30IH68NR2DJ0Y F1K2AFQXJX4U68B83K 02488AD7LREV HBRI56BYJSH65SEIIHJ902IN3DBWG91JW5UBOG');

INSERT INTO CATEGORIA (ID_CATEGORIA, ID_PEDIDO, NOMBRE, DESCRIPCION) VALUES (84, 10, 'KL1P0FOU8B6KO8OIBHR2SIHV430AWEUIJM0KLP6EOJWMAVON7RD I24 0TFTX2NK8RXNE M FE5YF K6V3W3R1THQKLMRE6MGHGQPQED2547JGFCFCU8TQL192WTKFNIJ6CFIX83LHBUWRP76BQ3HC7CVQJ5WL7I1NX3GPUR7SG0G4LQO8UUORVGT0JVS2KTGS34PPW0PC2OVF0PBH 9Q3JFHI46Q47SFWW95B30K3418PUIVU6H7SDWF377T8F', 'NMXWFKCDXB2OP444G1W875MEBHNNVF4NGWLVNCVE8SEHD2HDAECOWWG3VIEDUNNTGNPHSMNSR4EFBOJCMDMOJ5N1S6 HCFWOTOG2DXFWSA3ABUC7M63CGQKPH2B5AA5YK5OCAM1NCOI309DY502TGHTT6N0PTK3P7E42YXQ95ESS0DWMIPW7VUU7SE WMUCU4RRCHJECNE052G3MOXGD6DGJTCDYMR4K62YWFBB8A9099Y8 LB7V3L50GCE6A K');

INSERT INTO CATEGORIA (ID_CATEGORIA, ID_PEDIDO, NOMBRE, DESCRIPCION) VALUES (64, 0, 'HD09OE6UYJSCOCPYYYML7E3BS2MXK EWIDF375HF79HYW01QEFIXB7AB6DCXY4UVYYTW4P94K6DS5YW0KE5XYXGT3C3HB3F6U5363Q7W8TN8KH ORR7LL6AY7Q4B63YUHNS5O0HST7WI0RVJR6R F80LW0XWAFEI12E18IBYFGUOO0MULCJP0 DO2O8V3RKPWC5VDP8EHA8SRO3Y UD8RPX8SS61V60W55XM09FVJ459NV GJF7LMQ43YCCI ES', '1J9SS7O GEEKEB1FC0LFI8IUCKMBNREU5699K6MUQOIH8Q53 NY2461UWRHT7I5CQX4WQ2RRRMR4COJ0K3OFMOEREML6JBXNA2OERXUPF7O YMN46VRMNS6F3HUY39KHWIIR CE2GST9 PLO6KMRX1FMILMS8 UF42POTKRA17RS38FAK0EJU7M4Y3AB2TSADCGHY9QFSLBFJIK0TL9BIA7293TX6DF4RQ97H94D 58GCQWFQ60Y2V8UHQKCR28');

INSERT INTO CATEGORIA (ID_CATEGORIA, ID_PEDIDO, NOMBRE, DESCRIPCION) VALUES (87, 56, ' KFB2E8HMU82CTMPNTO6AI2KON54GSBKBQ1KIXNHHK206JREG80PNWK91YSGCKDXH83DEYO3CGCXCFVGGLHDCIIJ4HQJIYFWL7 NCWSFKDA0NWXLWH3IT7KUSTJS02 PMWKUVV2TLGUJMP6IFX328RGE401YWLYQ1EDCBBRPW7J36VMGQN070VH2YBPUKGKY BY05F 6 JJ3T2GKU7MRXLED4EOGHUJXYI5NGHK26O05YXG6ICKAQV1VH3NGKUR', 'SCOF97B1AWLKJR45XT9G6VR09ATS7WTAM5UFI3A0VPO9DD2UFP OJ0E38FNH1BYFTVPI83I773JWMAV8WT121KS68WBLO0DA495HC79MWGJMEDLIREJEY4CXRQ4STK4G88I1PUCXOW1W0TMIVCC8LLNL9V7JX A0A90Y6JGW8TRTA7CWNDABAGWBQCS9DCOO 8RJT168L8YCUC6UX MJ9RTIJMRSQXQTVQKL 9Y0YI OFGROY1H0WO4RRYUQC3U');

INSERT INTO CATEGORIA (ID_CATEGORIA, ID_PEDIDO, NOMBRE, DESCRIPCION) VALUES (7, 56, 'TTUAOJEHKYB7ROOGFDSYC8 A445WB2OF2N9GA6J4FBYAWVHYEJ1MCUO1X73L0I0VTHH1EIU0XB06MU09NN4OQXX A5W763U4 AI3 2G3Y3H917ARQE4NDOFY15S48Y4PX1J0364ME6B90 CJNK1MVUJ1IVSXFDT00 7IT7DWVTGQ38XPU8G74 2CPLQ3KVP6C EAXIGY1U O6N05HXD2E1H177LNAUTH9UO4AFWUW3A0UBQUFHRHTBT37WECYEB', 'PRHCJ1BSPYEP7S3S3J8QCM8NV8DLX 50WE5J32GHCM4IFJYAO1R0UQE3U999QLMKXAC45W3KKNO83R2OO46CLWJLM5R2O9K DW5FNP0XELCFS7SXQR6IREQK1JFXRYATIOVF6MEMB25ED4TMP4SY7P2RL161HM24DNEJ9EX18LGMYY1BEB1HR9KCK5AIO5VWM4MQ8ESVSO88KMHFW3W 18F6EORUVYUBHIHEPMRUP01GE5N69T5EWCAIAET OIW');

INSERT INTO CATEGORIA (ID_CATEGORIA, ID_PEDIDO, NOMBRE, DESCRIPCION) VALUES (51, 28, 'DADWLTLWGX96 2WNGTWUV8I0DXCGEC8NJEIOFC240N8NM LYUR1 SSBPWK5SCKLC44XP9K95XQD1K0L B4JNM31L7DBL8OADWTOL722PFP8SKBIHFN5SO0ACMQM235FV01OWSMEDJ0BI CC8KP VMGKOTCLLVQQ2AG06NWXHDPMUVNXNT1H3TJA14P99Q0R5LV61IB56GYDHVCB C8LCGG2J8UQT8KS6O2VCLN 1FOAB F5 MUIIFJ KPRGI1T9', '38MY5SMX0H8JQ6RPAF39G3TGBTCK99P7X1UPSDYFULFTBFU28 XI5G9HJA7P72DKOV3B7IJ5V48R7WC3QR52GGW0CD7FJOSC8HLJXRDCM69EGVAKKLSFDKT783DOPC3V0 MC GIJJ7YME23WPKU2R0XN7 WT8H8VA19GGL68DC1W6VBTFYSLC8UHPDXY6U8NFMEUSJW3X3EJAFAFPVHCWK2P30YCF1THU66HA9XNK59SDQ8LMECXSP8MUE 6HWY');

INSERT INTO CATEGORIA (ID_CATEGORIA, ID_PEDIDO, NOMBRE, DESCRIPCION) VALUES (17, 66, '1XF3CQDHESS2MDSAVIYB2W1GNNNEY1GQ37  DWBLF1AO4IWWPYOJ10LE7OEGNO49Y5FQV4CT8Y ERPECULRGHSEUP6E515AGDXWIM YVJRYHFYRBOD0WWE95MWG3MF 6SDTUBALK101O6LTN I01QB99I3AHR0B5WQP48JQC4JRJB1VRWJGMBKDCLP9LAJJVQR8AB2LOU EEMGOINHUUTLJ90MC8663AMY14DNN7KT9X9S53LVFJM4V71YCN4JG', '37WJC5FP9 QQTDA4MCFW0IXN846HMA82JBENMG35MK5HMI3G2 O0EOFNPDX0SAIAVSW3J07QDKOIKPX22N2KX7NCTY0L2WUGW5L4RVMX43GBBPXQSFBT9PTX6RYO0V8T98SR0ADUG6NT0PMLUWUX2V8QFWEBJ390H8RPGF5XF 22CK3GHVRX HAYU49HPEBY2O7IP9I7LDK2GQHM8PTT8SE803AHS3F21LF7TSMJ5J6TB6ETP74699W62GKDGHX');

INSERT INTO CATEGORIA (ID_CATEGORIA, ID_PEDIDO, NOMBRE, DESCRIPCION) VALUES (59, 73, 'FA9WC2NV6FD95BADJAN6V37X1BBWF 5RTY2YUYO Q74QRRYY0JBK6YJPO2W1Q3IE5H95J4JFCCKGI6MYE2EA5OTUGC0MTCP2L5J6O5XW7YST3394JL3LC16NQX8 XA40SJ92J1NQ9HVIWM18CEMSVGHF3OV5HAVVAF4DUQ8M7XPESNM956Y5UOQ V1BX3OX1TUOY4T81GO9KOWHJQXO2VPRXB VG4YCWG53IVYCMWK120B6FJ878V U4XJNG7AM', '9DCP6WC OLNQW3585VAU0XI9QBBHJYBHC I7D7HCI W4SDPWFQAIQGPENPW V80WQF79T4 E8NF4BB QXS03Y9ADYV6I12IW4GVYW3WU4MNM91KMGJLYTDBPPE1UT25 JUS7H531JWAWS558SW5 SVUVRAX6JLAHL4FRJKGVVD70C71BWSKOIGOO451CF8P5ONVHTV1WDW973IRX69U5XLDW4 F1HVUUQJ JLMGEACC1 2DMF5JMEUA WINNF76');

INSERT INTO CATEGORIA (ID_CATEGORIA, ID_PEDIDO, NOMBRE, DESCRIPCION) VALUES (66, 75, 'W90DQ4PF5IYHRRR XPDQ6CSRUGJW4TVVD7 PXPYPFSM4W1FW16F168C5L23R6B651N6W41IDEKX5GS80 1YRQHHK3 2PDS8LYD9C23XG2SHFPDXGV2GEV4XAHETF8WRVQBVIEC0ULCH8A763PTTUUBE10KK16QJQ0O8RNU1JWM45YY5F WO9EYYRG7LXFU8F0J11W16MO27A9MTCKW88HWQSM QJG4UOADD5N3X9FDH0WTXDAF68O9IN8D4MSBL', 'L 0408YVCEAD9LTKJSYRHWEV HUID9UHVUL8L9YX7FM1JLT7T2QMQLL80102Y4MT504EDFF88V0 9B1B8CY2HOVJL6WT79WIPU 55C20U44WIIT4VRC0MMQGSQSTPEPWC13GXMNNV8RSX27U IECQU9J531USVMC1535LRYXOUED3GISON404BPCCBQBBWWOECMTK4 APPVS1HT3TX7DDN3FCWIC47BQ0D83K XF6GF5  CBQT0U2HAE0BPWYL6');

INSERT INTO CATEGORIA (ID_CATEGORIA, ID_PEDIDO, NOMBRE, DESCRIPCION) VALUES (5, 73, '5H2D17WROYIF361AGVNM18F7CMOQ0H21CIB21KFTK65V LHRAW1MU7X11G6R7G73W1VEJP1SAEYNBF31 WN FW42VMCITC7Q1DGF8Y8Q874IG7X9LSIYT85YUDLLQ1FS8MM70TXG4VYEQ5M909JLEXFF7AFKOGK82GSU1 8TS0NQL101FHYSFT5TE97N4G5 BD8J6IKN2CU113YD9OK8BX0TPAFT1WVUPH4TLW2E38752MIPFUK0WC4WT2AD3DK', 'SGM1TEULO9WTUKRCBJAXRG1LDWMHLE38XK38NR5EJHEX8UDFU527AC7F2P1125BT2 GDK55YQGFLRSWRCG4A1VRSXG5VTNIBEOSN9XN3X2KG0FKUCUX8OSAH82TBOPQV15JTFCA4HW0OP69UIV4C6GJ3AXY9XYSCT6UNAXRIPG9AA NYI7EWBPJUD JO61PP4HMSKS0PIDG3EI46L GQPCU3T4BD19 6NW7VHSRJAH2M07BFHB748E VDNW3K8Q');

INSERT INTO CATEGORIA (ID_CATEGORIA, ID_PEDIDO, NOMBRE, DESCRIPCION) VALUES (90, 61, 'PJSYVJO6G7NXCGS U8YWOEQV7QTE2CTHHLKBG YAF2JSS3RDLMRHGV21C8YNHU1B7X9YIRKKMCL9N1FCV ENU17KFKAMRUCQFWTDS6K1R9ECTRR9BN3SR8TA16J1RFP414D2MGJ8LLBB8SJ41WJGB4Y0N7WRSTAUS00B I17XAP OH06X48FW9PI3V4C2TJ799WD9FKCA  0U U9MGY4U84U9YGGYJ5UFBCG956DVHMQOAS 5RQRPVCJ 6WGESC', 'YPB00I1MGOJIW9QKCASLE35988KIG9KCO7RMTDHV9WCKDCDFR6Q7NOBG2 GTOU2IJIU6RWOJ8HLQ4 77QHWWPJF30VDEEU2RLO2ST1DL56NVW YP2 2DJOK33AN32S0QVF 40KGLUEE1062IUNFKRQMEER1LPJ6G48TW04J4LXHOG2UQQL TQUQ2IS9RDAESK1XTQU7PRSEHO7V 3EJFJBYBHY2TJ GQ9S9DN5O9H 9IU71XEWNBWR4EEPVQGCM');

INSERT INTO CATEGORIA (ID_CATEGORIA, ID_PEDIDO, NOMBRE, DESCRIPCION) VALUES (85, 45, 'OQRNADAA804US5BHQ4VSF3KUFWDJC7HLTO JXJ EAGE6HULKKEY1TC9O 4X7SKWRB6WNDMW8KLDYJA1ISFWOBC 5P6EM7 09IPFSRPG41CCTJM088LU4QV6UA5MBI89D4FNVRNBB3X9W48LI 0SP2JBFU3HTIEAQ7WE0KA6GJ3SBCD7CKT 0OK0IEIMK3UBR0MP4MELARWTYYYCSXDL14AL4MRKDNIXW396K329M7G9WA4G966FERCIU7 B4AR7', '28SAAKJHTV5THR AALPDHQ7H9XB8OMKHJ8TMK4H7TPPVRIRWEOCLQ1BN0 JCTVBJISH7RHHL32PJTCFEJE7 MFXX FGRFP7HK3KKI8W1VS7MCREAQRQY67IGUJ5VJ67HTRR82175TO0YRS7SP05XHQD1NJG4LV4MXB1PMMN5DW6B1YN6HN8H5UM1WE BEA0LWLR BHYLXI5UDJ8ICPBUWPMPS4 I3O0J DT 9LLX5ENVR  2DWQAOL2JKM1RDJB');

INSERT INTO CATEGORIA (ID_CATEGORIA, ID_PEDIDO, NOMBRE, DESCRIPCION) VALUES (37, 87, 'D F15LGXDWN6L5OPCQVTSP8LE7ENPTR 2AE0X47MP5JK3JWTPP1GDX1O7Y8VSPI4G4XNW7O3TFIU3JUVIVI7M8TN2FQHKMTDD9 75POFWUQT0AOSNWIC5DIXDNJV4SB4 BRE FYS7 V7KBDKO7GMSHU60 C 5X03LTUGSCX1SB6TM467GYDJ1LM2 PA5C4LOFTHJ3VJRCFANO2D9NPR3S2LORJ4NQKSIVFTN HU9PYC3EN36C2SX6G8NJPCGR52', 'P73RONUH3 3W6N88T9RLJ T5KFS3 64 XN6YFAVYV3GJ51TB6NA824QJ3P4GEUW6JI NVVR8EBF1NNGYMOFW7GM7D9Q 3KRCBFSWNQ D FKKRCYN6C GIGY7UAFWSFMB526OJ7SW9GW9TDC0 EF6YT2BAJU6AQ8Y60G7VUGXQBP 5DV8I8ORMGNK2DUY7L3NL0BM51RBV3QO5T4H8D2FF33L12LSGL5FV OEJ88LVVIGF 31MUWMM5UQ3D14D8I');

INSERT INTO CATEGORIA (ID_CATEGORIA, ID_PEDIDO, NOMBRE, DESCRIPCION) VALUES (94, 42, '42BS4L650HF755MH6P73DEIC71I4LX D8Q7RDI90LHYBI42F0AQ8REVEGT4JWP4CI6TO1P6TF1I0UX12GDQK99 SCKAJYIRKBLWO80YMYECWXJ9EJFK6REEGJNNWHGKO8ATC6YQY7OJAMUT30DLV1NNUOHMHW9GTBK7GTJCRHM4T85JOLLPIIUTIUV84XL5JLOKV8KMX0HWARUWDXSLW4HNK8D9ERAVFOQHH7GTI9B1XKS9 S4  KA1DP796UQ5', '1WWA K75EEPJ7GP8K0A5WI2XD7RTA5JSIL7LRU8 BDEAI VC9JEO6020OE0TM3KFLP05QDKMYQQ4KN1AXNXORRI5D3UXSWGIRT85L4G2CK6MYSESQ2L343JLK08R2BN 9FFCDPWYJA7LE8WMFDPDEMPS31 W42H AL2MJP6TKLIRN31RN KIN45QV53INF9XL0W4P4TKPX23WQQNCXOP35UWFOOCF94D2B5H6CM87KT0I9EYRX12LDMO8ARTUK5');

INSERT INTO CATEGORIA (ID_CATEGORIA, ID_PEDIDO, NOMBRE, DESCRIPCION) VALUES (73, 32, 'T9IVUH VUL6U4TPGYX51IT4MWVW6LU5GJMV0BWX8TLRO5N4UDIAM7LA3H0KSXAI23N530LYP3GBJJQVM RIFP58T9P6C1CE4HNY0MCKHPJ03HR4V0R3WNPNQO K8291MC1I5 IH14K43DFS4M5M11WYM7RO2KM M82XQHA83PWN5TR0U5XRCFPBPQ8TYTRLE F75I5DKRP86HEGU6YMF30W2UOQ0937J HNSAAW6U2BKOX0U05M3E0Y77B341BK', 'YCLAJE AS7PKX7J5YSYPLAKDPRPML5J5LFW9PPNK8H4I9MFY429IL7M6RMO5IHDWD AP6DLW8WIAN8Q04UMEXD EYCS0B1YTB595DT0Q8DNTXAASXWLSX5WVXAU8GL9S3OAQ57UHMKQ6SUO6BAMHBT80 Q90JUGP5ADF0373VB1RESRSFCD1MB8CKLJPPS2R6V8EBUJMXLUYAR3VSREB9RCBRH6N0EO0OPR71J8WA8 LT0QU NIIVW4 Y42585R');

INSERT INTO CATEGORIA (ID_CATEGORIA, ID_PEDIDO, NOMBRE, DESCRIPCION) VALUES (18, 99, 'JS3AT 2S9Q5PQEI727M6QBUB5AUOG5U3FSF2B6792GM6B24N5KHL7H6D83BPX83F6PCX522GXF35L8IGSWX5IURUPAPQI0J1CIDLXEGCEUP7PLF46TDJMU9TD3MU0 JX0TX 240EU31MOK7XPP69NQHG8DG2J82UBK 9GT4HUFHGG67GYSR3MUOYILKU3QX  IR58L7CXOF5MU1YMCFWQ5PPXM0UBF89XHYX0FJNYYCP9RXW636V51JNGIDGGP ', '7STVF5VG9A7N2SH90Y3X WXFY77R5CIX1SIHOTJ0SMQ9CW8Q8TN82COHQ6B837X6STLTA1C JWXI16MM45RY82ANOKCWGYQNNOTIUP44FOSVVOUUA449ALXHS0I7KE5R5FIPQOV74Y13C2H3JIPMAGY EQIGB3YS74VUFWUNAW4EBKI3I0F3FEVGRUQ560K9X7O738T0RKGUF5BDD5D7YMUUN1NVPR3UHF41 FOELVDGYAAE1WA6LLTU9Y887FI');

INSERT INTO CATEGORIA (ID_CATEGORIA, ID_PEDIDO, NOMBRE, DESCRIPCION) VALUES (0, 99, 'IFA4BLDO5H8PPDKSA4FRO52 BLLSRUAW10DYNLRMUPWQC9U57U5Y5LV648B4J2R88Y83967IGF GR6IV6U7AKXTFONIHD9JVELQYX3OTHKYCNT994KRISQNEMPGMET 5WTMGK66 XNGWEE04NCL17YF2TSP5LJJ3PFCERFX1T5BNVDDHYWFCYCBL3Q6M8Y2VSSDGG8Q5Y4HHI64AC3TQXUOPNPQDXBRB1TG 3R9WPIK6RA1GYTY68IQXTIEJ3M6', 'N5AS1NSMATUXR3H0KIRL9R7 17DUF2YY2T4IOUXU6BP8PMHJFNWLRA9TUT9L5CM2UUSL5S66VUGFP1U06HRA0R6A6GH0RNXUC5R41PC3HD2BY5V7A693 VYRFAUB7D8RCI5PRHJMA7GKMMWLLTFSPD PM0KQXW X 1DTN00CDTGO8XSRV LL6M17X W FN81AKKH RYB0BJSNO4NAKQK QLFNMFYI H55S1QEESSSK0K3ICY85D8 2L0R ONYOL');

INSERT INTO CATEGORIA (ID_CATEGORIA, ID_PEDIDO, NOMBRE, DESCRIPCION) VALUES (93, 39, '7KWI3UPYCINRPX6RYNOM MJ9U4TN8A1583KENFV0KQ6NP68AI6RI6FLJ3SKDO2U9P3BHV8F8 INFEOYLH0DRU7XD42UUDIRI9K53YJO2BKWTBC90E27U3MJ9SGSNKJHYE53ASNDV6KU72WS1BUMI 3QJ4PPQVLBORKHOL0IHQ2FRE4K9EXJS5751CJ5R326CYS7O2MJM5C0LRE2T50RLAC33SX8VCU59 R I09PLV7 8W7H2WCOOUIO1L 99LHT', 'BBQ0QTIW2C5V8US07OFVHXEWO2 845UO6LOODJJH8742HVBOSLF3IOX O3X3SM85I0PO5S9Y7K98VI6F4I7559M09N1N8E68AINXOACE0QH0X1LV9X8T6DFGH A3PG916P76TBRGAOXVFX3BA4 4XBA8ISTARTPMTOYJKVQN3TMA FJKA5MDQR4AXF8K4B0UURD3G03UB5HUPFB9UCSJFD4TARSW CAOFFFKNTBDQ6XYCKBJ25AIWXVG J8OBC9');

INSERT INTO CATEGORIA (ID_CATEGORIA, ID_PEDIDO, NOMBRE, DESCRIPCION) VALUES (65, 24, 'DSLS5OAHVFLA JPNMIWW8620KEIFU6W3TSJACX971WHQI8S 81N6Y9H60EB873OEOAOFH2Q T9IAT02I9G500LJA2FK410MNCXO33V92ESIMEQ77I59Y3A8KHHS453WFDOKKTQFXXLKX34CL4I JTXXWU3 FB8PTXXV ECSKXTH0COIWTRURKSPLG417LIN5TBBWICR3BYPH3DOVKXWO QYO834L88GP72J1NQOV8L2FM7GVOK7GFXPOHRC8E5Y', 'LRIW8T4GKSDOOX9UYF6Y95WFCFGGL3AHO2WVMXHGHILJB6MR1I3AD9IQE 3M1ISDLKNNQ FWXJ4RP7PG6BGAYIFL4LWCVAI05Q MTHFL7EOV0CSXIEQNW2HKF0TI8RFQ3EVBSKHFQ0FOHKJ4JWPMEBOA3 PWG6BFQF2EQSJA DNXUH45APXXND629OW0IVEHQRCA4F5G9S3UR2GB4OFWLDQP93LUKYDHMVUHQNVN41AD52FA2G8UA69O4AXF1SQ');

INSERT INTO CATEGORIA (ID_CATEGORIA, ID_PEDIDO, NOMBRE, DESCRIPCION) VALUES (34, 17, 'PNKUPAXCXH 29F2DBDCE6X2QFV7PEW1Q2X1R3AC5BL M2GHNHY3UE8MXL CL1JQ6FVJND ID UM6QGH8UJU1NQEU4U81FP89LUK0D7PP471656ANM5JYFAU2C7CVHJ0EXLRRIPBLCARN2IUPGTO O99NUVX52MXUET EUCAV5GI ADGXR88 Y6BE U7Y3MTJ1H851DNQ2LH OT7K 3 8C7X4CE4CSUCKUF8GF02571HX8DSJ236 UMBU7FGCL2R', '1MMIII1YFR871WIJNM4MKFNDVDKO0U2DD5JCALXGF3QF7XIF27AJNFPT602B7EDGD8V0XLOR6QJHKUTYVJ6F2GBVIE3GGXH51HPTGY65IRYNRPK6CHLPHSNFRR0YLCEQKOXPNMGBG7J2OIIK42HF1HRYFGD3ROFDUI3C18V5WH15P3BLSE C3RUFI6YROB364G5TLHBJNI96PRMM49TV4P6TP4WQE1LI11SWXWQDX4 6UX9IG7 Q8VDC8S3FGHW');

INSERT INTO CATEGORIA (ID_CATEGORIA, ID_PEDIDO, NOMBRE, DESCRIPCION) VALUES (79, 24, 'CXUQBNK2MJ2BDF1THDDDS75R1 W1MNVVV04DXHSUP9MG8V9WD7A356HQ1 R0FVDHX7IJ AODYIBC7FGQEKO6I6VQ4PL9EM40XXU75 2AY2RYBPX8JVCNVPDYQ98Y22AJ PF5PUIVHH5WMNTO0B2MPCI5D9QERD25712EUSUSJ9ACIX7RDBBO1LKWFF022GUPQPJWABAQX58XSB7JWN2S06ITUP1T6K01A2OP5OWPF3USGFXYVXOCU56KHN59SFR', '7A8XUY9UI 00A24QQQR AMUFVM 2IX5OHHGB191A6NI7DFECLRUSWBCAX4S3A49PP5UJ9RD9DD96MHKJQ6C5TUCL0F4T8F4UJX 5RG0MKC4C39V91G6OYNP4U0101G7R397U4YVW0IY8 KQIHCWNSC435C381WHJFPEKUIMDIT6NH6N1EXL4PR39KDYDTJMC 3JLXVT6T OO3U9CCRCS2XTKJV1A478EA284TTWU1PYHEX5QR3Q TGO35JHIWEX');

INSERT INTO CATEGORIA (ID_CATEGORIA, ID_PEDIDO, NOMBRE, DESCRIPCION) VALUES (62, 48, '7P8P RVNGG6NRJPPDMBHCHBVNM1FMRDQLPKNTT529U20N2V3DQCT2Y24 B7HQEPFG2WW6N5DMY04XW4C6USY4DYUO7XLW5RWSG7TWWLE0897CP7WGPUTR2DP6L3LPSB9341E547P9EBDUIH WES2MG79C270VMJPN23X0F1CEDIBW4WFYXUJ4C1Y 7XJD09HEUIPH YKDN9S5MM6KS54B23B7FUSDHMQC361U3MHD C3YL630T7K0R2I FE4R6S', 'SUPE10U 276BW7C3MI4TY8UBBNNDN4 XMA2WTHA7 W OVJES IO93FP71RP09C64OLXMVHX4NIL945 8A9J4P CNM2FS3TBM EEL1J OL IXQ5LR  2LN1B8HWO6PG8RPHLF1O6I79ANWTQX84XYU3KR FMRY8U1YC H70FFY26W3I2SWEQEDU4JQ4MWFUK775W3S WYXJM9EVD4718IC92AAGU32RPSYGYBLFYMPYTVXV7PBINXRDYWQYIR4BI');

INSERT INTO CATEGORIA (ID_CATEGORIA, ID_PEDIDO, NOMBRE, DESCRIPCION) VALUES (20, 32, '3VGU1JCBCQ609VJYB1I7T7Q7SLC8O9QBJIDDPEKF2SKTTHGRA2E3X2IHUBP4J81KDX8LYEQAEWIJGQP44AOJU0MUKBD68UH3NVI07LF0TP0CW78 ECHWAUTHMSLOU5S4P4LCA3VTM10Q4LEU8SNY OLI2NA6E9WH6 XI0T0F6014SXAOI6HGR8FRGHS8VC06Y40R TQSH0W3ETIKM77OPNB B8L14EJKG  U60OV3YRSQ4UQ27VVDYYJRJ9NIKO', 'NHKIM7DSEGLTNACW 4T5225L5WO4UAXM0P7PCK2F276TD2X8C0WXKGBRNQTAM7FDD3IB6CTV Q7RCHBCHQ4J0CKO3R7SSDDAI6 WYE9 K8R4356MQUES1YAO9GP5A6U708AKKA8GEM7TFT25 WRVGJIOPBSWB3P3PRADU2X3PROEOR1NVGRTHQOL DMPNYDRRJ9E8ROV9SJNN 63OL73U7XIV0UPW9DA880RFU1M8DTVXP17SPXKGT9JWEVVXPP');

INSERT INTO CATEGORIA (ID_CATEGORIA, ID_PEDIDO, NOMBRE, DESCRIPCION) VALUES (68, 0, '0B8RHGM6RNG1ROG9 EOPR1K5BUMEE7A82B1N68OT7K SFUKIAO9UYCQRIU5QI8KM03HB275GF0DRA T2DIAIF1G8 ADSOY6MWY5QC38D9IF4CTY5W458XHBRW9KJK89T296O40GV6I CFY8NKQVEB23I7C4DVQ0A3NTS6ONLQKRAWBQI8Y6K7MN IE 1 YHMO4CI80GA0GD8HXRL718GD6QYW A15 3S1R8WRVAJ6D10H62GI3MI 8DMOOOSPHC', 'K7E4PYBRJP653B5 BKJM3BF2FMCJCM9UU XOXN9XH7AJ51XQ7B34DCN5QQ8RSXY3NOJ7GN9FWCWDUS6M46G6QTN6MJCBNSXR0987VBG0T4Q1O2PIYHETNMP2UX64MYXFDE 1ECV212ME5FBRBUSKTPFEF02WG PK9EEGC9DFKOS2ASN TUUPVPLD2VEDSKV5CGW2IQAK4CA1M YFSP2T6M2M 9RAWF8D8 DTEJGD0Y0885GEGQOWW1TDIKYG9H0');

INSERT INTO CATEGORIA (ID_CATEGORIA, ID_PEDIDO, NOMBRE, DESCRIPCION) VALUES (29, 13, 'S0F6UQ5NIJA62CRMKCOHFFIH9USTDLSBWXNV4G OIB23EAMXKTOTMQS12Y18WFBD1IC7FSLWT0UFLM7WFQ32B9GWBLT0HW97KL38T68S7KMOCGRM2UD SAAUEUARUTP F PA8PUCG1DHGNYLVNBHXEMKG0ONCU4PC3MRPK084RYK7JYUJ OR17X IJCJ3TW3OEFM55839HKDN5LJUC9RY3SR32CF976NW3JE9AP2O6BQ1S PWRPM0J1S4SE04RW', 'TIT0OSGWDD 135GPOGDF4TT27E7EK3TELCVO8VDDF35VAQDX9LRP8HJQFJXX4835FVMGSR7LOTMSQYGS9JXBQKVKCM0U12VJ 2X8YFD 6M7RE7B49QRBA78D72QPIU5XFJ0MXI4QXMFIIH9CD2605TINMGS6C22182C7IWD53O3YSBBF9EIDLVFWU4MP65CATYAWR505DTQEN0OBEYNH9RRK5RR 7PC874FYKV7BUQDQGJ0KHV1GJOF4XL33XYW');

INSERT INTO CATEGORIA (ID_CATEGORIA, ID_PEDIDO, NOMBRE, DESCRIPCION) VALUES (74, 71, 'IJRG3M8FAKMYIKX9A8HNOXVTDID UQ88HD6LAU7LYJ8 B7EUDBKA1JWMDNSVY120W93HSD2A6LOC5C7PJ5D5OP4T6DHG5GQ 3BQEIER5B3U7H8XYSL0JPLHQDW2 2TWYT54V99HT1APOIWBFIO0R LNYASR275UGCWHC4GJ2UOU50INPOUQXW3W3T841N312QLMAXA8AB859B23H35X SX4G01P7H8Y1SNTRRPLKRDJ86XC9H22KVW1KAO1HVY8', 'WESLLBVOG2E382XDJTUA9TFS6 D9R74YEWQMIYN4QRXGWCIT Y94F7UT4X47LFRSLWB 1M0CMLQ6YY1L79QI7OLJWMDYSR78J382UGO8J1OKOJ10S1HPGP5C6Q4FGU7ESGELLGCSTBOH20PDROJAQYBXJ6PDE0LLWT1A78 AODBQRO HY0UK5IINKO3NUWACF00X8Q6L6EVW9BXLNE60NO47D08LGDT6TWGUDIN3S3CPTDXVPTAWOM8YLHF 5SG');

INSERT INTO CATEGORIA (ID_CATEGORIA, ID_PEDIDO, NOMBRE, DESCRIPCION) VALUES (12, 56, 'HKTAG8TTLEKUSHCP66LL85Q07V5J1R78RO7DHAJT2U12TESHR5L MMPHNN1HAR8PA C82VKY0HEVY5LX8YFQVQ6VWIHOE86Q9QXOMPQGMH0LY5LMJ2RQD1DO6A7N8L2EBOWWSGX648GSP44CNCHANMVDONW2C8AE LYLY6XV 8L9L U FE4I RFDU4A2SC8RHGEPNK7Y7O410KMF68G16VT1EOXXFAMOUWP6W33S4IVESXDAUVAR8TN4 JMSSWC', 'X0W49DG1238SYG3OJMLS5OGFKJ12PJ8 PQ6QXY889MTUATE0UO15IM63E09EDX8A2BR2QMETQJ3EBUJ067FK2COR1HEO9F2SS 19U5BA78EV466WGWXD0MR3SHEET70B31A9KTCDFUR8TYUS41S0VWYVW6C4GDM73J1121HD5DI1QYH7SSIXS5RGGB6RJ8JPWVDIJVK1XKAPCR5AKSGLQQMBAF Q9C4YMS1U7X1H62CN00C 40 MMPEKW7P1A O');

INSERT INTO CATEGORIA (ID_CATEGORIA, ID_PEDIDO, NOMBRE, DESCRIPCION) VALUES (41, 47, 'Y9A0204EV6SWRYLNV39 N33TIFR9LKS7X9OP9CYOY7SWYDBQARQ3TGKIBQD354B3DURCFTFP8CO2FUM940RLNF97F1PQ1 NLT6S3ALY21V7RN6RJJL6Q 03FMHV91M5CA9IGRQVQCJAD5PUWWEGHYWYG1K2N2K K7WROK0LB8KWLU3QHN10D0VOQNR3II0JBGB3UA UF V5WMNGI5KM8OVNR3TE27UW5BCI4QJTVC50DA35D9F7HCGDJIUYHAAC', 'XE37YC3EBGQ0VTY96SX4KGYL28923U2 E2HGJ79O6BPQ7PAAQEGERH0Q81JHXODUXJH KHPU7W010NHM6 UODI6LSWA6QGRL30XKS7RPDJD FNBG5OXEPI1XKWE4T 7CWBTANEYDPT6YIA7QOL4WAKCGMASGPGSWI58UIFAOTTGJCYV2QOMDKKT7MXPM 4E9XWDHT6YMMQDK8N205PEHJTAOD 4PUJHGWQNBD8LC1D4HQQNCW914QGNFKFWCDHO');

INSERT INTO CATEGORIA (ID_CATEGORIA, ID_PEDIDO, NOMBRE, DESCRIPCION) VALUES (98, 48, 'LCRM1AO68RL2BUTX77WIJJJQSVDT683EBRVDLT61JP3WEWFK1L3HEGMHGA7SL1WKCS8WBKYQ1TBGXE6MEF311SL3TW2CHYKTYTHL5AH6VUGY 2NXRAPNLFT3BBJ1EJWWSII 84KPMEF5F0DTQ6XATVVX627CLIK98NCXE4AQLX3WXKFROUJUR0MQ4LVIQA4H4549S8SBN3FY6FC5FGETDOYWHPAHEX7ISCY0XGM8NT037DB91SWV3DTJ5TGCLO1', ' JTXEE6CSBXX3TI7WJIH9NF1LUNO4W185E4QKV0G4B7EOACJ4Y4 U6LIIPX5 5T8VJKSAX24VFCM5AGBK49S7G07G47DI5EMJAG6PSX  RUUG8VWVNQ7B9P0JJ8A3GV6QK8NIWNRENS1TT2WFGIN7PNUVC1G1TSBW28Y YWDUAW64BLNRK2BAWRMOM866NCNJ8U7P32KO9S5DWKMU3TRW9 JL10I47AXLNXR769E20J4W95A7BJV0 2WEYOGJ2O');

INSERT INTO CATEGORIA (ID_CATEGORIA, ID_PEDIDO, NOMBRE, DESCRIPCION) VALUES (47, 7, 'R6MNXLPQ6S4PJLGHO0P7BHG95KI7O70J3QHYL7VYBYW0AU8RB6DK90FWP015J9C59TBLKMRVLX4UDBYJ5N248CKPW28JPW4YBK6JUV9LK4P JV956E4DREPF9CGAFM237Q0YT5U71NFPR1F0ERR91T96VBQCTSCEG900RE7RGK3YE37W0B4N40ADDI5I8V0VX3QTYEQ5H9JYBCWNKX20EY096W80VA0BXXF6R04DQYYPE4YE5W6QHV6M4R30V31', 'AG5K77Y2M14VD0A9LDF35CVSOWPM0EEK1YIPNCYV2721K4978 RYIED08UXSJ 52T626BH3JA0TB7SROL99K20 V8X1NJLL39KWN6UI5RBKFU6NYJE2FBN3VRPRUISHCQYNKVRBBJKG1AWNHF6XVHK V1TA16C45U3W 94RANXWMY6CNLQE0PGISNEQUQM22BC41XF4K7 EHAU DR8CP0B46N 58MXWIQ8YFIXNDT4YBXIGXK49CKF8TPE 68DR');

INSERT INTO CATEGORIA (ID_CATEGORIA, ID_PEDIDO, NOMBRE, DESCRIPCION) VALUES (69, 41, 'D8LF1MKV32BEBX35E 6ET5 HXBD74YQAG8NVFL5UNXSH3WHS ART4036PKC35JCFLS1ERM3L4M7BW5 FSUFTHASC7YHF1C3AA1NYWXYX78ASKW2LACNMHMCDWJG8J2EAJ3I9UM BCXQX12DYAHU8DH6JB M39IYOMMKNDFB9G4VMU4QCXEBN KPPBSFTVFC9N 5S5O JF87LVFQGS2B5RA2VQDKHJM7IGA28AY6 TQ1176AJ3C9N0NIG4OS WS6', 'F42SWIQXGKVVN0RXVO9UMMTMRRWAP8GTTJXRN38RV7 1XHRHB5NTJ5ER8L7IRU0N7NK3U PNBEM2HBQWM I3LRG6S8TR6T6P38T5GJ8T83FGLO BTG7YQHKKCIXV4VWK1P6XTK H7Y28IBUL040MX1W1QB2WQ AI39ME7EBL2WA3M87JGSGLPG2B244L0OUWX8AR91RQU2E31LJ9H4 GY F82TFCO284PC0M0LUD22GB6XJQJAN 554QP0C8QN6');

INSERT INTO CATEGORIA (ID_CATEGORIA, ID_PEDIDO, NOMBRE, DESCRIPCION) VALUES (89, 33, 'NB175DWLMG7XA3L2C46GB1EH6PS 44VIWADBFUPBV6REJJHTLX089R7D3V0XJXIQ9MC7EVTLKEW2SA4SQ3N 6L0X8VYU TAN1QKG 7MA0XS13NKJXBX8W6RYOE68CNBIIGEESPTWM2DCPQUILU7QKAWRBVO05YI8H2EVKT3VUOG3 BQHI7PH7DS2TADKRWA6LSNUNVHQTKNKJ2XVT323KV4A7H4JDVP9PBC 63QI8B4E04LQEOJGPLX68FPV2HK', 'G3SESD31G1 UY7MGNJ1GGQEEA2G8CE6YNKWHUY1X4NH14ULQFR4BURY6 2H4QXGR8CMSQIAQLB4GELG63D77GW21VJQN6YSWN9T8ITCUNYIDYUWJ6YCKLQ0TDD5W9LLHYHY1624EOKRA575NC6MD37UDFWJUIP5VN069 5W9N6D35GHAADEQEN70DEH4LSJRXQPXAD68XI CBU6M93DXPFOC516LR38 6PK 0KHPKVRMGTOPTCRNR5Y0RF4 Y8K');

INSERT INTO CATEGORIA (ID_CATEGORIA, ID_PEDIDO, NOMBRE, DESCRIPCION) VALUES (38, 51, 'Q6LSBV Y9G7Y23GFO9Y1 K6C34XP2Q7P1K357YL1 LNAUR3XL6RO7527EDFV 48S8H4VBWWYRMLE42PUDQJ 7WOO6W0KNK2GX QEG47NSYWRSMF4CTR2TKO34SYSO2NELSVW0FN5OJQV2GUAE8BLIH5 156R4YFC2Q72XQE44G57 V5UWF1I17LVTB4BSO0AOVK8PKOIX0Q0TARFFSUD1M6QL3D4P516LKYVGJ6L8L7KIH E2A0VV99SNGTNYQO', 'OE1QEKKHYTRA3M7UC4D12NURPJPNQVC1H19IR2C2VYKSU5OBHEAMDSSRGKQ63TA2HYK44X RH1TBEJLFH PD7Q1DFI54LDWK DFSVG2MQVSERWPLD6SERK5B HSKUJQAORQUUWEJNJXNA0JBVBJYI3JR4PRTSK0XCB4M5 LPA06VGXURQ3UN9FE6Q430FDHCJ3D4BDMLPMIAE Y41YMO0J7BLW14YI6LCTN PTE58FBVC1IT976HVSK32NI7B0I');

INSERT INTO CATEGORIA (ID_CATEGORIA, ID_PEDIDO, NOMBRE, DESCRIPCION) VALUES (27, 57, 'LEX3O9PRLTL0DNY94VI4MMLBBI2861713HLGELKBTQ33N1GSOKKFK4LFIWIL64C3K8VBK8PQFFQW0D0TM8LFXP82RKG2VRVTWFR0A8PEMS3DPUNSXX4208TMS8WTYS14V6OA9TXHW0GB2CBBRMVOYML415LV3P5IYGRS8S1DQC0ECX0HQ4LWCM3QMSEBM514L3XU4N7S8E1L2O5KOXK 4EA06GJDSANTHN9SC05EGBICBW NU0  U46Q4QB7P8S', 'X9WP8KVFIMOQH646 D364M4Q53CTQUKOBKXL6E8B3O22CA G3IDJ3X NCJ2NHUF10A36WCT3DYLAVAAPAMVGSCCWQ58QS DU759SB5A88R4TIV1 WANTGSIHOC3R1VMHO9WJJKAOL UBF9MI79EJQV91H0 M2FEJ2F4WM1RQ7M33R6KI0HWF8Y04XDG4N2VHGQ49H 5URHCVTUNTP4RGJGNJDOE8144ODO4Q5EWHEC1R5Y90FA1YGXMO2ENR2HT');

INSERT INTO CATEGORIA (ID_CATEGORIA, ID_PEDIDO, NOMBRE, DESCRIPCION) VALUES (97, 26, '4KICK09B046UF03U 0T0G K3 GDBNKLFBV9E4W4SR8ABHW1OS6BPQWKU0987WVORI22JOSL0LR 6L6PMVO3K48CRG74M99UIK7B 9W5TJ7GD WTNY25XF VNNAV7ENMUUQATKLNTRG8KLLQ864QHJBTJ27DEYOPTY9OI1KD34K1D7HFI0YDQRQFUMKSHTJ7OD4EVDPXBH26KARQXJU4Y881PG6T1BGVAG3X5A4S0569DX65VBES22AFP0PQJ2H0', 'AL49TY7T 34WDIH H730AMFBFM8307DNPT8AA8J85FHM13XT9SUTEUSEXR57R44LP8PXC5OM8 ORCK065VCHUG3FHFMT6G65D5MIJJUET6FMFIKTG0OUPSS08S HC2QJYJC1LYO5ML1R1XWBRC2V4BRF72SIVCGI4IIMO6BY 02VO89J9D71CETEC7RDRFJVE8P02GW1BP0V4PSUTQXTF7E8411OQJGSRSOFG 4LIVF9S3R5UV63060XDEMLGT9');

INSERT INTO CATEGORIA (ID_CATEGORIA, ID_PEDIDO, NOMBRE, DESCRIPCION) VALUES (25, 24, '1STD0VJW1IE29JXRWD2U38NJYQXCRA4DIIFF4T8YFYPVF6CM 4EHTEQUI2F0RL66EVCE0VP I20DKSAIIFCJO5WL5CEAHDSVVO5VRK07ID 0TD02QEXLHDMDRQ83R80JUES4NCUQRCVYFM6E3ON4 PJ0 41X7MMTL39CK33LN0W0BR8RRK 53R350YV7WPVMUUD40ABADVVLRFH5 LVDIXP9X 4CE0SUSETN4R614U4PNIKM1TJ9WL0CJ HUUL1', 'OR07B3VL COJIOMOXPQK79F3484U1IMCPKBSWE2XATXD4 N6LM8MHONG8G1UOFR Y36KX45GSEDUTFU1P5X7VP0 8DUE8L3XQP6DCDOYECMOVCOYG4QJ5FO3A8XD15BWGORK6JAADTJPAK7320RTKDOBSSQ3G14C2AHFCXSE4EH3H3KFFYWX9X8XV04B3LI2OHD3D50ANT2IT3RLC6J LL POWLSL R9LL HUY2LAW7TAXWVOEKA56EIS3P22RN');

INSERT INTO CATEGORIA (ID_CATEGORIA, ID_PEDIDO, NOMBRE, DESCRIPCION) VALUES (99, 10, '25LOEA1X7SN4 I4S9OUNNW91HYS4SBR2TRGYVYF3NQ2FG6OAPXJTG0F5F7AHWQLMDQ875YW4W03TEBIP B0VRUF01VDSF8OLPHRFPFYWXF4YITDI1H4 F XFBP MVINOT7O3HPJHITEY2UY1Y6WW83 2B12CSGH4G1EPJ4HXG1EA38JKL6WI 84WN3DFYPB0HYW9KTOVQGJ7BIEK 3ERLU14637HVFN1DWGTFUFQ373MVBM9QY3A8WS90MHA4WW', 'FB1EBO7DO9SSK1 GPV1R5U2XV34CL 08RLOJI07CC6PTY0TBOK9WBTASOX CRHKG73M0F4X0TF9V2GU3JOP7LWRDXGQJLI9OCENBEB8KB46SR7B4M9H01WVYEHGXWP9FOT1T5YDBVGP9M4MFI6E8GKEV75OK7YCCOEUOSSHJECB6GXERNF4LWN6WS583LHUUH9FSLUA82KHN7C7UL54VA3TJ90DVOII43XO100P3UX69H4 B6H5KB9JIOVYUNO7');

INSERT INTO CATEGORIA (ID_CATEGORIA, ID_PEDIDO, NOMBRE, DESCRIPCION) VALUES (78, 45, 'CMP2NL5EADO 3KXAW1Q3CWEEP7135HYY0EE1ECWV3W11U1TN414JSCRIJH 4BVEVN68YJQQ666AANLOOXJTPSY9 UDN8LLSVFRP6HK KHKDFAN2NI5UB2L0T0N GKLFULVBQYHW5282A9Y8O5MOM18RM LIHUKV6YW3EG8TQOGM8SXQXBERYXID2RWD8K AVMAN H6BC076IPO TR0I963SONNXOT05RL79QCK2RVJUW5HBC 1AJ7B7PI3RIHW3', 'DFN4GIQ060H IBJ9XOFEMAUGH A9WG4 IONN5IXIXM8XKPVYH6OQIKAUT4FR2243 2JOVFMPHGQ7UHY6LQ46 IXRBBA7IBLFBQLDC52G8V92XVVT6JMKTLU7FQ8WR5S0O455WP045CG1YAWAYAYD31CB039PT68KPUPS6E7580S99TJJYGX9Y2GXAAOAM9SVQV7MM I 3OKHMXOJYH31R0RKGJLHVGFO6HK143Q7TGFCVMVJ2QRNA5TRGY8VNPK');

INSERT INTO CATEGORIA (ID_CATEGORIA, ID_PEDIDO, NOMBRE, DESCRIPCION) VALUES (92, 66, 'CJ3 RWVB0Q7LKVBCHWKKJK1OQ5B5L2JS2B637W HVWP2S14ULSP2U21JBSITANYR75W3CXVBIBQUGSU5627ISXBLSRNENGDB1SCP804AX7CYGB3Q15MY112A7FSTNTTAMGQL723PG1LFGPM1TQXD788M9J6MTS3AK8MRR00QKS1H9VSFTVG3BDTYP5 0AM5IVVYPDBX G NBCYM7ILYXCKNNV3V7LX M6M58DQ95UGXTA0FP8HWMFV8BTJPHHTL', 'Y8L5FTTLM04DX4C3G7IUGVQB2LP6G YG30 U8O3 ALG9WJYB6KMWL VT6M0CX2V8Q5495QV9DP8BIOLGO1DGACGG93Q7JREIIRUKUG0BP8Y2TOWC088OQLJ2UUX174HE4NKISEF9MFHI3T07KXPR4VY302P59F1T1R0WHKJFHDCD0MEP75O0FHMCMNQ50UDCSWL3R1PDMYVSCT8QY4QR0OXLHV ASJWK2ORHSAXON9DUUIH4NOY0FQQQI KG7X4');

INSERT INTO CATEGORIA (ID_CATEGORIA, ID_PEDIDO, NOMBRE, DESCRIPCION) VALUES (42, 57, 'GXJCWNTKS1LEWPCMM 7UKNR2JN656VC1YO3HHUL6B33QUWJ6PE8AOF4S5BGTAGPYR2PX7BU7LXTQOJAM2PK7P1UT4OGDWCA1EFXNYLN8JKPB6Y0AA01PJPJU96J69BRFLNCSLF2OYF6WM8N FT8T1KQY4GEO7SO0EA1UX 1VL7GMLS6USAARTOY5B5OXPH42M88010S2878JD9TI2OA8T177WPG X 6GMKLL0MC780F1XH NWCY7U5SJG3UNUTN', '8T79ACXIFNG1JAMJ93AS4LIGR7LV05905YBYFBHS9W1AVL0RSB4WFAN6QR5NVM5D8HV636VALKBS9WVHOLW0FSK3JD2JDYUH9GV80 N220NIOQGH6V2 9FLX8X8F6Y3XTJNIUNODAOAPXGMVODTXLA7QTVTHLGOWUR6KJ5R FA70FJEN4 Y250A97W5JKVW4QRFPX6MU1PR101GDO4N163I24MM7QC13EKMC5XDC3 8FMKJ7RM6ENNOJXWGQEXT');

INSERT INTO CATEGORIA (ID_CATEGORIA, ID_PEDIDO, NOMBRE, DESCRIPCION) VALUES (86, 47, 'POPXNMOE7SII7I5PWGJDTLTVSRGGR6TFI5HP9QX4861NJBTTQHX85EF5GJ18CW17N Q8J 70D36OF75LO9PC KYQ9YEQQMSHY0NA7SS7DU0691QRYA15E9OGATHWOCC82N05U0IF2I2DA95R36G05T2D9KS93YRAVVW6T2L5 0OEMMMDO0NTQV9QPLMW2F39RE6T2NVI9MJ0I80MNYSFXA8PSIU8NNCLW2YC1A1PV5M5OO3KERPPFTEMABR7F5J', 'F 07G1RX4D98Q4DN7YVGJI4IVDIDISOEU0FIR9CQ111YEG9MW8ML13L3D35X70EWTVC2EA7XBG32TCXHPACKY6YTN3XEMHJXCDPFDGQ0J5ARYIDB4O3Y4DOLKRB5I0YYR3F93NL2J1WV3BUJEPWLRC5PKS2NNO99AC52E7PNCR1EYUN5HEEK7BMHF9PO65NW2E1J5SYJJX9IGAN1NHBWQKEUEGVJ075PTFUH7CGIXSP8JLN527ONQCLDRF7NWKI');

INSERT INTO CATEGORIA (ID_CATEGORIA, ID_PEDIDO, NOMBRE, DESCRIPCION) VALUES (3, 61, '6SFUGW2A263HWF7TPIVPPSHNQBNRA1J6CTXE780XU NW9R4GMY8U3QBT7ALE6XVEGEVS37G11TGET1OA4WVPU08YLVU C7G6EI951GSAY77KYOEIW8TI63EW2IA1LYMYOPQ33XSSJ 5X 03QVDMC1JM2C8O998T2WVX5SY65HY0WP4VW4J3MYBLUEC 0X5RTWMCCCC043V6A4GNB1BDC75AXX5T5LU3BU6OXY2DPEC05LOQ0VWMX9 AWWUWWGLU', 'KBRRISHQ6EYKCJ7OT6VVRB8KYA6EICE 5QYD3B4PO 4FQ1G133NHCWXCUSSOXVVBLD2OF3MHOQT49B5YNJYA30T1D86CP777C8IG18LGE1P02SF6NSMMODV3VJRC8UTECK50LT2F3YIWL74AC6A2GS0J1M4YPTIUCOVV80JV0Y7RKD21LCB7IXV4H5C7EXM77N2OBC92 9T6PH7AD7A8KNEI52U 6J16VUPW 0BV02PI0G35860YLN1GC HNP3W');

INSERT INTO CATEGORIA (ID_CATEGORIA, ID_PEDIDO, NOMBRE, DESCRIPCION) VALUES (70, 51, 'GP65APEO0WJ6HW53WM1X2BWAT07MYXF6YMXM5LVY9S2KO3GFFMCBIKQVNY287N08MPSIU1TG8XCIFXVM1JDFLMEC859VC2AJUK0WXSTWAJGDK8WWIGSLF1NUD70FEJOXBKWNQD4WK70J6 R8 AY466UKWCNI9U74AICJWIS0I6RB2SDG8A6JTSDH79FHDUDHGMO5IAKQ0024IFG6WWAHYAHFVNRUHNX7STSONW2 BD6C4UBW7EIBI6049KLPOB3', 'LS8H84AAJ3IYWTHTNKLY6 F53R GLK X5T2BD7YM2 Q0YQFGK9NKUS52Y8OYDO4RLSJEKBH TKF8LM2AHL1AMBWOEWRDEXBXNDFYA6L9NHWLSLOT428YIFKJVVSBRB1SAFH53CK73E2KDGXX0SWUW86UDB0BY79QWYPP9MD0OI4PA24SWEUYS9IRTM1XV7 5AV33QSBC977AHKEB69NH 9P9IDGSSAJIOEG7OQ60CNCVRP18M3WNEWAX1MJ5R2H');

INSERT INTO CATEGORIA (ID_CATEGORIA, ID_PEDIDO, NOMBRE, DESCRIPCION) VALUES (39, 44, 'FKYLHNYG9W6IM7NFYRVHI43COGA6K55T9KOOT0PG6BXRPCAP4HOGVH9OFT3J877JBV IUHWI7TJJ8B20 MTV2GA TYLSGFJKBL93HKVYROFCJRFB12L86P5VB9F OF4L7OK8MYMARF5HHNJP00W5XOHP89T651M26MP0Q 927W653MIGXQ84NUI9CY3OOAM85N1PLK9RWM5HGPQD3 SOANIWEBP8LKMTJVILQGV2NJ9UY6XSLGPJ8UDVWQ3EO4 ', 'SAC78JGDUB62N0FR14R0E3KVVB5 GB2OEL4OYYH1EI1MWXVC38DAH8PCSX9JY6HIEWSAY6O419OC0V4EPVKCRHB71J 0ME55 24G53VTEXEPPDNH9DKRC5R0Y37Y535FS7REW9QQY MAS1H1V63WG1N8X6D7GCND6T0LQQN42DSIBE8YJLCD46YI7L5SFFFUG02CG2RG58TID3VU8JG 358 O1377Q4TCNY18QKWBWBAUW37I3TOXU26U3E JQK');

INSERT INTO CATEGORIA (ID_CATEGORIA, ID_PEDIDO, NOMBRE, DESCRIPCION) VALUES (9, 1, 'LGW2F3BJOJPVPAYJT3Y6P2T230E6H882MPHB5FH4WE9NQJDS6R14LTC525H3 NRWBJV1AQX9EBE56QG2PW881EA046ALHIWC BWHFHI88QO7X9AB9R46U97MO NQ5SDKSRVYNHUSAJY1OKHLP62696FOEXNN49WD43SKSGSXH3NSV4PU50GC7VBEMJMD 165X16TWR11L0ETGG4MX418KSKMRPO5MD4T5FG945C4S43KTMPAO18Q0YU8F9V 1UG', 'NN4M6IM7S4UMM8QJF0VMLLHKLWS22Q3E27I5NHUVKQODLD47XKMB3OE5DP 1FFYQ6WWMB37LOPMC9FOM7 Y31FK3PCHMNDOA2PCRTYH35X9AENDX6024 X6F6BKBN NNN0VO9CN91J2Y0O2T61N6XUTDX5RHY76GM2SWLOYNJEGORC9JRT0M BWEQEI0RRCDTELITEJAQLCU NKBGNTG 20B0UEB7LRW4CPPMHA5XQA8ICIVSWL34JTRL5G30B0');

INSERT INTO CATEGORIA (ID_CATEGORIA, ID_PEDIDO, NOMBRE, DESCRIPCION) VALUES (35, 27, 'A5PNC0EWY5MKO A99FST9G9O267GM0NCOINSB7UWTUO2XQXREVHHVXQI1A6TQL7SQK23MXAYORQXC9MTU QVYU0QTEG71QMRX8LK7QH3TTFOIQFYTHXU88MY48 YPVW5HJSP2TRF90 X3N7T3XB2 XD8N2UMXMQI21O1OMY6YFLPQLQJVQVH005VVY1RSDA0ID6AYXKVDVP80TWY82QE7ASM2P5 2UGLF3N4MA4A0X1ITKNP3JFM9I6XWPP2CTR', '8AXU2L2V1MSWHQFFTUJ13QRYJLXD7W956W0Q2L17AO912IM YO DY15SUC9 1P18 2HI4CJYXSNXQPXF3MX0759XG8M1KM70PS71S5SJI01167EQT FWTGI5KXF3091OXOFN1FVB1JSTUKXOG0N8E3G5FM4H97EDN4WDK4N5UPD6PO6N9IR2X5EVDQ6L87YOKFUMAVVEVTGUBABPQ6YA2C7N655QLSH9GD1BL G2NLCAKSVP80H883D787BL181');

INSERT INTO CATEGORIA (ID_CATEGORIA, ID_PEDIDO, NOMBRE, DESCRIPCION) VALUES (14, 44, 'UJ52E5 K82OIT2PY82EL3YK8UO  QB6SFSWS87MBDGUYB6D4E247LUU CT47OKE30Y 66WRN6RPJHL6E3AWLLJHYAD6F660FV0FL2OMVSYCXV53SAA5 RHNI58OIYEAHV5WJ8AW19YW0UN7X8Y3G1QSCEW7R3UL9K2W49AJ8G8BGICIA661VQD5NXLVNM2HPIVXODYXUGA92DLEREXUGX8OG4KW7EW9G13VENNR9RYYTDM4RBA8Q86WK41XEODY', 'WSSE283DXUQXUBJHVV0YOQPKUOUQ4W6IDXR0Q2JTIWIG567SJICE62E3TDIUFIAB2LPWSJUA31IIR9QORLIGWTFIVVUVHFQIMDFHKXUBCBCYGYC15OIW9T86Y N9M9E9V98FX044XVFJ5D135MKNTO23F9BSGT5HCIYO110A43RTO0RX6DY1SA41EC0VM6BX0E59KS78XEM470J65FBKD UH202KQ0XN6QTP9MJ TEFQO71560NFMTCC4CFTU4H');

INSERT INTO ESTADO_PEDIDO (ID_ESTADO_PEDIDO, ID_PEDIDO, NOMBRE, DESCRPCION) VALUES (81, 70, '9TQ445FFCUMFTB0SNJ055J LK2UTH16G2V5KNUAWXO1PIB1IA3C97SJNIAPLSSWGT4CUEOGKT M72I92HWXV348IJ32VOK26N40JG2SC29BYDSFOAYHTAXR095JD5  1WUQKN97W3OP1T6Y7L F3YMFXQD4VH4MHDSH6RITAM8JBY4DQQMM 8EE6QR5JQAR7HE2XOQRCMCQ1CPLRG8VKU3BEUBE0BIP14 NKL6 Q2 0LT3WVGV2VNPWAENSFT83', 'A SSBFCHADMQF9KJ0CCWC4PAOQ7ITDH4W11QJY7IHY3IA AEKP295PGUCTVYOW1RYQ89CULWFSVTAF27U20TLVEIPMX51N91TFD5A879EW545P5Y6I7FF2GADQJ7RMLD3CJJD8LI5MUALBL7OL40JYA1H6 S9DR750XIYN00 CY8XXAU1FQPWBOAE20O00OL36KB6S8 9MVVI8C41A6DI0BV IWOCW4R0EONJH6GWX6PXCKY8DBIRGHEPRGBRWG');

INSERT INTO ESTADO_PEDIDO (ID_ESTADO_PEDIDO, ID_PEDIDO, NOMBRE, DESCRPCION) VALUES (25, 78, 'QB3B8GEGCIX3R0K1S4 YLW9F7RBRYK4CGE76H07IP61L86TIRKGJK1EEJN52H1UTP2 PK0BDW4PCB1CI5DC5LFAF91CU7UWEUL1U0TIYIDV65DBT1SBP6YCLI8T WHJR618O4GGOLBL23N S3PXMULN3E0YN32SCO9HXBKD9WHR QW3NMXCAX QXIKQER36NSV3TTA291EVM714NQLXT7E MBUQWIIQO 9M5QC9WY70D43701FE60M4KA8OXE92', 'WFS2KJ3L8ACCAMUFG3 CIYKJQKXMLYFWH1YNW8B0PXDLTO6ART1W6LOL862YBQSI9VMLS 51U91U91EY01PYTQWDII1DRINWICKH6JBFGVINRN15GA99U18O1CDVHMKV1H2HRU0N 0HRMQAXES GRFFMUSDWGQG1O1D9H7NL9F65SWFCWC39CVPOME5SWXMNW4OJUS0I6F1CNENH6JOBIO6V8N N6X8TO8KD1LM5MKQLX 9QQ5LGAGBWBPBOS5W');

INSERT INTO ESTADO_PEDIDO (ID_ESTADO_PEDIDO, ID_PEDIDO, NOMBRE, DESCRPCION) VALUES (55, 23, 'GW0SSBY1M0ROXXULBKDIIDT0VGX0 ITVSSWCLVFVDX6S4889R49ILFLWNNJYN9KI3R3DOVGSVETPVMEH1YVCWRP5C9S0FPMKOUGKYJ7TUTJGQJPJ3G2SUMYBVXJJAQK019E0PII5IKHF8 98DBXWJ22Q8F0BYYQ46FDRF8 WCOOXAPYRXR Q6D6IQDB6UNXP76P1M 0EEX62LNUS164L175PF748DM4 OW1MWJQGILO7T0SNUJXR1T5696JAMEB', 'Y04RNB63COTYEF1EIG2T90QCL4EM14T8AJTF3TP08RSCKJUMQ0P9BH215GY21U9UIVGTRYQ6PFONV839U1YFPATNV09LHHJS760PTG8LFIG2BI8POXLRN0Y5G9MMBXP31T0Y8YOLO7 8DVX4G9APP9N2T9675N2L8OH7 8NE79 TT1TN632O9K2SI WJW4247Q61S47WLNQTGSUH42RPQHC8R2 B525WPFMKK6QMD90X5R8MHKXW9SCLES8I0NS');

INSERT INTO ESTADO_PEDIDO (ID_ESTADO_PEDIDO, ID_PEDIDO, NOMBRE, DESCRPCION) VALUES (14, 69, 'B5FLMTRXL5OM56GWQ1IDFI2R 9LGAMCDBWRYXU6TJ5JE0GLA9T7L9538YF5W2Q1UBPW4P237O82HPJ1329 5Y20DB7LQL8VY0U5KWB6EWVFW7NL3XY I0YTKLBSQ3XDMYIPH0MQQWU359WGKX5P NIRKDQCPE3243MPTYPWYJ IGXWSLCM5AKD7VQH4P6U9QT2CWTTD4VJIS5AVABKPMP0INFMEB8GKP03562F4W55E4321MGUWEBYCMA3BV75I', 'DESXO56 AS4BS6YX0MRWW31ISSQ4I07CDB1UQB26P8C97E7KR4XLM7 GRQSG KBINH9A5T CEW2LHGMY2MSAING8X8174FNX74A5AO89 HDVT7OOCKMXKCBFS0H9FBN10NHVPVBP77AGFK7KYQ6DPH07K566K R6 NIQBYDV74PNPG7EVFWYXKWBKVHS7MH5LFQW2KT96A6NOSDA IVA3J8TSFFS7NARJ7186AI50567POA2YU5 NUAH9HXVXYX');

INSERT INTO ESTADO_PEDIDO (ID_ESTADO_PEDIDO, ID_PEDIDO, NOMBRE, DESCRPCION) VALUES (91, 37, '6QLM1EL8IHY2TJLHX5TIA STN3X2PGFT09L2BOXU4MS83X17 N1Q5LJ765AGT1RFQF5RFH5B9ENBS8BG3VT46Q3T2TIVNQMK8M2PE0FM0LSGW54OX6DX936E Q1UR85488K4W9C5L2D55CC5A62R77YOVS33XXVL3QO FDO8U6DJBAQFNA AC7U40DPDC29FOJ999K22PR380EQHNBPSYIPL8AYW9QDJ1JKVS4A3YLF6K7TPXWNTNY9DMCO0K9S', 'PPS2HYFOOA17XVYO6302ELBQGYOTDDQ0H5D8MRIMUHK6C7L5BQQBXMDI1M HISDAQYFHJELD1UKGPNY7VVHQ IRPLED37M1TE09YJ944PDPGE0XRLFFVO16WEMVUF81RCKLUYL78QRJBTKXN363FI9TV3IER3DREGYI624NU48W13LPWLDBY80RDFYOS8CL5YQXCBQU79BMAEC1GLHG0LV0OVF GAC38 YBIPLGD CHKRGFJII 7JSA4YMEE4PS');

INSERT INTO ESTADO_PEDIDO (ID_ESTADO_PEDIDO, ID_PEDIDO, NOMBRE, DESCRPCION) VALUES (83, 30, 'MPKS2WNBY8DI8CI0A L2SK52ARK4W6BJJ06 4ME8NNF5YFFBR43HH1BAJ0TSY7PUR56C DPCFW1Q3SDFV22X788XGLYFDJ 5N6TC0 B TCXMMMSAHKR2U5RPLWQDFWB0L0W7C8BSB7VEATCSAQ7TW56GR5865OFC6FRA4JBX95KAIS RMMN5UIX5VB4BMAOKIMJUMMV7MIBQ83WXTLPOAOILNXVVK114HXWP114KAV4JANJV QGCBGRXDSPTY3R', 'TRBAFM2OHCY2FB0C3BN2BIUP O094D1EHAWXNACVUDH0 82 58CQYDSVA769P 24Q49B9NYORK3D9EMJH49AKOSAUJOYI044T6J53SGM4LQSKCL75OA60ALF2T0RGCTIXOXEASO5Q53BDD5PA3C TR11XGP0RLDJ9HGQ2M8QRON6RQITW41RFJGOHCY2KFDVU8277E8GLHHRLJSQPYQ8YW9SAQ6ET85NJ09RSSA0YKY5ORNNPKE 9XRI4FJX3OY');

INSERT INTO ESTADO_PEDIDO (ID_ESTADO_PEDIDO, ID_PEDIDO, NOMBRE, DESCRPCION) VALUES (86, 31, 'WTN1DFQBB6PMVT6P3 A6WJOASI8W738H5D5NDV92B6P 2I7DJ6INE7TXE2JW851E 12C86MGP5LTJOAUOIR4U3Q2IJYTLFEXPI9UD 3HE7V6FL485OAEKG0VEG 3LO9VNXI3DRLCCEOVFD9JOTGD8B18LRNIEVSLUNC3VW0G2GALV17A0F88JAL8H0ICDETAAY6SWWK9PFIHCX147RNL1TVMHYQY 4161 1XW0ANS09G45IXEX6I9V2NO9S1R2K', '7AYSWCNW363RS UQWG01PQJNNUK4 VN869O599JU1O6KKYT4UY4OLQ5KVECDAD1DY0EY4C3DOV2JTLK8OR694Q74 H572ICF8AWHYUR9Q2PRE7LMDBFTYKHXFY3TT7TU DBD2MG0KD1QFC1T2 B1E505716VGQ9HQ1G M170YILD9Y9JPY5UJV7HHE4PJ02IYT1VAUQENH787IA0NF77N05I5CQOYH8FSO6FR 6UW0WR2LRO66KUD WCXLFRPOJ');

INSERT INTO ESTADO_PEDIDO (ID_ESTADO_PEDIDO, ID_PEDIDO, NOMBRE, DESCRPCION) VALUES (71, 45, 'MR673NU0DT08U TSCRVLPACR 2IKOJ8N9DJHGCKLDEMK68K8INJBIKDQJ8A597IAWR80JFBBGSFWA8BGJBST2H5ADP6UN5 D1AV4MV2BO339UL4DI8ER2D74PKCIJXQXQFTKIYPJ410 PIHXQDRKKGQKLC44JHL3FHR5 YO5JRLLHW2QX28M07BVTW1RJR N9KSREY718QBCR1GP02TRC3TTKG2JAWGEX6BL14E3HV1YM 99PYU CN9G4WYJ9VN', 'XRX6B FOT8HWF92UI05XBCD6W1JK18BUX4JBH IC 0EO2WDWMIYEKHOWPGSUM4WUAV42NTFRU32PY0KY8AVM45HXO 7WC536K014CF90396 PQDYNM1HQRAWY3CD8D4X2B4CF0JER709BQK553Y0CAB83SH89253LM4Y9DJU40DDMP1FCCP3Y0WGSYGGW32BX9RSMV1PCAHGVCK7LCR2PHGLKI90E4GCP7QPLFD 2EROYAOY1Y7Y2383Y9FFWJT');

INSERT INTO ESTADO_PEDIDO (ID_ESTADO_PEDIDO, ID_PEDIDO, NOMBRE, DESCRPCION) VALUES (62, 20, 'L7L9A WLIVB7YW7CE6JD0DPLNQ3HAEPS97GBL1WFCCGRX9G8EIIRL64FD TGIMUHWLWXF7LGSPEHT 3BOB8PLQ021PC7TRQ5230IMUKXWRL8ORDPMEYAQPEJ08DMJQ9GQAFUYD95AIA4CCPOX7J0EL280DFHW4VV7PLOW6UUJ23T5CBC7893WKG4ELTJJIKCA3MJC5KEM8IU0CDY2D7KAQNW6H2NI2BPQ70HELUXIDK0K9VIMKKJD9I6UJJ8P5W', 'TH5OX7SASV4XVHWDCEN4B V3WGH23R246Y0XB0UE5GVL5P57K3AH5J52BYU5BANTMEDSK7A250JH0HQ681JDPAJSWQG MAQJK9A4GVOYNSDMDYUFBT6I8022RJ0TI14MFG18HSJ2IDRG5CTDNHJ099T5CIBY0QSCLMG3BQQ3IG5IWV6A89JRTPT3P3P4TOD1L0J W38KBBUWE4F9IB7KB7EQLEAF9MT6G9VSNGHL0MOUG2PDAFJ4RJ VQ1RTRIT');

INSERT INTO ESTADO_PEDIDO (ID_ESTADO_PEDIDO, ID_PEDIDO, NOMBRE, DESCRPCION) VALUES (42, 3, '29OYO86OO7B6KR2FH04PNSMI2LIN1N297UTFP3ORISNU93HVH8SFWT0OKGK8J6R43IT4 CST4RY2IMUVECGU 36429J2FN6W56WPT5JCPYOU8AWS2BPL1SKTPJIN4L 2G18TKXI1QIRL6D903 T8U3FJ H4WYEVGN3O0Y78W9 TBYTNRGJ0X73RBYA30QEHWTDCTRDL0JD72L SWP4F9Q3G7SVW814YHDFQNNJ4LFJ7R8LIMAL1SY764XA9REF3', 'IHUI VHVO54NQIC087HWUPTCA8Y0QN1C9 H 8G963RGU1IWBIIRMC236NH4DSS6JNK BQ4YLMWMAYYPFG0IN86JG6BWCD39K C02DQ4W862C3QJMRCQDD8TU1HU8122GE2A7KHY LGN6K8MQQ0FGXQ M35G3N RT7YN4ACSCADLQP90GO1X98IXV2C4VN9U0PVKXEB 3M0BN 4TFCL8UUMMG124HGTK6BOD1J377PF4KX3Q93VTCAQ24GKD36PK');

INSERT INTO ESTADO_PEDIDO (ID_ESTADO_PEDIDO, ID_PEDIDO, NOMBRE, DESCRPCION) VALUES (48, 40, 'X2D2I4MJTHGQ9KLJW777GB  P3EY78KJ9WG75274O4IDFNUQ1EAEM5NWIT38Q5AE8CC4U1NBHFPWXS2EL9DTYOKOCMQ104UDL63N6MGOCHB0GA2LQYT0E0P8NQCEWDFMS1EFY7 2M9AU7Q6QQIY1KH8NK99GNUIW SXMS1XBDRQ5 G9AH3N7AEO6P0LOVTMGOX9O8EUAK P3Y1MC4KWTXI5RW0R6H3PDQ7G7VSQLAHMB5 E HVQMDHHGSMVF7J9', '1LBL4IOK5I0QVFWNYY79ECPP DYPB1PQBI8OCQQGK10WFMB3B0ANY0 KU8V5CVCNV8DJ6RS MUE27DFNAWS7T 67N1LLY85BHP5FFWVPG81AHIWU1 690RW9T6QXAC2 XBG5GAK2CBLE19V68LOU5RUDC5J4V6T51NH2X7PLO XCGGBJIX9G91AC9LT 69YXR1CVK19JUK11VU4W25ACSJSFKTSG4V4KEAQXAWOKYM3INA0YMPMXSVXKFI1K F2');

INSERT INTO ESTADO_PEDIDO (ID_ESTADO_PEDIDO, ID_PEDIDO, NOMBRE, DESCRPCION) VALUES (26, 23, 'MADQXVPSR4YGCSS8A6O5O7FWRCQQ6VYQ0V3AYSSSUF3DW0F8AD6R6Q5WEBG50LJQOXPD2WOHLUC8LIT0IL47DRDPDSSKE26D49MFMM3IG8FYAHBDA4FM0CCA55KNR0FDK CX76OHMH12OPPHNJTWR3QNHREYQ1BNB67AFXMFBQL08RGFSOO9UVWBN5A6FXGEYQ2V2I3OOGKS9S6B6AK57Q 1EHY2RJR6NQ9V BPC5L7 5KPR2JAG Q10T00LBGR', 'ROYG TEAVRFP6WNJ9NX KP9QNLYGILQ0MTTLL8EVUYFO5OPK 4OAOYNBPOXTY1XN5IOJ5967IWAYIAM4DQOXKYOD2XQ0CYT6HKTEF1E3BU1CQ8DJ8V1I3JNI6DYGLV4CQ 2WOVFF2OW6WBFKTQ3PVCRCB172N9 0BBYHYLB479J59PUVNC9NJO4NM3PJT6RV9BV3V 1T4RKA BXGSOG9 6QY4VTEG5CJ6Y50QYO2385E0WCBI2CR2AO5IP1YVPX');

INSERT INTO ESTADO_PEDIDO (ID_ESTADO_PEDIDO, ID_PEDIDO, NOMBRE, DESCRPCION) VALUES (73, 2, '65CUSFWRM 7AW4V4BV45G1EVEJRQF79UNJJNTKR12N2ET5A30U VFL MYS3GJCICTIFIXAKG8453RAKW3G947SJ6BT3TWV30WX979ROLJC7UAT9BHON9NUTWRG A2KNV4BTK9EVT3794MX G4GL87PR6AXQ8J3W8MCCUYAN FG15AU55D6KJA9YON8P9O5K9JO8F5J20GPE CS 4XEAJ5WU40TVVS3  JQP9SQGVUK18TGH094QSC5TJ2EIP0D5', 'RRKN27OGJVHDJFNNPXNR3IWLRC1AWCQYI0QVV ON892E4ODYVY BPKD1EQ6M08348AQY723V12Q9G I0LWJ3GYYJEALM155UNP38K09QY7M92YAHM4PVSBKX02TD14OOBRE2RUSF1CR559HABCA3OROE7Y0NB8X0Y808D6OHPU7OO0FC81FF5MSB9SSGJHI7JB1OXCW A9XH86X8X9XUPM22KBIWJXS8JLJT0OVLIK74MO1FBTDH4DQSJ7 QGRV');

INSERT INTO ESTADO_PEDIDO (ID_ESTADO_PEDIDO, ID_PEDIDO, NOMBRE, DESCRPCION) VALUES (2, 91, '2C4Q7832LJI2E1J11EEQOBQ79UGG9V8L79GJLMD54MB3Q6J3MK058NYJGDDAC8XNA WUSV3CIKKEFC2HFI59T04AP W8O9HTIVCQ8B LSBKMQCXJG 8KW4VE0A8DJHTGA6XA3EMK8PLXYK G8DF4 BBNSRQ1BF7ASRVO1GNNH862WAHIHJVU7EAH2E0VWLL4A1 PHJKEK4F65OMERAWTY420TT 9NK0C4R3XTXUQI2F5K 6R8TPL89WB0WQSKTA', 'Y58XF2JT7CJD8T 1CVLGVG67VUYU4U3LHCW5DE2XI TMG4077QQ5Y79RAGILKECAHVI96HG2UYTYEPJOH52FWW9IA85  4 C FJMTTU7RJ3SHLH4599UBHIQYG2OMYMVE78GH2FVBHAD1PMWCDUCUUXDMIVOAPKUUAMYR7 0WQD0987D1JVQ7UTONYT1G637T6RSK9SFF25LGXUQBBF8O02HTFCN1YFNCQEG6SWRL671 M26NUDP73KCTD JXW8');

INSERT INTO ESTADO_PEDIDO (ID_ESTADO_PEDIDO, ID_PEDIDO, NOMBRE, DESCRPCION) VALUES (24, 62, '80K5QRMWE0J0YDCOG2HF946IQV53W6VIS3UHF65U2B3I14M0LIY0CYLJKNAT9OHEVLKQDEXGAQ70QYI39ENJYB6OM476L226J7FUMYP0AW4LD9PRBO1A9O DG8RB4J9ASDC JIOOGDHKE71ULSGMW8B YG5S77PHW8NNNCC5 DYSDM18V25HFFCIM9DRBYQNU6XHX0U55WRDPTRUQVA6T0 JM1BJDAPQ5OW2AGVJHHUVWIN9D3HJRHYMV0DJHW6', 'NGPDTTT NT 7EUV9G Q7EA98BKTEWB4KNNG5RUU3S267JMWN0RTCTH0984D71 LTESMW06JT BGVFJB7O644WXN927X1B1TYUF1B0GO26TAGWSRUDYX JMBS6GL KBOP4G8OBOPY8X8V0A3PK7M5YNTAD1IDPJ 5 S5SBH8CCJPDAEQ7TGK6AC85P7138T2FD3MDF4 HD31ENN6B7VS0 Q6SR 1VPJT22OBSCXC6VMVHKXH33K7QRKJFMBO6 RS');

INSERT INTO ESTADO_PEDIDO (ID_ESTADO_PEDIDO, ID_PEDIDO, NOMBRE, DESCRPCION) VALUES (45, 1, 'THV7HQK4HJMP4NUV3JBP7 0NG0BUXW6IFRH8YG4W76AUUKVYJ21YAWI88UCB3JL81KDAE8TYGTHRUQ4MDHX8E3N T7I KBLS6OCF69DUVSV9N45N9EIVT35HO90AV3R4T889LUWPG6X29D8UV8G91BITBR39TLSNLU11714CTV0Q65 P6KUS 597D0W2NYGDV6X0G99LV6UY13F19THGP87A5U98E371T45YP5Y9A1AW 2GT 8SIC18B4R XMUP', 'E SRCB9M8SB0ILWL93NQIL3SSPI7J1JMW82XXJK2KSM9OASGYUA5CG4D5QOAOJ3TRUAOU68N5T4CJCGST R92L4NEQT8UVJAGN0S94G4QIEK7H4GJXM BBOEEDEH2XYI0GANS KUEPUJSAL1QH AX5ILV9HC BDUQ A6GIUN8D5ODTQDHP VO3DSPTVG5AT0V9IJ7UWLT0QC4GWT1OY7V4FGKKA4FEFADX8YAN HPNTDRUMR5H46VEU0SH5 CW4');

INSERT INTO ESTADO_PEDIDO (ID_ESTADO_PEDIDO, ID_PEDIDO, NOMBRE, DESCRPCION) VALUES (5, 25, '2AS 3PFSOV1NXC7W5GEDPSI6 P0F8LW8CUC61DA8RNJ8UHYNC7OTUE09H2SAB21NFRE8WBA8BYLF7SY6L75IXQ7Q2PMLT90APPPWBHLTE9C8V45QX47HUH6CTTSIKPS43CG U048SJDKM434NYGN6HU8KQC0709M0L1UINSJJJ0EMQ7W33E0ABUCXQQQR9P UBLPMDEA0D VBKXA56URPO4RGA FUYQF519WB R7TP19L8TQOVV6D4121F8KMSU', 'TYICRUNOY7U80LY0ARNJ 2FTQL UUCKJXVJD2202T1JB0G M0K6BWF1AX4TGBW6RU JNR00WM7NOWJJ70H85 K8XOLNH3VAY06SWLKNPYBKSFYWJN02IBV50HIQEOGD6R549WDUIH06616B0BWCQAE F3QX VBFMXHONHL99IGCBNI10CLA6LG0AINRBTNO5AKX06N6SJ25Q2XFUODL3Q0AC7Q3B6NU05M7I AG9V PJW40Y2EVT5I198796OJ4');

INSERT INTO ESTADO_PEDIDO (ID_ESTADO_PEDIDO, ID_PEDIDO, NOMBRE, DESCRPCION) VALUES (10, 3, 'H3EXISB3B9JK8BSD266MDV69RTPOAP4TOAN FHFSV0K8QEOCQHXC CURF10T434D54LDR2E25A99K TBF52DDJUYQJK1F9URA1LXG1LLEQT283X0BB2248NFCTCHJ14H ES2W9JJQJDPY19L79KYPE2 M4H8BJJWO4TNO1T8PJ9C0FOPGV S0GWTUHJK7C4 GGPTTMYO3TG1ERPFSN4A XE5H747CNITC81QMSV9Q5W0VS9BB5NDNM0PHA9HSWA', 'DR7P6XDPM6ODU4V Q7U6B6XQXGOFP7SNWAFWASYY8YW JNYLRH4MYG3PXR9RNARR7EASDVKVQX91GIFQTNTUAKCRQVCGV9UG65CMXEMONQ IPQNT3 TT1TEFS4 K I471CA63Y4V810G90W7869BDWG2Q5LK QMBW9Y8I1G4RGCTSMERIYKDR3GYYDS0 FYSMT94W2X6ETBEDCFV76G4IME31JUT3A10FWNYDFI32IA9F7MTVR93M4OF8UCUBTO');

INSERT INTO ESTADO_PEDIDO (ID_ESTADO_PEDIDO, ID_PEDIDO, NOMBRE, DESCRPCION) VALUES (17, 31, 'C9OFQKHD8FG76KT0I QB9C6L04PVTO7MPUAHPA7SF8PGOBJ3NN8FC0V5M7I3LVFTR7E5W1PXSKTKHGE1VO4UFY68YEMMMTMQRSOIWA9FJEV0Q K2QC2BB023PJ6UR9GG06LR MYKSV91P556L VXDU7SQA8X7FHA3NOOSDYFCY6R2OLFOKAJGUOO9Q0XM3V8GXX5FFQ0PGLXAJWO8FETWYVTJAQL17QU8S JD6WL5F7NWER1IAAKG5LS16WJ7GJ', '8TQ9DTU51EW C1AW8QIC2KHO8CE7 0AW1N5QN2KJMW820KRA7P45F6XEADEGQ5PEE3 ENU33KATLLJOIQQ0QGNMTJ3FO193ND 1CLHEDJDBV4A9QC5V 85GW82VD5EX50RMWX3M DUMM WK02DP K 4MYQFCQG7 K0G 4KQWYTAX0Y7R6E2IB9Y8FB6PMYXDBVEUJA7TCL57MAF57OTM48MK0LSIVDX3C5XXLOTXGG8IHFRDL6RVSP8TYHA0PS5');

INSERT INTO ESTADO_PEDIDO (ID_ESTADO_PEDIDO, ID_PEDIDO, NOMBRE, DESCRPCION) VALUES (28, 30, '1 BFMABXBEGO0MQPFCDU43K9RH4A7GCE6FB7Y52TM3F6PIEE2JHCHT77AAH21IMUD3I5TS6OJMQ6PEC2KU1M96PA3J MR5DN O8MQQSHIGI7PNXSNVCSJIA8HKSWTCR SESW4LBY9K4Q8TK4PXQXJX869R7NANIWCP87JWB6YSVPY6R8VYN59J 0B0DA1LOPVSW10A78HDN9TJ2TM186D0KM6FQWHDM4JYHN1V3AN0XG  89T07LDX39B MKQBR', 'MOSFI04VU8L IWDC37XRS8TLCWUGOSHRVQK059AFD83KIL05BBR02F626RRLI1XX5B1TW0CB GO1DX BTLRS6Q3D15TNIC9O0QJV5V0724911LO T8LNM40XH5E8IL0N3ENHW4PNS78QH1GGFVYBUOK193CRW N8ILJ HO6S0GG97 35EMJY2WHR5GFDGSUNTHRTOQ4OMX2FCYTYKQP6GSS1 C9EHO36P647OP9RCRGV70MLG5ROU92JMTUG9M4');

INSERT INTO ESTADO_PEDIDO (ID_ESTADO_PEDIDO, ID_PEDIDO, NOMBRE, DESCRPCION) VALUES (98, 95, 'CJFBCUOL2WVAL8P8OL7X3BF5KRGTTIOCAXM XETX C620HRAGGBKTWQCQV4V9QYWFK87USTCTO6FP 6EQQ3BNME6B5PJNR 3MNUOVI7LXMT44UPWHCPICILI5F0R509537UCVMJ16CIWLVWLH1J9K3R6AHW7L9B 8XB6JU0NXC1HLWHIHVHTX22QS271PTKIEU9IODRAC975U197WSM X2QJAF97EA0 YFKPPIG9XSU 1VCAH6UMYVPVRGCF7UL', 'MX3MWKLS2FV2WWBK1WS8T50H6LQY14V 24VMUE0P0UCK82RO0NEMYSHJQ1OC711NI5EXASFUMD9ID01EGB6G2APRS8RA 6AMI4NYXXDV6ONGJ47P5PG4EAUJM51W1W6IO0V3FI5KK0SYSKJAC4G RKKPJJNVHP2OU UE29V7YU0JDE02NQSMIACKDBHWXDYLJ12P RCKYTT2VAC61A8EIR59X5CJ6S W6DOT96EK ACBXFVGQA5GSO7UGUAE8G0');

INSERT INTO ESTADO_PEDIDO (ID_ESTADO_PEDIDO, ID_PEDIDO, NOMBRE, DESCRPCION) VALUES (68, 29, 'I34B4TDABACY1B0TE4KFL3HM1SLWAPR7A A6K UCW5W0QT4LTXX6BGOPAF9BJ34RDICYEDSNQYBSWCP UQLLOW1  KBR2Q9S79CNCRGXVSG6WHT40YTPNWS6ITI VUSPF18O7SX8TWP6V8TBJLSQLXWT6F81PWOJE5OJDAK CTWWGLRIDL0LK0BJUDDD6FBD6TA7MND4SDEL39BJQJCY9 TU0M1B5U111REOAFDI  9HGPOKY7UW7LDEMW660KE', '8GNGR0284L2HVTT4BEFGARRUYUWIQIBA0HQ06TMUBEW7TFP6FL9WFGPA58EHJ6HQC6BNAAENL9Q4OXFKP6F5QKQWT72JMWOAQVBGY7FEXSCUB02VA5PMQSLWKGPAVKS9YY6P0QBYGLBSKUO6O6B6MQLKNH7EKF02K8PA6BB V90FAO9C30V VMIYR4 LQECHP5DX0B2FI12J PC5K29RYK0LG4JIMA9705H V6OTFT4WT R7DQ8SB3UU2GCRSYW');

INSERT INTO ESTADO_PEDIDO (ID_ESTADO_PEDIDO, ID_PEDIDO, NOMBRE, DESCRPCION) VALUES (27, 77, 'JPONPDXCVT5Y1C7MOW3FB6M66VWGHPYG0EP9WVSMYGPT8EOSLGYMS7YLL0E2BWBKU4AQQUD6D13LBR3N0KFJRYFQF6NC  DEB35E F5HS81RGIEMSSJF98SG1H22 OGS9FFKKQC78KYDSH 742K U04VA2NAKXRI KNPNKXYSLM 2O1OVCYQ97HRI0K0XSJDHCSU3WO7LBF3CM2SA8BPAICQHCYQFV3 PPRGXJ8OB1WQBFR881F 666PLASM73X', ' UKNI3SR154SH8P7BBE0 MU5B6RPRTHO0RN8TVADN92L5AK69U5UMY627ITEEA GHHV7 NTL2GIKV7S5H50GOIXQF8L23PQPMUS83NF9CEAIV9C8G5U9O3UQ55MIJ 7OI7DUCN0KTXQGSO36P6THCMHA63PQJULMIKW59KE8F4AL3J96U06XM7O2LS KFMFQHTCRGMMV1T4EPMOUENE61MABLRBT8OFI1S2BB1KXYQ65FQ0J56981T86J02GJ0C');

INSERT INTO ESTADO_PEDIDO (ID_ESTADO_PEDIDO, ID_PEDIDO, NOMBRE, DESCRPCION) VALUES (39, 8, '13CB8MGDK5C1JP5LA4PJQG59 7 94NR6XJNJJV78NXX5X5NQU64YB R7VL1S1GC28PVM3GVWLFPVWKCDFK462CIXPI8TU CYY31G0 KEVIMDD4DQUMI5WPSPBMMM18M38FBQDX8X76V6TF2D9453PXD 8TMD3 FITHN151SVPS0PY YQSNP8FKRNUB63QPVRWQUGDTT5 0NR79KFH3PM3I9JKOOMTNQ8T77LWYWQ8J72LE6JJDVR5CFI4SG6A9F', 'AYYYOIQ83GTS8EU FDPXJW1X400RPLAWSOQ7WCV2 RJC8AQSGNC6WA7I2X56B7IBJ 3R2P062OIM41PULL 6RK74M8SUBHH60ICQGY EWTTV8RUNYRJF8NS63OM8WB5AFKM3 G7EFWIWPM19XYW46PPFHYS07Q2UP3PQIIVP 870IN3HAFO1 E2P5CIAN02IWWQW048XK2PMN36AE5914PRR18CQ4QS7PDID3HIT2EPVOC4W20N91UARSDGL4D7');

INSERT INTO ESTADO_PEDIDO (ID_ESTADO_PEDIDO, ID_PEDIDO, NOMBRE, DESCRPCION) VALUES (99, 31, 'GR5XY 7RAAWWBG1IQ0 NAMYUH7K329NF391H9QPMKSB29QO KQSRB8Y4 H8F1TIG4GJVRBNJ62346HMQJS0 J3DIWOQFGW0BQIJA3XNT90AXQL3ENCCWALXP774J35LGY5YTCSYQL2X21WL3AR5WURU6D4CV1P8CSV0FN3EY5762WDED13KEPO4W0QN2NG9UMJ6VP8Y86O0YAQ78X3NV044N2OTY4NVEMF7HREEO0XKM1OI4JK6Y PDB0AGM6A1', '7650Q62RR4DRGBODW053A77SDR 1O272XQMJ28JD 92 WQQ8RVJI 0GTQ15RL46JDF94S84SEUH7M11F WJJGG6GQ427BEJMXCN4I1XMBBWJJNWD9VG5BDROKHIPR13WLRN133GFW4KA1YFTR2OSC5YBX1YS3HQOGTCN9V4NG9QKPBNSNLUASVBXAOIVM3SDFGO8P7AD1PU0CV 7LMCY15T0TL3IVS675GAOK2AHNP4U KNR3U64SK3A59H5UO4');

INSERT INTO ESTADO_PEDIDO (ID_ESTADO_PEDIDO, ID_PEDIDO, NOMBRE, DESCRPCION) VALUES (21, 8, 'IULWML6Y2KTD2ABUNSWY396L9XGBBWVS8DTFL88SO0DMYBFBC2Y0IYE36SU8HLWTXBPB0LUV0G5PEXK5FR8Q9GVKALA3P36APV3I2VRBYC57SGUV7XQLDU1JIMPIO2CHFOQ98M7X67EOINE2ID48ER62HPUUN75TRTHXLYNH2Q9W3HXVORAC27RE3LJPCJBDRK317RAVCRRWQXWBQ5D50D426NVSYV9TUOHD9WUJVB4W4WVPVL16AOKRWM FO7 ', '90 F4VMAWYRF1H QDKMC8ATTL6J5414DXQFB5KAERBOKAJMI1FS8NR2LDE 1BQ4 HAKYIO5F7P2E6BWXGA0NLI635CT4C2IEOE1G5 VDD512LLU376XSRR 8F3X W78EECNFYYIA5DNM37 VVURC5 KY7H7CBYMIACQ0SAWJM4B6 GMD4GJM6M88DMJL4LB2QXIEWTAD4ELJP3U9J2HVOTBUOL9B2CT6L E0NREWHRARBYIC V5D3FCHQRDQ13U');

INSERT INTO ESTADO_PEDIDO (ID_ESTADO_PEDIDO, ID_PEDIDO, NOMBRE, DESCRPCION) VALUES (13, 44, 'JI7S0T7A04RWOGVNU2PH0P1RDSX9HF17XIUSY0AMOI2SJT WS59RBB FT43XGAWLPEUWPBGB4HUCTJ8NU6HUKFONBMEOE3IANAXT3KAN6MTQPN0L0NSOR4RN8JSFO0TERD7NB49B2 276RS8SVAM QK1DT71PXONE89DPVPOT6L5UI1ROAN KPUIV6H6CGLTR8IDM3U 4NFQL3T7VRC48OWU0WRCKVKV6V EQ13RI5BONMB9FH2 PX4LS 7GH3Q', 'H3I6V1N HTAOPO0OLW4MUA6QFD7TOGV14KKLE1D5DPI9EN9946 EIF 6R78OB593MT49M47LVGXMSF UANA6MR6CT9QL13P6JSBPIE83KKFQXO8F05KPY4C3FYWNW3OMWEBHM6TM14 7D5MGAW2MH8SJFQ6GPRMSH 1JONHLPABJUXKAMTGFTRPFLGLRI1M2JNSOBLTTWCLGHS556289T79 6SGXFNKAAQG1VYTB0XBI8QXKK864AGG1CRYI0 T');

INSERT INTO ESTADO_PEDIDO (ID_ESTADO_PEDIDO, ID_PEDIDO, NOMBRE, DESCRPCION) VALUES (41, 16, 'HUHS5K2O43O596WFAF578UCGTF3XNSCQUEE5566AJB3V6UAAUNPE T CNP043PCCWA3FG28N7SVB9RSQ8CTWY38PDS280XPTAX835EMNLIKK0MLRJ5E3ADYQYA12XIP N55RO7 O0YOXOBO3856H6LIMERCG8S7 Y40RNSJBRN4G6XH16YAV7BJM2 GNB3FLPYFBCJ344HOKE7F0QV7LCOLM5ETXJ4V55PADIUMG6UDR5175HHNHEF3JJI5R2MA', 'C40VB2BPVBKOTUMLINM6ER0DRKWX3RKB3A334GI2QULBXKSI5ACS3UDLIOJRB VOYT5BD W0HKJUP3RBA5US1DJ3O2WKDKQ21NGDAR2CBS12RIQT5CD23C28M2 4LPIE7AGWCOOLW27O4MLESTPJOJDI FJ547Y2HP0D08D022UD X263HTRLBCY5V2 T56DN0VWVLWPN3KYUUUVS4R1XM6G5X 19F7XA5OCHJVHF25T1LEC3U6ALVC TJ4SUMQ');

INSERT INTO ESTADO_PEDIDO (ID_ESTADO_PEDIDO, ID_PEDIDO, NOMBRE, DESCRPCION) VALUES (49, 56, 'MHCCPF7YWR2 P7HMQ4F2DU1PQR0H4YVGRTXE8I0TPKRU11T4V6MCY5VAGXAD8J YPOHGO8NN1GKJMMI PXU0FNPPWUPWN8SBYKUIHCDH0QOU0N2UMIS0ALJEBGWN 9VENGKXLLXJGNDJ8DYA5FSIFNR4U1TXG5I3DBDBOXHFPRBDMCINS7EJCTVBLIET9WWAM7V7XB850WYRETENHG7HHKSCCULT 5YX03PWHPR4T QINLIGBIJNLAO KYW6YCW', 'NPLXSEDC4AQSHOGCEQ5X91N6YHPU7HRW1NXRK9RC1T5C66 B83Q84PX2XYBP5N6BBEWBF7NBG9EQ7KUOO3FPL7UNOG0JW932ORVE6 JD2YTOT 05 DY8XVIUQ7Q1OROK5SIHP TID7ADM2GH FK7LCYQUD7UO2FAFA60XO13ATTT6D95MVHR97GKP3FQ WV2M8SNM N3JQMNUJ8O19OS8LKDSQ69GVF2P29 F44V2F8G6T3JKHBV0GAB8Q4T528');

INSERT INTO ESTADO_PEDIDO (ID_ESTADO_PEDIDO, ID_PEDIDO, NOMBRE, DESCRPCION) VALUES (92, 56, 'D16YA1N4YXD1EO9JO3X11NIG4MK9YSU8TGX6FB1VR JKU7PCWSY4RRTQW0HI4BJ0LPNPJ54UT9T7J 4TQQL8PLA57DX QAQPJMLF1V6X9KYWLT8M6CCE2U 50K3LSNPF7H0PEFDAIRTP PKYHKWI04IDPK63M8JRL8XQEBX2W4K152WOS6J18 YET9QUWQWFJLRJHLASIXX9JUAKCRXQ91T879HS61D8N4H0VS7MH0UUDWR8M18DTWWKT VVIW7', '5E8MTQEBJTY2HMNM P9MVAAYWK24VWKN2M2NEI9QPAXSEKKEKHD2S09HTU9IJEN627OOIUB24TSRNVWKUWPHILPE1 H RKRN X040G6GYPWEQ2BL9RK4GWL0XGI5RJIIDUFY0TH4YJ7H170E IBXL092A5PW4 2V2YVXMALA6DV5EY2JC6YR6GY400QAYIVFQD9FFM0D6RJ0ELLSDBG28KYRL9YD3Y3Q3FUB0FBLX7X 8OK431GKV6YUTEOJI8U');

INSERT INTO ESTADO_PEDIDO (ID_ESTADO_PEDIDO, ID_PEDIDO, NOMBRE, DESCRPCION) VALUES (76, 21, 'EDRON8YPNTEC098J55S7H0YWH85CSNSPU94W 59661G7YVCY9LDEBX79TKVJJN1XWSNY BWS5WSEQE1CTVG06HH9XO 8VMQYSK0BR QXH E3VUG3SKY6N0J8D66T02JK57G3AH7IS9VLQ6QO5QVG8MUHNL3KOP ATS2GVQJ7EVHO78 JQ0DB NYMJA84HAK1RXPB64D8KW04MY3H7BJLX662RS42CCBO Q93FTOS6619X8NENPDE1OIKREUX4F2', 'GXK7B8AXM7GQ57EL4CR7GJ6H5BLI9I3RVL1CFHBBCDP4OAAH5S  YP5BF VD5KIY647E 3SY3XL0895FSFH S3S0V3FVUL9DIMKAFVC0S14I32XLDG00FUVIYSABB2FBN78G452S5ST80VXR648P5YF50MFFCXUH0 8KWKBB48LMIFC 1 1Y706XWGYNP1TETT18RS8E3UUGLURL5 T2WX1IX1VPF48176BBOIUS8TF8PTB0W4U77B4YJ12TVX4');

INSERT INTO ESTADO_PEDIDO (ID_ESTADO_PEDIDO, ID_PEDIDO, NOMBRE, DESCRPCION) VALUES (11, 29, '76RPPD2JR5AF22TMW7W6UOLWQH3E D1PIY5GMC7V0S2Y6 GUS0WRXNACYLJN6CUILMJA5VG0NDGD0092OHDITK50U 1BWH9C7CBLJ30NHE9Y M4UAVM8BIXCIR D9SNLS2LX84SXNEB37N4AO2Y4V5GQSJP6PTWGJ4FHCC4BX5TS 3GFV2S N 1QMWV G4D25BNF5EFT8EUVIL9A1R1NQKWOOJ7RPUHUIYV8CKL6IM381K7R4ETQ3W8R3MBN8EG', '6OM8TUJ26Q8A6NMGUNICEDJN8G82VXH61C6W20RWH4JEMRKOKB32V8 KXEAOWRW4J5722LQI1TMBF70D4QGH7FKERG005VCHBM8VBTAANN9M67X5YT1O2YXL OQCIJ4YULFRCACXF1P7LNV PM36V88A1VTKI010 U8B124FPSLORUL2P4KDUSBDG0U3P7IYS1WSLY8KQEODGSEVAG 26XGBGVY31Y2080LFITRTK2RJ6IOV24VHSC5 KM9B P3');

INSERT INTO ESTADO_PEDIDO (ID_ESTADO_PEDIDO, ID_PEDIDO, NOMBRE, DESCRPCION) VALUES (46, 64, '36YV2CAP5ODNJGE4NUEHWDWK3J8 4J84GME8QGFRYEJI8WEIXTSIYI23V3U8S5 US7M5035TV0NRW5R6BQFDCO21O71J662OWXLIYFMLTHVXG877UQHMAB2830LQFSN4O3L8SMSO203D4PWRCI3DVB O4KKB6U6HSAD9AA59PNOI6BO9E55D8G878Q2D 03DM9MHR7T9DWSJCYX N2MYGYBEXB G64DK3YOCS2LX6K 9HHWUQXXCMI9STUAHGO8', '8RCDRPIN6L48TELFG50KHQNUVT4GQJW83RKUIQMUY02Q0FI63788HOGN1V6UC0LS WBDFNT19GJ4Q5VYHUAK8OBGO19ATM18MU9KX4DBWB7DFM7M2E67B4OJQQYX FN4PBT7BUMXEXFN1NGL8P0JMA105N7MYJ02XJBE7AOS7NPAJCHLN9EEY9N3S618G1X1W2RJFGSMXG3B M28O9COORY691ITFODE GMOLX1EYJMKCU 3NM88QRTB7KN1HP5');

INSERT INTO ESTADO_PEDIDO (ID_ESTADO_PEDIDO, ID_PEDIDO, NOMBRE, DESCRPCION) VALUES (23, 32, 'U8I24OVQH3KIHLCU3D4TLDEYIRWF81442PXFVTJF3OA1PEHRDOY83N68CQ3H3C01NHH9 5LB8KRA1YT21I1VAJESW6D4PG0EOESVJDYTDXLMNXMQE7VEB75600Q19KCE8 2Y8S4BS 8DGELYT3P1OF31406TEE JPNQ354J96UKPSK0TY2ASHKD56 PDY Y6 UTG7XU21GDC37D77Y5UHBFS2A CVUXSO5KIBQRQ6 J4RP5KYCS0E03MXWPN L2', 'V9B7D9Y D7KI10OB2UJ70GVDIO4QAHMHUNW2TOD4AL0XFPHAWKT90PU8M4 IE6TRM4SRN OB9TD84DSSW0GYCETG34WXLK9KXSA4C4CG0B2L M7 M79HTXMLYBD0S8FH5AVCCBEI3CTISTUEUFHFKJYP05KN36SWNXOSVDXY23J2SV543Q1 J0L9Y 1CSQ  FQSGNCY6 GUXTI2NGHUSX425217K83GOJQLNBEQ20E8E2QBWI3IB1ARWDRSM53C');

INSERT INTO ESTADO_PEDIDO (ID_ESTADO_PEDIDO, ID_PEDIDO, NOMBRE, DESCRPCION) VALUES (66, 9, 'YBI34D0O3OWKYL9OGSQH5Q VM42SNAVAKSHXA9I0P1VMLA5G4U5CWHVBNHIVJ6GMONE0YAMU91V2RDHWT2 GAKXA6O7FR5FXBR8JI9H2TDURJ DJK8QEOW0 BGI8MKAQWLPBBPU9W35JSIGM0F7QXCKTU  B1 AP3EC9CC6T5IOBLKYWCHUP03TYP29SNAR25 X5CAFEK34DYPNK0N2T1SBONL3TEVAB868NXHUMG2R9RBGIV4A6CNT760G3S6I', 'TJYAUW56RFTW7LANS5KV67Y0CTILY63 CDB9AD7FOQ6FR0LERGG6IVA0DXQP0WV 071CGK51MKS53A 6853RJGJ7V120B OESUOUHLF2FUTIG24 QGRQW2S0GMQ 32R3R4JW7D0VRQCG1FBPVVJ3XE42YYIYG2FHF4XN1V4DWD01RO4N465SSBD45AOC8G7JMWOA5L3XL06LI5FAAAETPEX4BHP9EGPDYM3XURE9KN2OSX6DC D380MWI9SQ0XC');

INSERT INTO ESTADO_PEDIDO (ID_ESTADO_PEDIDO, ID_PEDIDO, NOMBRE, DESCRPCION) VALUES (6, 70, 'H448PFRWN792HV3HGKPUHD0CCMIFKEVFYINIFG0R14QJYBFQ0W82RRHEDW42BDESC57NIQNJ5BAQTMBBKLXTRIUJLCC2G5CE0WPOIR4 EYBATWW6TVGEKXQ2NOSKR7EXA1UTP1D VJUC6MKP8JXUMB278WKMT2K83FSNPUNAQSKJK0L0S565I6UVRLVH14TNXN24BWDSX7CGGIOI1X0JLBL5DD9RMUC9BNI8OQTR4WLY43HLO8DMHI36FDQ3VJE', 'J3II3 4MWNR68DJJEAPILDAAEGXAGGF21DE0SBA9AAP7NMDBQ FPF985G9FT5WIQ0V4YHU C1JB84S NP5DFMQURCRYD8O7QOG5X3ILJYWR1U68U2DC7R47WFVOE1KNVSPC0PLVQT3X2SQGNLP3OP52BICR3 XVN1CGVCU4G39JIE6N9ICWDX 1PA1VA5N290QESP0H90DK YDCKHU5BMG06DQLPXAFO3SS O9049 LS3R5LDQ6BSC KMH2WJK1');

INSERT INTO ESTADO_PEDIDO (ID_ESTADO_PEDIDO, ID_PEDIDO, NOMBRE, DESCRPCION) VALUES (38, 96, 'MKY722S 10X55SNV3Q7FOS0YSTN8BNPGWOR8TF48UX6EST1LFX96JIQDEEJBGTCHTLMFV1BMTNB9NQEPTSDM1 FFWWYR  VQJW4U6N5XCN NLCLA2MQ6BOG0O768PIB3DUFOY8K73L6J625YAG B8MH4PX7B19213W FOQ0 YW78E90JDVPRD6XG2CE4 3DL0NJGDNTTY8KYMGAS6MCFTSGQL0QSLY1J0VYQSVQIXE5CPVTTLJAF82DG7L956GD', 'G1I1VPJCNA0KID8Q3AYJ3G0LSJTVL9TXPOOGAJ6OUPJCY0V01W2EUP22J87GUC1P RL8V4VP6N0H8YX0MQ516JQH2BFFG6S73P KGG3DHYDDDY185SCC8MQJTOTEYS6SGRFA156 O8F98FNBBONY4WY1O7EBF0XIYJLSV7XU9HITM V851V1MUKUQW  CYJI92XRSG7W757UDU4NJK49OT HXAJ GS36ECCSE5G05TAA6P4HQXA8PWIPBMDTDNL');

INSERT INTO ESTADO_PEDIDO (ID_ESTADO_PEDIDO, ID_PEDIDO, NOMBRE, DESCRPCION) VALUES (57, 58, 'G57LC6 VT0VYBIE6874N06OKK7DMQKQ5D2B8EBJH9LA37S7N1MTCCTFYCESNGYLXCTA63RCEYMI1JXO0J4 84MEF72UNREWDJ14A9FUVCS7PP E3 I4K6WEUMXK5L3ABCOH3K5H8JBULAYGIPJ5LBY7C0VMFRFD5L1OVYX2KY3YNUGRDPBL6NBXL5IJ7NF6RNY7090UEHJY3NBMOB5231QUEJ6YCLTYB5AA2FSR5PI2VKBOYC  9SS217YKHS31', ' NHE1Y0TNNL5ICI1J YX1BG8 O5C RPE88CAJ7VFOFYK FOOJ9HULMHGJK955Q5NT7 0D3E53X03YSMJ7 EQW15TJW55UB9SITLROGH5Y1Q579X91JHAIXDOYXG7V9XVROL17DOV6BFXEJ4SW2MVMJ5VBLHPQF7 7FGT9WUQLXUS3MQR 5 YNG8AR3J836I63APU F93GRBP29DARPEX6Y  AEA0L5 V6CJH17M7DIX3GPD00 L2SF4GLVT5IMT');

INSERT INTO ESTADO_PEDIDO (ID_ESTADO_PEDIDO, ID_PEDIDO, NOMBRE, DESCRPCION) VALUES (19, 46, 'DJ5 LVTKJT4J9FXXG0UP7L4EIAKCVJ6AQ4ET4PXVY3O45F2AQJHR6LMAIGKSA9DH3YC3CHG754W42DF4FGLUWTEBJCORMJXM68LI3OBULPPHG986B NO0FXWFVQIJXILE92 CRPMMD8III5TPNEN CF0MFGLLF2KVHNBFY19FKQQIA1FYMCS31WUJUO3I9GI7DGM4XEWUVQ04XWIX62I0M21LCVTCL6T07IRF63JW0CQ6EYJPKOTX3LHLXB62VQ', 'MISVMDRDG8JTVVO CE2310S7GXTQJIU3P1RHBBMN0 2YS10XE3M907B3R7J F2FLTVOXYDGPW7A2W79TOOW5BFUPQNWNO2I7PRVSLGO9ITN TR1V TB7WYFHA25QJYYEB6WXC6FDLEK2E5YI3VVHEFI2Y037454O6OTN2I Q3R79L 1JQ3FT9UJC1RNAM3IIBYBH5PJ5XXLBMHUVF9FIOWY6VGOP9K25M4IRPF9S5QUE6G3 DTPESY76 FW23A5');

INSERT INTO ESTADO_PEDIDO (ID_ESTADO_PEDIDO, ID_PEDIDO, NOMBRE, DESCRPCION) VALUES (1, 86, 'FL1E2IR6PHYYOIM3TQLWXJBLBXNW4QT0XBWXSDKO04 8G7C 3M324X6F50S2DR1 6LNIA7KV45UCG2H 3GK3DK62L3KNSEXEHQE9VQK6UW30MJ7D6T1HSO P0L1VG7LAF3WGMH975ALMHT70J TANREYPFX840KC60VNV9T9WD4DXQND2 8TSBLSBL6K L 00XS7ILO7XQN8CPH6E2RBDH9I6ROT6O7QBCP5LTXA1MI0O2T8XPG4HL8Q4GL2IN2', 'VFI3UPE9EWA9EVHLJ3ANEOHHXUAQJH5UGGB0MF6KF8 QTKY8SO28R3YFT797YYNXAJTBMFBS6Q3WAC3CA5OR8KFHYBYJATXAAIMH9RUAN2K2HU7HPHMAK571ADTWKLQMVWDR5KXVAJUVJGFJTQY14IWPYMAS88MXBCOYG42QCTHQOT14E1UE YYUQMI38LK6RNW1N4IOX CV3PNR XFDHHHQU20BNRPNYFYQFQST4ET6A7I4X2OR915CT6P6O96');

INSERT INTO ESTADO_PEDIDO (ID_ESTADO_PEDIDO, ID_PEDIDO, NOMBRE, DESCRPCION) VALUES (30, 12, '062E5FNFH2E1IH5VUY8CVILXS TOUUR7E3YEW9CWJ1WV0XP1UOIX7SOA7BV9N IBWKLPLSVXAINYU3Y 83DJ924RPMNR2WCVJ40IY4WQ78SJS8WPX4EEY97C9N VYLGHYXX HJC410DU8AH0SAOTC61BD13 MEBP427D4AGV1TG2HL5SLIK86MNESC153HJI0TJ 7MNT9RKYSW8OHP9 YA4Q2RHIQ8NA55PXXXM6Y9GPUE2NA2BS8EM8DFBL1TP', 'DCNFJ 1LAW3NUNDYMY7GF4NLDVBHYE0ML8RC0V3807ABT1DV2NF1HOCR6IHT PAA1E BGKW1JGOA1T2CUE7T3HNYKSX7UX6HO5D8G402UGS52XPS2U7YN6MOY1QCMY526H7UGX7I5Q2JRHVWEFL8MA5K PO9CW605NN121XIS3J2A1DPN77IMD4GNMGTG7EXMWHFM6LGT0DB8E3O3OM9B818V8T922GX60NGEWAOG6GKTPTOA6SP3 NAWXF14E6');

INSERT INTO ESTADO_PEDIDO (ID_ESTADO_PEDIDO, ID_PEDIDO, NOMBRE, DESCRPCION) VALUES (78, 93, 'RYR I4WHOOLGS8ETAJPJ6HXKS8X0JHOJS63EDVGFN23XLLJ690TRWWK8FTMNTGS05YFDQ28OJSFXCL6NA1BQH5WR78RMIKO6V6G9AQ5CU8ICUC4BT6V5  UES0X6H7Q3EDD17OS6XVP3J1 H7Y1MWJFED 8I5DN7WTKKT4K2A7NI9E7U7JQFVC893YQRQWLRE788SUUES9QERXU5E 39LEK 35R54XAPYQQ DEB1 17MN9Q8HDMFOSTXR LM26S', '52YQ22AB6A5BXMWTVTS7NJWTRV42Y89KGNNS0TJL T7OWQLJA1SFX5O9M5I0J VGT4B 795MRBA3TQAWE2K8M083GENEM7E6ABTJE7OSYABGJ26F20Q0M00EM6KU0KLYW2NX03H07MSTX8X9BHB49G2V8N03GEQK8L6VUSDICULS4DQK0QJEG45CUH0SP0PW03C08X56RI3RWG 9F65N6QQKATNVLWTCSKXNI67 6O6NR96IAOSXPT4NH9WJ78I');

INSERT INTO ESTADO_PEDIDO (ID_ESTADO_PEDIDO, ID_PEDIDO, NOMBRE, DESCRPCION) VALUES (54, 51, '99VSPXQ9OGYV95E4R9TXQUGJF45QUD1C05K58EA W6G1HF86FIEM7JQW2KCRLSN8VPTBIR1D0HF0PO08JXD9PEXMFWUITOYD FTSU71FFDGQVKWRJ3XG3P 4VW12CB95EQFQO F3T1F6DBOPBLOV839CV L WLX5REB0K0 LW687SIBMNOEBDTXSOW0KQBWSQNB553752V92RS3GEN7I7EX78I54I77T1 U00XPPSU13TR095I5MHQUOR8TK7UH', '9M2H1IL21UEF4FOEVEYT3MDTOPAGBYR0FDY8YKFBWATG6I4E44QGTFYV98PFEK G36PTR9FDEN0DP5D6KJJBPTLHWQJX5NAPLJGVGBAC VWN371PA837LF 2EUJ130AB8RV40C8LNUTEBWMF0A9UBTT5I6WG8XV8YIO4GSLX22EJJXLA OJ0257 PX3CEKDI4TPFLMNK7VEIIKJKCHXETNSQSG06QH3E5LIC FQUWKF67VI4GX89H0TOXI MBLI');

INSERT INTO ESTADO_PEDIDO (ID_ESTADO_PEDIDO, ID_PEDIDO, NOMBRE, DESCRPCION) VALUES (94, 11, 'GGX56XP26GDLCA427XAO7WVM9F5PS 3RKSSPT63Y7ISIJ6GCN NC1EH9 IOUU6CGE2CTPCSVGXARPQ88 I0 9DM CWE1 SC842QJ5JTX M0FMV39XA56RCP8XBMGE48LR8LJY9B8HSYT1I0ARVOQMYD1L9DVFAK S7XFER0DEB3OM9IUMSIFWU4P0WJTJ7QQ1NCAS9EPRJJ5M6JWC9G6XRAA2S19KXBIKN0T F8P0W90JK4S31WU9K0T0FAH00X', 'CG60K41RT1P3Y 0K6JVA49CVXPKWQEUQ7 GDHDLQCXAN7IDOJC3IJ22S7DL71FH GM9V9Y MP9462D8JJ6V73HXM6A37EN5V7CRN7NMX6WT4PKTUL8PUH9 H7FE8C9TTX0032LOUE1NCEGA8YB7CW62J8J3YMNXTF2 51IO 981LGQH3OC OS304KN4OIDRPVJIOTALKIYN9BJV7R7N1SX83TU G2GV57QMUNG1EJKM1I04VXVCVMSNKCC2U6HR');

INSERT INTO ESTADO_PEDIDO (ID_ESTADO_PEDIDO, ID_PEDIDO, NOMBRE, DESCRPCION) VALUES (75, 8, '7ETGQRRY3MH9D8Y6EQ7W5R52U4QG51TDRV4I62Y8QNB 1YT7VSE60QT1V13RCHHN2Q8V5OR1CV7SFSG49HRQMB2O4HRT179LFBRPLYQ4CDRX27ANF DO67HKJNX2GT3NUCG28098GEMQ1C8C9YRIRLNWBYPWWG8D 7454K53JUCFCLNK6EGSLQ79J9B5PE92W6VOMC47XTD46L3F0965HP3OHAJ94E51EQG6GRTJSEBUVX63S5HTFG SQE7 0HY', 'FM0YJOL4E201W2PEDVY5K44CRMOY8R2DSB35GVUE58L1638 6JXN5FR3NA1NKA 4NPRQ33P7HTO17FB P5WKCDGVPOTQL9JCIN 9LVYT2UAE17N71ASKLXPJLF0AEVX8EGDSYGWTDXY9W A9GKNJ KCHWA8X5W5YQ 4HQ8QQLBC65ELDEG225DDYTSY3NOQIALNTO4L4IS3D5NKXXVG9E P SU3QG34AR7WI1H2CPHWI8V QTQB0Q00ODV8845J');

INSERT INTO ESTADO_PEDIDO (ID_ESTADO_PEDIDO, ID_PEDIDO, NOMBRE, DESCRPCION) VALUES (43, 54, '32NEHSE5Y5S Y9SS31XNQPE8UYS5V28VQ8KY04 TR1LGIP2UFTU89BU2OG5AS38UB7QI6YHCWKQIXG9C25RUT8TY8Q9HTG35KVG75O4T6X7QOFQLVL7VKUTT7ACWCUY8JKGJ2MOOLRT751 0LS5XNN17RKM2GRL0F3HKUNWPBE3LC K5N9VSC7WDAKI5NW8BSE8XY7CJXF1K7SC16K7MI2THTWP3EC0PESD49CCH5L6MTJY89624OYYNJYV7WCX', '524TVYADH5MAOF752M43QC1HLFE7ERPI38O8F 8KEF4CM0ASL0Y 9XMJOYHCKL5XBIIWQFX8IEHF8CPFLPFB7JRDL WD V8FBUYIJ11PCSVBLMU5FYO5KXL7EYTBCK1L5M1DHBBG1 H63NOS4WQGJKBMLHSIE 47FF2O PTVB UKKHNH1CANCYFTAMYM7F2WJPOEYVB4V14QDYUSAWO7MRLU0LJUTP3X5R19JHN6LSTR6DS2QVEU7LKLQK4M 9O');

INSERT INTO ESTADO_PEDIDO (ID_ESTADO_PEDIDO, ID_PEDIDO, NOMBRE, DESCRPCION) VALUES (74, 57, '7VL2GL9HON0C6I5I3CP7BGH0HQR4P3GWOFDXPP9BBNK1JFIFABPIYV9TRENY BF1QPTX9 BK5VFR1F45CXOBHSYSTNQPC4K4QB9R910B2CCHU98T1LWEYWKP 8Y44D6EDL534BUXL7K4ATM50FMUALRK0JNV7LRUESE9UEQT4N1E0E4XHE694RVIU0DVVWDEFORX921E187CBQ4RLEG74QXRTHSHYR9QDWWE7KSCD4VR0G9S7DKIA2YNMN9XX6Q', 'G1UN8R4 LR2WG U68TNX7OC4S9H YYQ881O5X15E88M6N8YUOPF298Q 73997MA1FY9FKCA0PQ 2X74GADHO9CO3TW006L1C DK13I6BV0MVDS6LHNLWOG5PBMYGT4U44G6PI1BRRH2NL8MRG48P5T1I7Y 7B00 RWW6H NPMWNXUXNF78MYSE3TCG70POY PAW61W4KMMWCLUCV1FSHITT8UNBW1XF4PLI1IKB 38OM9F37N5HG46H1TVKKOHK');

INSERT INTO ESTADO_PEDIDO (ID_ESTADO_PEDIDO, ID_PEDIDO, NOMBRE, DESCRPCION) VALUES (88, 79, 'PGA2IC8YCYLXAL5 0LPHJ1VXE3 GUQGE86C5PPR3W49BA036G0WR2WSDK46DHYU02XS2VU27C9AJ8UN 1K8YF 61IIS62QIPONDVLUO9PM30WG8OC2P9XX2KVTLHT8CPD1UO1HN0R8EYYS7Q22AVJ LUABSL5WJ305DKIAWVF45LEYFSCQL90MA81SFB96 B3YBP4FR6BL9SC0CDJ6M899G4D93V T9EDXPJ5VP5B8TYJI99JM7EM40XY9WIPJW', 'S7GCQ5V149 V ENGGAAABV5SUKE1TLH3FLU8LS9REJEA90UBPQS5QRN2MVDU600LVPJOB8OX1TRWO1NP61GTA8G3V1CSN4QIOSJISJ2Q8KR73XE1AHJ 5S2XK9V4KFUKFVQQSAMK98 3BGVMTPBKG9LBTSK2BO729TFX9LPS7TQSO8HDYPTKWF58UU6GYV7CR5R0RS81FP81DNSAJ5W8WJK PQ 624 COFFD2SWTW36N1GVC3SDI8 AEXDXF7BO');

INSERT INTO ESTADO_PEDIDO (ID_ESTADO_PEDIDO, ID_PEDIDO, NOMBRE, DESCRPCION) VALUES (61, 1, '80R1R64EC41PIWV2LARJJHXB39UIHN4BR25MTOKFSA36H AXG25OHRE7C0LWDD4WQON57I5O6FYK1UXMEIA41UY Y544W GP5UIHE0S5EN76W9XW5BH6JIBQ3DD2BOA1BXOBJCPU49IAOAU0CVW5YVGBL1UU4SGGQO5YUG2R302DX2A8R8G8XEIKFFTH8H36L92L98PK5J1VQ2DQEGSEQEPALM6C J9M4GG9HV3CV2A38F7CA69N0BKWRVSO8X2', '2MPFYOITKNBK4LIF NIKHETTN9O1PABPRERP668COUHSHK0U9CGLWFRW MIGL57G5QHQDNUMD7MBNL8DNHQHBARD4FF9KD8UY5N22T8PQ6I0XAYWCXH7VUL0UO4MYDSMMY1WRSOEEFQ5E8K S9OQW8L9P8QX4A0BT48U7KDQ3LLA0A3E6TFR0A8E96XHDDJ Y I2K6ALA6FJ 614EC8W59FO61S0SOFLD34F3L2XFG7GDD1UJCKLBIVY4EVF92Q');

INSERT INTO ESTADO_PEDIDO (ID_ESTADO_PEDIDO, ID_PEDIDO, NOMBRE, DESCRPCION) VALUES (15, 6, 'HS9KUVPQVJEEUVACQP1QQYQLE LARMELSVOKOYB9MGUQPA76YF1 TOQH539X9LUGDT1M CI482A2C5PT9QE S5 KA7CQAY53JOM5P4G26K39H5GXOVA6W4J2ERGVYWN SNTEAR4FA0LXHAH MWDURBFC1A DCDDPLLKX1AQWI5WMVJG5BF8M87HB8TQSBRU50SY7XQASOMJ RDQIB14Q9 F9WVDYM979YJ3JW8 KWSEAAR4X55OC8YHJ2NJPUM ', '52J076J4HAN3Q23J61CJ6TWL3PPI5ULTDCC2WMRXKTYBN4DNTS2IN1PE5TYKPFNL7IOD1YY7FI3BI4WO R2AA79PV4 4X4HM23FBC84KWAKMQ3MDAK V7H5PQ193 SG0GGF9GXUCGT43QS7IGHV08O9W2SF3GU84 O2B4S6MN9H5N58V3K90CQ8POSLGP BAACXN7WLFRRPHO6 F1H K04Y1 UT1YR1CTWVLPTL9HRYQ7V5MQ19BGJPIGVPVMS6');

INSERT INTO ESTADO_PEDIDO (ID_ESTADO_PEDIDO, ID_PEDIDO, NOMBRE, DESCRPCION) VALUES (33, 81, 'VG7BW61HR76UDOBI SAHPHGW0V CGY25907E085MVHFYN2L3H LPH0G1GVWURY5NAJCIOIVWDM OEQO1BN6J747WG85NLUFSTDJMSOVT WVLJHRO3DOGW02TXU32EO IB0A4 BVJ8Q5MFDJHB5IQM7HU29H47YS6L436II3YHIJ9N771YBO5NJJFO525V4 U4V8CR8JXHAECAU BFW5KMC6XWD6OIPJ93VCF7 MHKAP583BQMO6PHL9GK EQARW', 'K6DORQV1SQTQVTJ3PWX1MS06989CUHPE3DFT0HIJQMPUC02BGXSF9DI41XH9CCCVKHM5 1TUDGF659NDR747QUEK MXMBUXMT7K346LO AX2P548EAHW0F44V7S2OO8MB8J0I6FHOPP48JV4KHQQSXQDF5N6WJJ0EKP5V7S2BTSWYDVA384QCJ1L72HI1GKJA44G731FK9B4N7OF1N1UORUL16T1H70YHT3DUPQ A7T3AQRJ1QMR9B89N0F7QQO');

INSERT INTO ESTADO_PEDIDO (ID_ESTADO_PEDIDO, ID_PEDIDO, NOMBRE, DESCRPCION) VALUES (70, 74, '60LV0UWYT9AKXQGGIGI4OJKU VVIEXTP0MDLIL4DL8KV8IIPG61HGA8P1 6TWKPQAPQGY6 RTIL3LOT 6YA5WGJ6SK1EROXS7D63TE4TQE4PX MOJK2FRDC6QY516NIR27FCMR5KSX0G4 EMDT6EN5GKW99WBYU6 I389HC2SF3C65LBQRCI22EUWBXETR378GMO8E3PARC6A69L61L7I8G VG7UJRN RFWQHCEJLA9FV8G SM1G GKS8PPDEC5', 'I6GO6N2Y9X4DNVFL1LRPR768B076AVBDK36KCK8H3DEC4EPJQL1WYVMF5G7X18ARMBM3I5OCHFATLH4THO1V84RYH5T1W99NB7EOK6BWUCHB659FB06WR8E6U0QWPPB909EC4FDJRGYW78716NCYR742P7286SYLHJ3EKU YTXBBMSBL5BHPUS2T50RJUUD7VJQW3HIHHTXW3E 08RYV1M  XAAHOR1LADDEOHJK4H4W7R9TM3LYS86TUJOHB8K');

INSERT INTO ESTADO_PEDIDO (ID_ESTADO_PEDIDO, ID_PEDIDO, NOMBRE, DESCRPCION) VALUES (44, 25, 'C84U5NEOQM77YBWKHBD15VHSRLA509RSOAQJFPNJCRFVR27NH8DTXXBFA N42TWVJ36 NKJ4BOL6M46IXIOTJBO9WFO4M1R9WCFPNNMRK6X6PXD9GSKN 04CHMIV0X0MOYYA4SXWXKC0KRLRPDHMIEBEYOYHDYORMICI09K585VS6M8B8N2WI GF3DRE3ARPJFDY9G81JG0WNVLX3FYW KER65NYA9NI5H N805LONFJKUXRD UOUKVJ9YL1P2K', '3AEFV3MEWGDUT7GGBDXJLDMKO4QASU8U97BIW1XGRQ41B6QO 6BVOK 6IPPE2UD85FOF1436MBI0V2481561EKL6VPQFL4PWWV7A3GIVB1Y0HDTMTAU75AGH19 W67AX2GYV99186E2LP5X 1P426KTWSGVNDM1Y5SXJ48QQUYKSA8U32DTML7Y2CMXWYF8V96YNYAYRCTDRVPVE42WNDI ALXLUJ7KN58PCP01YJ26 YT9UY7Y4E 0FPHY9F2X');

INSERT INTO ESTADO_PEDIDO (ID_ESTADO_PEDIDO, ID_PEDIDO, NOMBRE, DESCRPCION) VALUES (51, 68, 'TPEMKGLGBH3 HG RLF5JVQB6WYHUHF9EYQNSDNPGF4A 8ULU6F6QSOKJNO3IV0Q92RC9LC5X3FU65BFBKKHD0AC2WBQIIPW1OHBF7D0PA7VITUYDB2CJDXW605VJN4CD0089SV3RD84T40P2B8 V5GFLJ2DWEUUKV4WDNGDTWQ0GWUMDIXIHLM63WPQ08B629 OJGNGHACUJO6APED0WKUL9KC08WH5AARSI1TRN6ENDRHQ88RRS2HXIR3Y9L5J', 'UQY1MS001RCII D41G8HEY0646GWV7AQKKN KBJT3IEXD7OYE7MM0BI6UV7TRJRBXG0GT3JI0 JKWU2KQ1OOBYCCKYB1KW2EO6A5BPH3XDYSVMGKMNBL0X31KLR2F09AGB6MH7X26RI44CFWC 2AJYHMQN7P7YQT95MLDTIDU8C 026TXARFVBKG1V V32RH58MMNOOMGLJODJOHNE632IIK4LYRHVRPVCHEV20K5QWPJ5315W51DKRLANU8MNS');

INSERT INTO ESTADO_PEDIDO (ID_ESTADO_PEDIDO, ID_PEDIDO, NOMBRE, DESCRPCION) VALUES (59, 16, '4JTWIHBJPYPFCYVRAUF3B93KL85OLLKL8V3BPESNU3XP79ANF2TRI02BR5 H 5 6RPDD27GOB8D2YNVO7S 5SKY429E966 IDT6T9 80T9HI6NXI59H9H09032DUECFM1CRSG6KU4FCN4381VFV3C6YFD76KKGIHMHJ79IE1KWMT777GMVVELXBVFVXU9KW640JAQX3NC CTB6HB8TBVVY42YPDINR0VQUCAOXKWD7VAI779XNL7UMYQIHOFQOU', '8IB2LRPEHU8GMPS6EWGPNTR0GMPJ46I0FRIGAUCNVLBGGOH3PV GVS0MNYT64UI7G71WF H5OYS2VF76HLP2VQBH7LGE8TU97W2S0GGVV3CJN9KAX9LDM36XENYHWO1ONWE4YF6JR7ID7YLM8AXEV6136STGO6X7467T4FBU3FK95WJ298KPGG2JKC6YRG92M8U7S72JBSVLHYV1WRQ1S20K7OTWQ0G86NFUCT3DIU3MG84S2XGAH98M3MXWM8J');

INSERT INTO ESTADO_PEDIDO (ID_ESTADO_PEDIDO, ID_PEDIDO, NOMBRE, DESCRPCION) VALUES (58, 6, '866Q1I9KJ1PEP6OVJKN6WD2705I7SHQ2UR4WC2M6977BOFH7S 8JBVFOC634MJNDEWJY4OE AI5YYKR547VTX87LARP90CSKAB84KG3NAATY6YAM84K8DJI38G2VUBDWGNBFUCMKBKQHKP27 7T8UXHBM1RTQLXBVYNTP50JJOJBKOFKNRDKA91W  B7SJAUSJL50SDBIVRBQVOR8V7Y544Q4C4P1MFQ5V2GPXGP3TQTP4C2J3UTQK VGWN4WDX', '7LT5K5OLUF1AWHM 9C6LQB1ITJE9NHW BE1N9DQV8FER0QTLFIGWASAKS5OE4UHKRMHFXD9TRHKQNK73FLT94NTUTQ3N7L8ONTBKRLP03S N1GFHQ02D FQU64RL 4GAY44P2LVY0K9VNW3BBCJMX2JH0XWNNA1OEOR8RP 5WP26BRPFDECRF8TIF9E 4JOXRGNIGH97959H9VDLIGF KWSIIFE0AF0QOYDC3CPA1O52 KS CX9VHBMM507VU8Q');

INSERT INTO ESTADO_PEDIDO (ID_ESTADO_PEDIDO, ID_PEDIDO, NOMBRE, DESCRPCION) VALUES (8, 20, 'UX2H21B8C99MS4JUB0DPUI4PB279SWCTS8E3W6O9DE0NCQWT1X5LYXWNETI2DV0L6DVVRR2QXX81R4T9H3YOBOP1XLX0WPWVC2E4G473D7LO3 CFHYFH 6LCK1UMW 4RKEIA00O1SR8FQUE9RNCB8M8N37YEHHI59N1F4WY264LV8GWNUO9U  UK7D IKT1GPJJAP1PT7BAQ489A5OV7HLVXKOE5NNBE0FHXRV2B6T4UAY911I7QQ0SEBEVLNX9', '0XDDYYB5OOKLIUYMISBXW7TMWBLVHSLTETT04I5IGSUHWMV738GO2NRP1O8A20UILAE9Y0LDOP1GDWYV8 P8D67NCHFEUR75R9Q1VCS2WTKB07A2LSC0Q6W27QIKQ2T3Y57HI4P0YQKM94E0I81KIJJWK8G17L950FIX4PGK2DDD7D RC J905HBAA82U3O01YWVNRCYSA1SK2CH MM8MS55JBSUX3NF40KH456FM13M4ORC5IAXXBM9TWCKJ1V');

INSERT INTO ESTADO_PEDIDO (ID_ESTADO_PEDIDO, ID_PEDIDO, NOMBRE, DESCRPCION) VALUES (16, 75, 'TVTY7QY40TTATH2A796B99O7VKUFC1QIJM04 W5RXRJGGV41FB0M5GQ6KSECLPNLJIG5K8L6F5WUOL9B25VFCJTQSW Q84D6U6OG177WEEI TJCIST2YPY0522JI 4 UDL7OP32GTGB6QGFGTN45HPPGIMDL1SHDD7A2N3VOUG0EYJA  1UN3NQCS1YV8HQFK8WNWO7P GNDM75IBKBR8FH4129G321IP2C2SNKHCF4V6WRTBTD E8AMLYTLQ2X', 'EOE67 5WGC10F1IM734PTJ1DX8528E2K3MUO3RFGWQUTKJASQJU6R5JHFYB8MI018G3FRIE4SB5CGWBE7I7L5K9QUKJ1L5PMSV84K9L4G6F82V4S B4QDFSSJLEFSOKAKRG5LBD41SPYSR25HGS3WMH7 NFCPDUJGO53LVG47IYGRWGXSKS6D32NF3UR1691474WI8OVOBQ3BL XKI03DQ8BC6BBX7H1FXRU2KT6QU8YRDBGT6312LU4D2CRD60');

INSERT INTO ESTADO_PEDIDO (ID_ESTADO_PEDIDO, ID_PEDIDO, NOMBRE, DESCRPCION) VALUES (97, 66, '5OM4A6BE8LSMRO04U4ES3 599D6ST5MV4XWWRVP6EWJ70X5F0GEGPXSE LD54GT R G1Q8L60XP2T2D28XFWLFF738IHPH NQ3EVXPS23VCLFP3NOJKXG4EGLLSFU6NF6HHMMA43C274D1DEPC6ACQG 1GD4RWM RUCSV0XC5C3AI16H3XQEOP0D8L3157SVOJVN85NAR83KAKYYGQNXL5AQ B5MBG70NV4051JJ83OML 41URPYXGJ7SPNBP9W', 'S036237T CO2Y0FJM YXCV31 9L6EFW58R80LIOI XY9O5TT9LRNRQTQP O74PKF6K59W3QSK4T28KO5MRH7LQ6809NQ2L8HULXBTMEFFOT00PP7XVI2AVOGFQ1ER5NW06S224HC058A2OA I5AYH0IPVS783I2GIKGNHDIAN O4 PFNAV60J2JJM1AO8   P4H602W8JYJKSQQ85KP4ENUW6O70OAY088Y6WSCY3X7BW999BDQ9IUY8VTNS8V5');

INSERT INTO ESTADO_PEDIDO (ID_ESTADO_PEDIDO, ID_PEDIDO, NOMBRE, DESCRPCION) VALUES (29, 88, 'A 9OLRGF88OCLIDFRB6CR U H7J976579HB4KSMPJACRPR9PVML1ICBJE9UQQ5T3XC2N5H91R8GMO94UXD5E69S79JXRIFDDJH345A6CIG6JU 2S05K3IE15SJYEJS6QSHYT9NAOU3S5B C1XI09FT7RXF2A31GQ48IBFCQHBPO2LM8I2X7IRCRSALX7HJFX2XH1MYR8BLIHMMQ2D636ODM6VT33CTXLDL 0Y2YBX9GU9J1W98SJS4WK4YV GA9', '0 LE8KTAXVMOXPQMKC4LAIG6P52G9FEUHPQ5PVLYYTXBF4K5DTQ3BH 8WYW4119DF7XP6BGHCA4MAPEP71KR0BKD4 SPJP4RITKL9G2W53FVMTHLUCVUCCNOOAJ6E CQPDGF88D89KAJL0IBD2T22JW Q08VJYK69I7TGCQ1O4IU6K9FB7OKTYYGNROEWBM9TEVBL2AV2B0UCRWW37SSB3J5DBU00GYOUTS8O5EUA8UR15DOKM5 M2SHF4AXXGL');

INSERT INTO ESTADO_PEDIDO (ID_ESTADO_PEDIDO, ID_PEDIDO, NOMBRE, DESCRPCION) VALUES (85, 18, '9VV EC713LPV8X0EK5HTF5F7DN14017C7KHLJRFC7LH5585X0P2 PMW FWHE2R8H8SLRVTWFIJ6F8CA6U8JKTO61WLO7C2L2NIU7764110GK2T8OM BCIB58TS9CF3P0MCTP AHQKGDPATR65N8U3WO8BXRB1E1WBWNKEXRIWI6Q6T30DFWRMLLLG8O7J8CJY0MMN0MRREUDGGLSOI4WSB91DYY159IWQXK221O78FKQ9UDUAYGX93R43METY5U', 'KPHW6VNXMKTT54MBPXYHMF3EW36W45BX04NQL7GFG RTTLNBBI0Y86GSDLC3HNA7LQ21QOFVOG6IW793ETT2QS Q FOVXM1H7PU9NJRO2 NCAJ T82V9C3 42BYTNYPF2QGMRPKXKO69I8 ON28M664FJPMGTW7PQFQU5AD0O6GANS580Y02ER4PNI37 WFH6T 3P2SSHG 428SSJ1GYGEJBUC3R 0WU120MIHF9AQUB9DQ31VNBYD5DFY3N1TI');

INSERT INTO ESTADO_PEDIDO (ID_ESTADO_PEDIDO, ID_PEDIDO, NOMBRE, DESCRPCION) VALUES (35, 42, 'XDM89KBT3J164K6KQA3WWO4KAOOC6P N7S BXYA8Y1WMF1CUQO43S9D7KDS MSTEUJ HEXX095H9C6MNVX1F N4KONY8A98DV CAVX3YJTK3QWV2E8GQV6FJOAHQ1WN5 BGI51P1KX3D9P9AWOISYW7T26VQ32GW2WSD9OP3LU8OOTGTQER89WG36KCTLLVWN20I01EWKJ5O52K9F8568PEN55B0 765ME5JR0MJPUO57EW54WK0YDQFU2EL64W', 'B8EV95YGEXOXK88LRGV57CAYLA3I35 J8TV68V2051CV5UVM9A2HKS8 QOA07HXYIW3AMGOS90D0KHLRKV3MPVIP0K7J17B4APKQWD3BJSJWQL5AKN32BLU2T5LBAOLWXBTUY DSN I3GT4P5XBMRLOG31K 1ASCBWCVA O2IN5BUFMY7NH1AA01PEKOO6YAPQ0BE35 C135L QIYOBX0NY27CUG6PFHEA1D7T KMGX0UP4YMOEK9HYPK2HKB4M');

INSERT INTO ESTADO_PEDIDO (ID_ESTADO_PEDIDO, ID_PEDIDO, NOMBRE, DESCRPCION) VALUES (95, 54, '5MDGHX8BR2IEL62CG44 WOYHXQFKI H9LFT U71X5G5TQ2N L2EW7PV115P0MQGA4KRLFTUAR DH4L47J V2FMXMHEL3LOPFIMO EW23KUV0OBPR317TLGI208GDPOTT8HY6 HY6WMVDH7QLJ8RLK XYV6DLY701HRDMLQ9CL3IF31UA2KV8JGFVVA EDOMW GCL7R9N1O6NHL4HU2VVDL2TWX5P14J9BMPW2X94FVLFQU5WS873434TVI6XGFD', 'D823HK5IWKDFDHLY73BR57CFW1W9FXNAGFALXLOIKSXLTMJ8385U YIW8CHU976U0IPP9CWIY1EPNIHOX3MTMHBCS9BE38VEP4WHX1SIGTVGQ8OAOWX5QWRLQNYOINXCDM5AY78R8GE3GJE KP6DQ80POWCFJ6C8 RRQYNAJL2TRTH Y3CBXOUKL9356FDMP4BRGHIWQ3K0WTX1PL62NDCJUFVS6RY7HQ4G55E MJSXOT5QB0V4SLH50MA1IK P');

INSERT INTO ESTADO_PEDIDO (ID_ESTADO_PEDIDO, ID_PEDIDO, NOMBRE, DESCRPCION) VALUES (87, 19, 'GE0XEWHBFWR1QMXWKFYBE9GMXOIKROU8UTKJ245YKXJ0JRR09REP BVSFH3BTEU8GN3MRMLFL71U5VX222JWFGYOG3MDO0RGV 9QVOKLIHSQ57SIL4CLVQO9PG UXLR3FDGDGIG ST4MNDGQA3O70PTYESRU4FBALSU79G43  IYYVBY0IVKF9Y6E3KK63U4DCVHVPTHTSV BTFXPSJ089VYGO6C9UO9FBI00KQ0FKEHQ5BEV80K917 W43808X', 'PWLQKYRQ 91JI3XC1OS8BVQ LBSLGUCY430BLOBIN3SJIBXU SSJOQIH6 KCFTQ5S7K6RQ9FLX1GAES2D1T704LBNL0LIYMKM0710GYEONMERM UHDR9UIOF291AEFEQM LYMWXERBULHC1O9VSBFQIN8SODQYUW3AN CRNU5OE8RIRTV8XXLV0LSF3MAD47E9VLRIV4C3MF60FYPMTQ7YH9XTY9C6JCHMFV4MG14YD5070Y YAPDYNYJKBMNTO');

INSERT INTO ESTADO_PEDIDO (ID_ESTADO_PEDIDO, ID_PEDIDO, NOMBRE, DESCRPCION) VALUES (20, 49, 'SSO948EVDO49MROFVX1J9LK6D10UFFLPGKDKESLDFWILSS510K5GDBPBUTK5IO3A8DWWAUXXWE G3RPBOQQ2QJOCG QOGE1WWWRLG TP6DG75AJE11NJNMJ0JGNXHQ2BB63 33XH1WFE0Y4YBEAEKITY63 A08JEKIB792Q2VP9B0URJOT66EPAM08D1EYLH68BL452AXTQNRN89PNSBITCTEUV0C4P0FAKLTJE3BF4URY15FDVU6S6A0AXO MI', '0YVOUMGIDHLYSV G7IXF2M8LFL 13I6FUQRWW81X71G3  645LHG8K11S4Q BB7VXPM097PW67CRFUJ9VB9MJS6L9J5RYOK6V9M6TQUPN2QNC7BMRHUICNF8DS76SFT0BHA3M2GLRSHTH75AM7IKJWYVUIQDGYOM69TDH5 146XSE2UXWF6COUPRABRG33OTIBPDF2C1ASC5HKGJUUB2453 LC42LA7NHQAVUYE4B4CGE9P79D23A4QRLU17B0B');

INSERT INTO ESTADO_PEDIDO (ID_ESTADO_PEDIDO, ID_PEDIDO, NOMBRE, DESCRPCION) VALUES (56, 59, 'RCDAXDXAQ9GWBL0838M9I TW2E3 ND8TB4OBM13OLEM9JLOEN48JCUDEDO201NG BWPJMQN2BSPT4EVKAO63CGL5GUE69Q12RY46BNJCQ8W7XMRMIODF51U2CQQY69873D11V46KEASD25GS2GM2QRKUI7H 8VTN6KFUDB2DDR5E0D32I QWCVJM8XY8LRQM3AKLHQHWV7ETW 77JA0BNWGXHGALYL85MDYNKHMCJUL86JPTUV4NEI9VX4O259X', 'COWVK7FG538DG7YB  73XY6LPYHTGTOUR48M GW7G7UYBI30MYWF380B0DGPISGY5TVXK5JGSMUH3Q1LR6RXTI2TOEIXHUA7GG JMDEUQFWN63AJ3N2HKFPLYWAEG9LTSAHY9E686JKBHHY8MRVOGFLIFKHPIMMQQJ5QW3VUG9VOLF91LYER5PY4XAPEAPTS9C31KQYS29IGGSXXGYWLMSRVE FF6EWPIR5S1REQRB4JBDD3K6WS48KFEYDIWHE');

INSERT INTO ESTADO_PEDIDO (ID_ESTADO_PEDIDO, ID_PEDIDO, NOMBRE, DESCRPCION) VALUES (69, 69, '8R250HC290E7J7275AL1GTH921G13YDU8VM4QLTSNOB81WFY9TOIKFY9Q26X4E9A2Q7WGERL9XV6L8IMWN KMBK7ALO8YM8OIM9OKIPNNF7HJ46167AEOEWEG95FJI8W0A6BJ  1MUUW5FLN4JIOIGFIEN1GLKMEQ6N6TA2CHQJIRTQDOC 5X92K 1YK4BFS6FY78N2Y0KRRGC29 GYBXHYG368JKBW4MQKW4EERYNMLKBPLJOX37DC4Y8IIF8F', 'D0URXFBE27HJLIIU7EYIL4H2V1C23SXA4AFTG9M9V8C20NKDH1TU06JY3H207T7AHF3A6YGLNWY78J8AUQLFG7U7J M3E14YQEO 5BM3CI5FMH53LTY3VDXVWOMRQQTWF6FA1R9J4DUH6OABNSJ9GS8WOPSLSY7P4HICWM3M6IPOJI2K4PQUERUD8WCB93BHSGLQGULW3571SNWM07IFBQMVMMA16OXCDCQTCBJVHJ80OHH5R12GQ4X2X7HGV2E');

INSERT INTO ESTADO_PEDIDO (ID_ESTADO_PEDIDO, ID_PEDIDO, NOMBRE, DESCRPCION) VALUES (0, 18, '7PP7 IMYIKNQIJQ O7 DRCGGXXDFLX3FH8 3YQAUBBKMQPP98WDL8 JY0P46LWIXRHN9TOPI04M007XHIE1UPW7QHJO7B0IKKYE91BQ7IJ0T7O3U6WTFI3LW939X1KDYBYSOXP2PGGJHNGQOI9KEDY4BPDGLPPNJV D X1159D36MEQIH6D K2LCXFRFUC66EC3DGKN8JGVSHJ7X1EIWK7MB G9WPR3CDLHQEQ66UEJ544090HI7NYCUQM1IEX7', 'TYYFGN39M9GUW8K8XB7LGD7AOWTHV6TTWHKFT45LJ06V1N7M93FCCSJ 1W3BRA57W2LDA5QCL7GWPO7XD YVC834KH6M670UFWVPAUN F2HKXVSSCF2OVS8JW1M517P6IHX05E2BM9JNQ4BG8SAAUGEP A1VQEMM3D2BYU5R7AT1Y36SOFQEU112IPEH5Y97XUQ60V171Y6LNOSP8H7X5K6OBIH2 195IGV0TY97VLSORL3CY0TER527EPU1XGA');

INSERT INTO ESTADO_PEDIDO (ID_ESTADO_PEDIDO, ID_PEDIDO, NOMBRE, DESCRPCION) VALUES (77, 86, '883RHNOPKEBNWYD7X31FQKC7XW06K35JWSM2E2OBBOK3EO7L1FXTTMPIDSPA6IO44U3SQ9E3W7IYMQWOPIDDR7BPY1QJ3889PTUCJ8MF4TL5JNQ9M4X9NCW65ACHQLL4YW1DH8C08P6BIR7GSALY9EOWWE0UHTMX9WK1HG0HPXBQGE4HA0KCJK20OJW9B74OLG3 CODAXASFTCGCQ8AOPDQR5PE0XBA5QQLPJ5RHUYOWHDFHBR1 JJ97LRV0SXA', 'DR0ASQA4K87N 391SCP1TPWRW9KNHF3T1D DXR8QRDQRSQ4I27BMPT IV8KE0022AOKSBN41 D3Q7WXVL2VQCU0DLMV9QPD WU9MQ35JB8YCF7IA9LN7JNHLC4MX5GG4TWD98DIQMUHQSWQ8KDIIMOCYYN3XAF0RK9LHQ5EQO3VR4Q75V007PLKAG5HTGE3XSCQLUC0SU07GWX9TIY R5L5BNUJCVBB6676LWIXWP M9DE24R82 0958R9TX0IY');

INSERT INTO ESTADO_PEDIDO (ID_ESTADO_PEDIDO, ID_PEDIDO, NOMBRE, DESCRPCION) VALUES (63, 66, 'GHJ58JJPHGSCS4S0LYXJNJJ2RLBAKL9NIIWATA664A21AYDVOA8K8IUO8XVIN0S79F01565SM8RR0XNE3GLV M59DMF240C92J1IGIIS90VXHGOB727E6BIXLSC0YO5STHKT0AHBE32G4Q84ACII4NVKENDKWOJSB4VBAC64XGUNEN 4JLDYGIEUIT65NTUU 7DHK4C5UVPXWMUVHG4VS4387SE4YP79HPBFE9481339WS76YGE4RYWARCWHY1G', '43K46NVQPKQ8GCI8AAG3NN7VOPTWI3EYV85QUX0VX9E01L56PXSDLLMFKEEV2HO4AI7 9IE RP HPBTLBJ5UL4N9EJ49OYEWGPQTE8RO900TQATIOMS4F9T3LUMR5VU 4GP08G2XP7FH9JR9I2JKO RE8BN40EU0T9COLG2EMGXS8PKN1SW  7KPX40DAR6G9NODT60SYP E3R2 IQUM7V75K4IR0IHH8V29SDYIX365B85SB76UI7YO5WB YRD');

INSERT INTO ESTADO_PEDIDO (ID_ESTADO_PEDIDO, ID_PEDIDO, NOMBRE, DESCRPCION) VALUES (9, 6, 'FAY3BW3XM2WXB5EGDFUUSVYL7Q5LFVF 9CSQR9WEL9BP66NM0CYCDYCL1HWCEH PB0EL3U3BFYXJP8U0ATO65RUG2V90E322PK2S6LL50EVHT2W0K71U00AW2IR0LDXJVU19MIH3L8PTJRENY60RALHXNG66YUOOKB RSIYEOQ5PP3XPMNFA1A395FKUV6VIBPIVVR82FLPTRM3N1V4FIGVSMWXC1AT NI07RV8AE7VJM7725H7IXW9X8D3D8 C', '8J 4DGI4F7P7ONLIYOM DQ2MJB4VQHFPF7AKG8MHIVA3PFI8VLJ1AXD3VTFMQFH8OF2W54D1CO31S6VJFXI0B BLAQ4FOIW3BURH3XENDMDG2O1081TELMS2X0I1SF2Q7WXJEYTHWHYW52X128LS 44VUULA9E8JK D86TIL LOPYME3X6MFPW7HYV1IGKSU5SWUY2NO9CABFA4 JOTWYLCGU9DE333CQH26PK 4SH4WAV51HP5PFYS98S79E8Q');

INSERT INTO ESTADO_PEDIDO (ID_ESTADO_PEDIDO, ID_PEDIDO, NOMBRE, DESCRPCION) VALUES (93, 33, '8UXEPKHYUA4GBLUIBI JQ6LX0MTELF09B7K O7GTB6SY4V0EW6N9I TRJETMB1O EO3WL2O9P30DLQXET6J3Y01P80TSYB9X8 W2W3C6IR6GW601QMBX8MW1TKPRV I UH582187YU0FAM6EY2HEYEQ0GRUADNW311B4JCK7MXBFQBE5VQLDQ4ECFAFTSIKLKX3U41WD6Y4OLNKK61WUY4V2UVLJ2MD6HI6X7XVUPPS2UD1 1IYNYS 37YRL69E', '2AKM5B0P8OJ7CTV8G2VGDRHY41T0M0P3KOBWMUB95K5U YA94QBSIR 04I146NDPF4OVXS5G 9T7X868OY4LWSM9H0HQLGN84R2F6M8HJJQ4MNQQHS12RP86XTCG780ASCR14UE2DNR KXHG A0O1FDYJ2 HMSPA2J1H5B26M9SL7BYLUX490XB6K8ONXR MG8IR666C 0DJFP8LT HU4B4SNFLL8SUH10I3 RXC314WJRHJ8NX1YTF0VWRXWKR');

INSERT INTO ESTADO_PEDIDO (ID_ESTADO_PEDIDO, ID_PEDIDO, NOMBRE, DESCRPCION) VALUES (36, 82, 'OYYK3VBVUHXTDTJ9ECHWAXRWAUHBW6VAR4CJXBK EH7OCK5QF2T8FRP8DTDT2T4NCTCRO9KAM4TTAXR FE9MJ Q19LUK9OBGRW EVWXT3GAET3GLPN6YOD0MCQX02PXR7LH4XWFUEQEF4G8WYQK41M7KBEY7JYP5VPF9UEYXLMV50UXOXMEB15D5WQ27VB4JFS12IIXG9F73K5WHEXJ17G5AWXC8NANP55E90AXNE41WKH8CAL1G1NWEQP 43DR', 'RV PFFDLR8GNW10MJXEQ1 EYVCU6U 1V6GYAVDP11T4LR2OJJRI472SE862XC7J6E4PI4JMB2J87Y6 PNWHJ6 P5OJN1XLMWEARU2HC3JF4402SXEECYCIQJU6BF176WHCG3WR1RSD 3MBNVMML444YGYV5VW4V6HC61XPN9 37C69BOCV9K32MLCK0OA SIYHWVD5R0A CIN 4P9H5SBCFPF2JN3O YPFIYI6QAAO H8OCYRMSW7A8LY736Q6M');

INSERT INTO ESTADO_PEDIDO (ID_ESTADO_PEDIDO, ID_PEDIDO, NOMBRE, DESCRPCION) VALUES (37, 28, 'HGF3UY9JVHBNKSXHUF1XNHUJQE350YYKL864UG7QJRTXSBPB8TWHYHT 2S2FKTUEL6YL764SYU6D3J2K3DW2K0KBX5GQWKIO25K1QEEOWIPB5O O38UD4WFVUYB186HLRRDJ1EXXAJP2NJVI8MSF6WYYJKEPQEFNFC C84O52YQ2NWTAC8X20FYXP4BKR6YQL2GCHHNCLTYUJKWK3IMBWR4AMNBMVVG7LGIUADS0UCQRFRWB5KCO2MF4N1OTRHX', 'KPAW0N2TR9P3CQBD7FUGPN581CUAK I4RI7GNKLUA63W9KHRJN2V98C KNHOYP6MRD5YYLHSL2 58MRS4POB0NABVUJ3A7B77TW1CKK1R58014RYFA QCT4DJG4I13JRWV3OW7WEFGP82IE6AW0TLU3CUYGYX8242D8NGKFHX GOYNXSH1N3C218RHIYJPX1CHHD90E BAGMDGHYXUN3BWLB0VQ84S DSORRV9V0JV6KX93XQUO3H2GYBUHRYEA');

INSERT INTO ESTADO_PEDIDO (ID_ESTADO_PEDIDO, ID_PEDIDO, NOMBRE, DESCRPCION) VALUES (60, 58, 'CAF289HVTE539825TC3460B8JJ6J8P9FGKMXM0TKQN682W5X2KASNWNUO27IEJQ35C14T11I2NN QL8RP5F9 1AG HLUUTMTYTYY1BRIJN068MVQA4J7UIQ2M3XS7ELAR2JTL4OJ9RP3V6A929YRJ6JO1WD1X4KNOD6R1LFJ9EF9CXJUECTL5O1T768W063XHTRK18W0QLDT4CQPSJXK2NIU36YRKPRCHKVH3EGMNID5LJSFQEE7CTAE2BBGIHL', '68SYA23DKB1BJMG2S5B839C8FE 6 AGRWT23IJ7980AJ8M5TE0BKKNGWS9Q6DQUJISVRO JWK6M8O7X2G7RUK0PC1FQWVMAQAN SVO7G447P9RJYB7HCKK8ES0IPYDW1190YUD0WJOLIEB358X5V GR12IPI10QIT3RKOKMDJ4D2XAU7322K1C1NY85BGVSU7HX7QMO8D0C6SEOFJ5KA8M3L5QTFW556AGH0UIM 4GI0SE9WD8HDXSYC6L7LMBW');

INSERT INTO ESTADO_PEDIDO (ID_ESTADO_PEDIDO, ID_PEDIDO, NOMBRE, DESCRPCION) VALUES (7, 65, 'TK2Y8DTS212K3XF AD1I1R97XUP9DSLI0A7J440HFPCVH4WTUV5GFG4KPUDAITWUDVDE DP0LAG PHI687IF6BVF76O4J2FEEIPYNDJBCNO6CDRXO15 O05W8COHB1TT0EO2FDE0A0RD0BVR9O2U542W8AUNN92N6 N0OKD52NI73J1GCK 0L8 G2Q8L2O8T2PR65I61NG912TTU7NO50SS1STK3CB3Y6QKBRL2X8FF14C6R 4IJMRV6K 7KDDN', '0RQ0RNWE67QA3GLQGBQ6M7651ST7R CPAN7XFL4F40AUDO1HFMII5KHR7RVED TSVDCN5HXPYU9 4GK9FTR5A5QGNW2XRH3IHJPKI3 9EA2YTNCBL2P  3RYLSH1MQX6SRJQ0GM93G E729MXWI18AKOTFLKH QGJTDB5XX21E1 LT1KIVT9R3CAWW Q5FR5IL179V0UHFKYNCHGF SJPESSGSF47OIIBDY4T DWH0 N0WWHMIE2M91GF7JARXN');

INSERT INTO ESTADO_PEDIDO (ID_ESTADO_PEDIDO, ID_PEDIDO, NOMBRE, DESCRPCION) VALUES (65, 65, 'HTIG3NH79I1NHFQOC13KTR4DVT1NQOIHFK05OC TANKL543NDMAP3C1DC1 W T4T6AAIKGN3R 61CTLX4W43CVQ46XDCFOT1PJEW8S9171OI1BL4S0AAX884CH5S80AYY56G3  YC5HC71MMI63LP9VP8KJR1HIH4G7MO167JEUJMAM580FXEBWJRC9C 0II5NBFQQQLECGKMA5DCPJVPM WURE3P28FAPYQY9OJC RF LUAUQT  09O0EPM3 U', 'HKHFTBPQCPBOBVQY1VUFNQ02HEDC8T0JX URBSTWKHDIQ198OC13771B4Q48WI4SAUU92R70S8H54WSIO2ETEEP518XERDSRM59P9KDTVWS3M6KHQQ5YJ6 U8TEHY2X2MD8YHK9OMOOBKV8JIMWQID185L8T2F9MO GPYPHILN2PR20H11H0436MLD1WQS6JG8VUALA1T96P1CMYP3QWDBYE21RPRT2KU PN5H8E8DBT4O4Q1DID N D6NNA1RV');

INSERT INTO ESTADO_PEDIDO (ID_ESTADO_PEDIDO, ID_PEDIDO, NOMBRE, DESCRPCION) VALUES (40, 99, 'K2MFG6S864NERTOOCP0BGNSY2JXN1QWN7GSR03PIM3WMQGQPCH RU2XAJUNHNHJV4X T0GDARCBIJC4PDNGF1IVF5LH3RU89BHA1CTSPB R4314X8VABS2H5JMHUJPETDG04QPPDR9 OOJMAU335D3T7ORN9PX1QDFPBJEVMA8HTW2N9BQJ6C5DIN6RX2WNGLN3RQ04 9JJY8FTXG6MHHJ4GRCXP5H5DUYSNEIB99E7JRTAHVFN9WPVOHYHLVUE', 'T4G P1W566VADA0676 JXUI2JPTESUX2P4 PBDQQNGNN3Q2MRPP 84037PAKCSDY4TND1VW GPU31LB7QAUT3YOGLO9P8TTWH1J8TWK7IKAK8KJOLKR H7WSM5VR5IVVY7BNR 8VKCWCOJFHWCR9EK5O8G0LM9TFJE4L852CNIGKCG3GH83L2TIC4C2GYUUMJ1A7TIT8K 0T6XWUO3 QUDLMRHFQ8PI337 CIVG2VDHL 1KNBKS25SWNWOJRRCB');

INSERT INTO ESTADO_PEDIDO (ID_ESTADO_PEDIDO, ID_PEDIDO, NOMBRE, DESCRPCION) VALUES (52, 86, '4ATWVUXBFDFHGJ7W4 J355HRXHC2WLOCGF85YWISU0B BTFRTQT8KNFJAQOGILR8YIDMQLAJ426HDYJ7DIJAEYE7M05FJ130W09AJ7VYSROGGN3TOXLB4GC RFL5VX9EEKBFHFET6YJ4PFHKS0E8IPMWT6EYGHIAQW0C1R9DTA6VBTW0 P7FHQXF2SBCX JHRGYDYJD8K PV497ECKEKW2WWGUX AWC8XMC1SIA2HI9JK69VCHU613DTHHR1L9U', '4HC21SPBINFVN13H4A85UC9AWC0EJRH8YEXC970LYRVC6WX208IAJ6H KF4ASI4T6 THW49KEXTYOOIRVG1JLM4AM 24NGBK 66VEDCC2X7C9H93JNSPMBJN46K PP6AYYXYN7CAL7XKP5PH8IAWXY1WJ1A6REVJ10 LT7 Q3C40X364KK2L6MRGD58PRCVM5RQ75U79Y CV5W KYHOT 7V9UKO1AI OBJ2XUK611VY6PNONGL 91IJ6JFHC5B6');

INSERT INTO ESTADO_PEDIDO (ID_ESTADO_PEDIDO, ID_PEDIDO, NOMBRE, DESCRPCION) VALUES (67, 92, 'NDPN3G9EMQ9WX9D8KUC5QRXBVPL0I3OVW85 P5T95HVNOQP2F72J5BI76N4FK5UIRGOJGOJR4H2MM2WUSXFEMF6E882ELFTC82ADO57RWA7AOI7K1EJ9YG97HQSP1EPWK3MQCKMLT4J7Q1T5Y9I Q7 7TF338MSA56TASF9R LGQMR6FYFP2 807C0NAMXIN93UWLRUKMCIFWLI694MT F5SOTQO2547MKR 1DXIQPWG30L5YRDXID 2PW8RR62', 'LK9R396WR2AFJ67CSB5U8T3JCBIOYWPUSP2V0 3OIL 9OHH2XHC6U7G2D99RL XD0JACLUINJ6WHOU33I02LGGSD EN 2BJAMKCSU2IYVF9FICHJH7FC7B6F0B0YFA52FP5WFTPUEO5BJUH7TRAXJONTX10ID98S6YHSH3FASAK23PG0WGXTPWBR8XY1P3VQD97M323X2 SPGQGJKKXOJCMF26HP1WTHRJB81AIKQ9WJL3YQ0 R5F4O1SKL7UGS');

INSERT INTO ESTADO_PEDIDO (ID_ESTADO_PEDIDO, ID_PEDIDO, NOMBRE, DESCRPCION) VALUES (79, 26, '5QCSH577KLXY87QLJ5I81GQGAKI7E93OYSISBBHRHLAQVILOARPXASY8SYKVCBIYM55KRQ7C872959N9SXYQTH52BAS188J7WG RB2K2T1QO34YEU4ACK5LR58ETHBP7E3T  A137P0I HUHTMXFF1O8U138HL6ME1HEB1032U2VY6KUGJA1NI OL6YMP3G0537FS2YS8VKFQ779JF969COGQOP8YHNJGXLA9TCAQUVYQQB7C1WKFFKJ10NKMHE', 'NS6UQCRB7SIJQJDE2YXVMFBI4N21XQ0G32ALC D1Q4RK5KJNQLHQI45S4HXQ1GJOPNY6XLGQV2QTA0R9APA DV9P0RDAS4W6RX8PW0YMUCIT4KHSF43VN1QKWHER4OCG37B8YH7FEHUOV5X8PY7HKV54JSOBGRFS7X7OIKWBVBRRAEHBY0B9TD8DRFTCBG4 OUT7EHSIYA9LM2TREAAVQ5NU4SJ94WGFCYO5NXP3BLAUIR49CE7EVX88YIVIUU9');

INSERT INTO ESTADO_PEDIDO (ID_ESTADO_PEDIDO, ID_PEDIDO, NOMBRE, DESCRPCION) VALUES (4, 64, 'B AXCJJXO3 G5FIK7T0BB42WUBOQH MBRLGV11FIJFBYK2MTU QB04WHL6J2IPT98E1MGOC1I861G8K 18SWE571YCWOQI0T53YIGALLA8VBKH7T0N7HVO3MWP2FJEHK48CTUOP8Y5HX5XRCG3C8T2QJBAHR4GBXWJQC1EA5OM3YHFJ0JM10HQM TJO7MFP6I5LEPF6COOA6 FSJUQCBDGOV1CO135AK2NY8Y66D 8QKLFJB2OCDVIDMSWFXMUJ', '7OXLPI 0 O2A 7S0H5199NOKG QV1AJQDDP7CHTM82U7NY740VUB8Q0N3VW JK8EXX1U6 NQFB2BOAT93Q2OVD9Y80G43FIUFKS1HMMGA7QLS4P1XU9 6HQ3KRNTY3N0T329A7OAQT6EYAENYEDSQANPUH7O RB4WYQG95QDV1 NH 412UM4K1 4713ONTOQW 5KQFUPDNX3VK3S2VYS9SEMNDYRBEC87UOSPR8A68HPROL7FKY329P25K2VULL');

INSERT INTO ESTADO_PEDIDO (ID_ESTADO_PEDIDO, ID_PEDIDO, NOMBRE, DESCRPCION) VALUES (53, 28, 'FP4YCPPC3EOVYTAAC3D9SBSPVY84JWKY5KNGYRLD11ALGL5C4N4MG8RQV2J2XWM414CMCKMSUW0N5IM36Q0IAYP05NPL4QOW4FS4EXP9PT49UONQMQ09I15U2YWY PQRQROVMRUO9GQX 1C8DL2PYNWP6D4WEVWG26P7TUE2RSE XEX2II8XNO QBCUL68O2VC2WMY2G3FDJAWNM8CQQG94 1M9812J0SKEEXHHVBOVHC9VG25PHSR2FOENYO1O', 'XJGICBCL4 XLFWIWT4EN8 NNTCYF EOY81QU6KJ8K2D8LM4SET0FBOLU8MI9BABAGRB485RW12OJUG5MG447GIVOE2W NPI1HHVIQ21K4GLJB Y8OXYFVRO85TPNFVCCF3660S5KSWM6PVON QJH1P88 NQG3CK30STB38KN6KI8Y6SPAS3MDHMKGRAPFWAT5KPSOGD494QQR4P01 OA8V5S0CBXO4W8G6YCKHLEA6E7JGKBH3YGBKA2UUU8N9P');

INSERT INTO ESTADO_PEDIDO (ID_ESTADO_PEDIDO, ID_PEDIDO, NOMBRE, DESCRPCION) VALUES (22, 61, 'O YA5IUAGU5F1EPAGIGF7 5SLFFO8C5M0VI8D9WO7QEFIV1E4SG4U0FCHU2MMA34UB7 OR1AR65UAR6TW6QWK1LFTJT37JBH0  Q SH3D 03GAU2L1IID0XU346868WICR86CQS7Q8AJET0XFI3VLV02UQKJOQXJ15PRNWLF7G1LH2C2 SF00ADIR60QKL2SKNW54XKQG AEKL FMH6OXG66REI5VEP4DN5EUOSH 2A5IF0840D9IN4XBDSPFLP', 'UWH603LNEY8HK3HN51HGBUDY5TC4M25GXOE5KEURE073VATLQI1ASU4J9HIIUIIR4D5EOL3RISB0WL2HH9WRRT1WUU2GCPJTYNTJHEQ1UEC 67Y9LC016TM13W7WR9LTS51FXQDI3XR4 5TJK5NF0TFNDJI4VBREIIGDERF88J7APC6UEPJ8 S FSDIT5RXRSE1Q1U21J91G4IBFAJ2XSINI CUNKQUJ2BG H34G2 HKYM4JHQ LQAX95H5OVB8');

INSERT INTO ESTADO_PEDIDO (ID_ESTADO_PEDIDO, ID_PEDIDO, NOMBRE, DESCRPCION) VALUES (82, 1, 'UF65OP902FWL04RLR0H668D2DYFWFIRVQO2T9OJ5QVWABRSH9L9016O2QWM A5Y40V1WSYG2S418YEM3NRW7RJXEKVXT GASXV6HVC8RF8E1OCXIT7G6WYX3POJGGEUSE754KL2JPR5KHVD5U48 3CVEQLLQLCOD7PJ7O44I YR6MH3P9TKP7MY7MR4IKHM 525E0MU8OY1JS3WEH 1C S9RL4RGAM M54488UKDB3J01LG32FPSFXP HISPAKD', 'KK6UDNKN69AGCSIV4U6UT1MBCIG9QQWU490VV7AOQNWPR4M1SXUGTW F1EHB9URX76VHNQN8IDYL4JN I 018 1   A6AW5CP1KI2RD6SXFV2TUU9MUW9IGUF40G6MRNKLRM6JJJ76I5QR60J5HJLS6W1YW4CXU8Y A5YRMRR 61G QSGON06VSFESGNVKS15V3NK0FIKYHAGEADXMFQ58PYG3R2HTGI6SU2NY35NKB AOHML95S0TEMVKN8JAF');

INSERT INTO ESTADO_PEDIDO (ID_ESTADO_PEDIDO, ID_PEDIDO, NOMBRE, DESCRPCION) VALUES (31, 48, 'TJD D6C0LXF40NRMKK9D0K5YUURQ2KSAYF7TKR2FLRYK2VOUJRNL33V4AYXNFLG51ETSM7V9JQUPCEOETNXPK0CUHEPGNUSGIGTM5OXT48 N21 UQXIRVPWHOSG32HMSY9JD0NX9D5DBFT8G7K8QI0RA8VYE5ISDYBTTFWAV5VQCSP16GF HCOATC4D7MJAGSANJE9YK3 DY5Q4JW 7CF3A4C0Q2278 61VKRKQQGHLC NFDVOCDQI6OV04KEQS', 'JNB8DKM8Q3RWUE2FCGQWNR3AQ5KVPF5A0S691R9HXBNWWMC3F8H34PRR93P6JEEKM5UXXQHKG6D1WES4VA3DTYFO39UJ2A960HANERED3SFB79D0I2LRFS7EJ93YA4GW 32S302GODL9TCDV1KOW8V8339CT95SR9S3NBSPLLKFJ8VJUELPOOC9GM UQL LI32IG U9FB2UDJU6LDF3AMSHLCITQ LT8VXBA1RCHOS3THSV12UA4R67NVX1CMF3');

INSERT INTO ESTADO_PEDIDO (ID_ESTADO_PEDIDO, ID_PEDIDO, NOMBRE, DESCRPCION) VALUES (72, 40, 'AXWFKPC88TSWKHL0XQSDL246EU9GR9S0JAFHC7AY9TBFG87VEUI1R 1IFP3M6NJUG72BJ0 E2LSVF6XNG7D8P8F3HA3FAX5WGWTFO6TI 1H8LS4QY8YSLI9 5BPUWU9HBSNIVB2ISXJDTGN6ELP8QTVPW4SB2HA62UU274DWQE0W4N QK7JOXK0W49N9F21 2L5W1X12ECIOEUGXI52Y72F2Q 4NJ8VIYYCP2G7YV PIT4GEMEV4Q0UFQE9762M', 'TTSLC6XDFB95 XXMFX3SMACN6OOK16WJ 40U A3UQ010LD2T48CIDYWO8TW3 ML5CW6WT6F8M2KX8OC5GWWK7JUQG8XLYPSXJLTM2H9AKB0BM8Y8C9N7UJF48MAF09WG1Y8MIKJCPT6SXH99XI7U Y5XRF1OFQH2O9SFSQXIDPK2DD95R650ULH26L70R2 XLKC2 G4NH7VRLUE455L7D62QMN9Y3WAQJTQUI4XTT71CEFDPVQNIBG80CDFGHJX');

INSERT INTO ESTADO_PEDIDO (ID_ESTADO_PEDIDO, ID_PEDIDO, NOMBRE, DESCRPCION) VALUES (80, 49, 'MOWD7KVCSMM6FLQH783IHD3LYS6RPXPWXVS49RQKUWW9I B5I6P3BD8Y2OHCI22GPCXTFLYEIF7JHV4KD1OMWVCNNEXNTXPI WHCIG2MSRQ9 LXP1PYL8OGRM7 E6MEJK 4A8684FX0NNI2Y UMXP4E4CAEBO767TEOLORND69 R1TQDEBHIUXL4EGYIB2WEXSELVCRP P6XDKDD29WFTRSGH9IFP GW9D49Q1M0LWLNBMEDLLL61DSPJ6UCIJ ', 'PQMVGU5OY76W5OSLT03LMQHYGTLC4ATEUJ7GP7WDPVOEDKWVQNK16KYWF7O1Y6Q4GDUW14ESPP531BQ20VCBVX6K8RA0TFEUNRGA5PS8LV9U9PSSBXQUJ2 CA4W61HE35JUI0 N WB98OD4OWMNAQSAAAR6DBNQOG8E4HK31RR10N9XPXNQ9OHS1HX8V5Y6JUGR4GC2W2OU9A   E68ADTNFNYBEP32FQOHW91GPT 408QNQJLF6O ERSW5C4U0');

INSERT INTO ESTADO_PEDIDO (ID_ESTADO_PEDIDO, ID_PEDIDO, NOMBRE, DESCRPCION) VALUES (90, 59, 'QUYO5DFJJP5OHEH8Y6MJP7T7OKY9GUT5OPJSYV6FLI49Q0JJWTV1RDK6TPHOGBVR2GJK19YMCBPWAJ8M4PC51JMI034ON4QKNM47DWO87KDPQMIRA9HU97DRGB555NYQ4EAN55HVOU3YD4U NPPN89LMU190A3BXN3EKF6VDD137B9RB254QM5H936O2G MU9N1XDLK03M4GK4J0H9 WIACXD7 PNPK8Y2IIISR5KMQEIDA EU83Y7XR1EVS17E', '82SQPO 253XJB921KGB8XEYAHVXWSHOKQ3JIRXJ99H36CY37VJSXGU1E5RARQRWX4QKYMF5FBPHT8NGY NPN66CCM4E4Y4ODMP4QF6KGJRTFHND0SVIAODTU50X055BMG52166NWURP I3EBWT66IUS9Y73CUOR6QLLHK8EVBLSGW8YD5GAETO46K6SIW50QPP5X9N PPBK5GLYS23JTOL9YLNV5VKCHFJBBRPLC9NVKP4TP2V2IB0DLD0VLM4I');

INSERT INTO ESTADO_PEDIDO (ID_ESTADO_PEDIDO, ID_PEDIDO, NOMBRE, DESCRPCION) VALUES (32, 18, 'V3VCUA16 MB1SQEA5503IMJOLEBBTC5KFPFIM6KHNAKD50 RB1PUNN2GMX3 H2RTRL BNL8W5R7J0UADK1YA1P8D0BJY5VKJ5BHN6A9T563HSCICMAT 845IFO 181UJ3BJJ2U5ABQKRYRSFK3IR67L8EV2OWC7PBLR1XP06DQ26DV4OEF BBXK9X65VFNCYQ62XRCYJ1X008JQTGUBCM0FSG7P6L4BSBBF6Y8JEOW H29VQ J88888B4X4CAJ4', 'U054QE2JUNHSQWSNPDGMD2TEGYLQR5H0JAU9HDU4  FBABGBBHL5NGFUYWWU8VG3SJUM32QC2WLYE901 EWCFL9I2Q4X818CPEXSFEWM0MTJ4JSDPV9BREGUHRR4CVJLYGWTLNT7Y1Q850V8SB44YO3NR601NALUIII0HO0JH92XB7VR3B4NP2Y4S3L2I7QCLFRNGM2RK7JVCE8AIOHTY8QGFFDF0PI6YJ9WRHVBPN1099N72N2GNXTBUYWO1Y8');

INSERT INTO ESTADO_PEDIDO (ID_ESTADO_PEDIDO, ID_PEDIDO, NOMBRE, DESCRPCION) VALUES (89, 90, 'SQ1NO9MYQA8JBPO5O460VROMQKBJC1SU18FW4KTIA2GAU7DF DEQEXYHE86IRYRDIAG6FM9UMH1NMA5NLAO0FQ5LLYNYJ114R4 N5XWMHN2C57Q45PP84Q64Y8F8LMAKRPCI4VF5XAWIPXEPWSJRAQXF9E84WIC2ELOOHVIJFDU6M834TM6 HK5D5 SRRMMDIKU3K03B1R1GOKUJEA 96000YI02TOWQOG6WD SHJTQ3D6FATRLCBSD5L1MWEFU', 'KN 3B9C ORDYM6O7LJ6U3ATNPB0SBJQ0OV4EH09RCMDUSL8YTSM8BDR71SGQLHVJ3802CXU0N23T3G499MBBYP 8KG01D44NAL21BXML7IJ8EHYCFCSS4TFOU2YG67Q5644GYSP9XKELJRM57IELRTRHOXHENCU1MNGABTTVUGBNBIFH TLLUUSLDBV0CSNICLEBH4OT22OL 3DMQC3B8PTVHM6VML76FFA1T4RKXHB6SKW6NVH R5F5S46J72D');

INSERT INTO ESTADO_PEDIDO (ID_ESTADO_PEDIDO, ID_PEDIDO, NOMBRE, DESCRPCION) VALUES (18, 89, ' 7 K7S9DD7SWWNNATLWJVA S5JH0ANELXI27F1B1JFPT5XVWARY F4D5D0V7AC285UO3OSVWDUL2DONXCM0N45AKVE8U36QQ0MQYKO9LG5FHI5EN7845JMGX366QD 2MDCKFNKSJ8DF86DSTM46J5MEQSG7719Q0O88NNXB7YX8  NHTYKATTDLTHN8BNMFN9QP9VC T69 82HDP0NACDDDSMV01KQMJVHLGLXFJ68 P9EGURM3MLM2TDQQWBXY', '42FWPC1LMLENL6PUBK73H2PCGWWG3VEE8ER3FGJK8M4WT1EO PDJ6S0O4KBNYE59MPS4V65U KVCC3BM2090WWPEWU9AKTOIE80BV4K586F1KC15LB5R0SXL44JF3ED341A76ACJVSIIHX3L9JU HEH0RA0IYIBFJMPLITCOCAD4RP5S8NGV 57SDBCBIBEAYEA2V92MXLUD4JWBUYJGLG503L26OKQOXIHR5P U RNY PCSWYDMR1T7RT3GOAB');

INSERT INTO ESTADO_PEDIDO (ID_ESTADO_PEDIDO, ID_PEDIDO, NOMBRE, DESCRPCION) VALUES (96, 58, 'N6XXU6YJ KX3VS YW3XJ8BQ4MLW3TFB31L59CS122U1LOFOSLNW4YBB97P ILVP29FY5IQ7K1OU0AWPSVPI B5MIMXM3NLU1YWBE906KSWEAJJRNYD5B8DCOJPAVWJ9Y6UNAV87SYD5LE1 BBI 0S55FI35YOQLQ9MJMDJ1RGOKTMC6 J15BBXSVMYIWM N7EUKQFPHWC4KCHLDEXODNUBD6JU5I0G4CB2Q21J5H2XPM5RRF12EYOQD4LQA0OK7', 'NAJY8S59BOIKNFTACY3R0P2D83IMKA83BVLPIMWM8J7P1OMBS MS18PQK3AK8OKY8FEIQK4P1CSNUP0J8P2N2B20K5CS IBYC7Q5M YJFWDPK7EAGONHXT3K0DY54OPLQDEMG L2PH6475CLAC5TFMRFL3QHW2HX4DM9QVQ4ECQ7QIG3CH84ISKF4P5R39T0F6GQ778FY 3EN1DWR9045KM2XDL9Y2G2IW1IK FL28CJSSPUKORB87THW9YDLP8');

INSERT INTO ESTADO_PEDIDO (ID_ESTADO_PEDIDO, ID_PEDIDO, NOMBRE, DESCRPCION) VALUES (64, 46, 'ALQJSKQD0CVHO54QMC1TJV57KW 7RVT6T1AM3PFXE849YESAJVL545BG2TRC4HXJW37E00C9D64XA743PAUK5RCWFDBECHSGN3JMU6TARDUPGNICET2BTTGOISIWR9TBJMXW6CCD KTMIH G8L6A2LAT6DJDUSY9MT2NWKW39302TO4DQ3SFX5QNCP4OJJPOTADWORXBUNO5S 3FL0 X TDU02TM60OGHID37IV5B85CD81OJUT0GHICW5U11RX', 'S46H80M8NI9LFJTHU9YJ9HEIXWELPRB2J30JQR5YJS9T12R86UWP0YBYUVKX0LHYPNVN7O2C4MGXAXU 2H3Y9UOJ32NS82EPK419FNI59WFFGSNU5I5X989LCTLSPDJ1GSKUF8TMLJTLXKPFK5DPR4RX6CBVGTBQ4KRVXCUITKN48H1319XJ59QTBC857ABY1RI721RGG9H7585JVIT6AHAG1BLBWPTTK4UOAD76BPFY8JJERBD9TE9FGO8S15S');

INSERT INTO ESTADO_PEDIDO (ID_ESTADO_PEDIDO, ID_PEDIDO, NOMBRE, DESCRPCION) VALUES (3, 82, 'FQFSQ FL AQPDHF49FIQ0KUXH5DLYO1DJSXXG1MDLSV99AOGSJOM5ES4XG7 80I7YJ3XLIITVCCEQ 9RH9CCCT8N931WRFEJWI667PFO2S7SKLRJCH72YV89SWLS57WIWYVG7O1NSYSIA80NM2CNARBB8E5HR0N1HEJ0GQKBIB HRC5X2EUB 2N6BHD5J1N7QNO83DKF1PRAJ3KR9 1UT5CSQ5 N9QSDNTJV9FRXLYKPD21U3JJ98WPL R6E0WY', 'QVJIKNLG3E436QAJN2K1OHSBJ7SV5YSTHGX713GS5RXC7MAL46HUF3FC1D2QCXBWYHM9DUGOU30VO3CE1VDVNV2SSEFCNJ12F3E85EVG4B4UDLTB7XXKUMKVM G277N51PG0Q879D1YEXM3MUP5Q R76MYC07OD487OUPDFNXD6QFQQ5LMOPYQYJHOQPVCJ861QK7SS152EMK3CKQ96FFG0C2DP4Y2DROR4LFUY1XRCQW5258QBYVUGF5A51OQS');

INSERT INTO ESTADO_PEDIDO (ID_ESTADO_PEDIDO, ID_PEDIDO, NOMBRE, DESCRPCION) VALUES (84, 42, 'R2HI67OUL6GL3IEVQTM2ABAWUX3EC4KNQBP5XCIP9AA4RJGMHG9ALBHH1QKRCHKHMMF6RAD4QU X6S2LG4 9CYLXMSQ8Q07ISOJISHI7EJO1F9JBARUJSPQU23DTWUS 9QKACX7A9MJRD2N9UF0AGT5GE7IADEJ9W6FURNNW CFQ22KJ8XT8RT6JWN 081O3XP96S9O IAOI9S5NWKG0ARCTT3LPFJCI1OVCFOWUJ 5I7AR2PK5A I6K NKCQBV', '6N899EBDHHVCJKM  3FP3DKMYEQXVPBIX5QMJ4WAJUK3DRJHAUYLG9KMOEEUQM6VOSR3F0A  I RWR6U9VCVQ6QSUHUOE0KVP8KT19R3WR6YUS8B79L9OC6NERJO8N3YSDDA3R2JBAO91QQ6P1EMFXIGG6WN2DEIGNBJSPOIYLWE1KEN76Y6FOS5IKV77PL1VL8624NDDCPK23 11Y8RQ60HIEQ2N4KGJIUM3PQPLHYO76IVXH DOFR8TAUDORU');

INSERT INTO ESTADO_PEDIDO (ID_ESTADO_PEDIDO, ID_PEDIDO, NOMBRE, DESCRPCION) VALUES (12, 89, 'AGQ200XLQXX8FX ENUMMK EN9504M3YEO0E8GYCNUWS50K Y6HN09GWHLIEANBL9U66G6R4C7HVFMIJGO 2PMU0B5ILWX2DVGFXYVAACTHD35B1CR3DK AHN8HPN9SN22MXWU5S5GWQTYCEFFMPEIPY SUN1BLPQGIC47H0M4O2 LSLW3G579XBLYBR1049B3Q3II648 9TOS0KFN2077JTYLOWATXKW90MTPA4S6XINRLOOPU0CR3 0X8YQKN6', 'KUTOKFUMYEK0DT5104CQWP0PIPV3267BLSNFTEWNWW8I88E8WA3V747B2QE3CIIIMHV97SQUMV41OFTIV6OF0Q3ND6ETFQV8L0LUPE0RUWHYURR200YMCY5SH6X506146D6KK3VM7M5LU8BXMG ECHDYP1W1RC16X7DSQBL54FL36D4VU99T3 L1XOH0H3TWW31K2V00CPWMW3NHAD3U9V6JV44LNGXTG0QGJ5MG8K74H 6 TWXRK0JCSTUIMR0');

INSERT INTO ESTADO_PEDIDO (ID_ESTADO_PEDIDO, ID_PEDIDO, NOMBRE, DESCRPCION) VALUES (47, 6, '5 7FDCH30TCL 90FJ3OJM1JHPEAA6E3KVYQFWDL9IMF8SDC04FI1BXJF22DW0BJNK92WIC50F03TP 12P1UA635H3K7WNG8HLASR3W0FMN5MO5BNEG8RFI1BAG07QQH 78I9PHCHKG2JLP48TWLLP6BP7S USUJ9V2 RTRONX7TTXW55BAOFV071TVUBIVA551AW1TBTOSR65530PJPYOWBRDC1A1WY  KY7T DJANQ8FGXST21AQASG 3NR2TM', 'FSSKEOCABDH3MX8HPSD83JRYUO44CKGDU 6R8AHII81C UQC9UAFID0PA4GKX5WFQQ1AMBCXIV37A07D1NKRGT10DWH9BUB3N9HCNOCYTOFK7DPGDH02LA8OL8MN383A7B4YOUFCIRL6CGBW80EQUK369DA26OLWGXQ02 8Q6U095 04MJB9MUXHDCFWLRHAU3TLC3JSVXU5M1YSU0R507WHA5  HWY2VNOIRCAM4VGIM91RY 4L2JLRGG8Q1K5');

INSERT INTO ESTADO_PEDIDO (ID_ESTADO_PEDIDO, ID_PEDIDO, NOMBRE, DESCRPCION) VALUES (34, 11, '9FADOCDVNDOCXIR1WAAB59E EFXIW31K796MUL94WUESK7JFS0AT9Q3A1YDIU76UI9QCO NG4HG50QK21MP9NA3D2THLDXSYYQ3YWEL2SCLBX5LJ6L7PTOU5JOLH8X 2J9CIHKE6CMI86RCCKYE RNASYQ0KK2J6JV216SU3963WF2OQFHO0BRT6 28XF6S 106IXN330WLPR 8 RVDI 53JQ02J9 9BUF 2OPTQHQUOJSJVS1PTHX6NRGY352A', '5BA40OXP0QK1TODGY0MIJJEPDPCU5XJ4A9AV9E8BJ89KFXFIY1Q1B4HLISGL2TKLESWP60AB8 8JPK0J98YLHU815P7GEXKJQSK6RTN8CRX4XHEWADJGFXK11BAKLSULP9XSUV58UWFFO0DS33RH8NJAQ5R8AM7TI HYVU38NFPPS0UO5M051E938CUWTUL9YCKLUN016NPJLQBP0E76CK3839HJHNODQHEIOPRYD50DG9TAI3LJUGKA3OKGR0F');

INSERT INTO ESTADO_PEDIDO (ID_ESTADO_PEDIDO, ID_PEDIDO, NOMBRE, DESCRPCION) VALUES (50, 97, '5S  4K3AC41T3XUL60 WKCNILUDADOLCU2W9NLEJTABRF849XQDD0D33XAC9VY2 UBTHEEKKWM9HBF2CHTI13A85G2MEAS7FH5574RNF2H JKUQ0STT0TDVLN4Q3MBU9MNLOYEO9M4RJDSP6BVBI3NQ7N6NX7RRWEE7V5EIPAGL3BUX5R244CU0P0QLOKHVW4K87VLLDDXXI61VTVOUQ85J5S5EE3KXKQMR4LE8M56N 77A6HXYAQ8B69IOH48M', 'VQY8FJ116U68KMY1U4OGLINGA BNDTBOM4KCXHKA89AJQLCVPOHYR3RNC91NKQBP52559BPI43PYLF555D6RSUQ337WTM67YDVRIGNOP9LVJGJPIYH PMPNP912A50YDGX10U JJY3G9SM5YKC 4398JB HX3TO5AKK2BKAKJ7S7U33L2NV16VJD5CAHMAQ5TO2PHA97H4C4N75O9ADNKJU9B7VGN03JIXR4BA1H1DPAAFS38I5YUTDXV8DB20M');

