INSERT INTO PRODUCTO (ID_PRODUCTO, NOMBRE) VALUES (663, 'MUSHROOMS - HONEY');

INSERT INTO PRODUCTO (ID_PRODUCTO, NOMBRE) VALUES (719, 'HEAVY DUTY DUST PAN');

INSERT INTO PRODUCTO (ID_PRODUCTO, NOMBRE) VALUES (689, 'LOBSTER - BASE');

INSERT INTO PRODUCTO (ID_PRODUCTO, NOMBRE) VALUES (337, 'BREAD - CORN MUFFALETA ONION');

INSERT INTO PRODUCTO (ID_PRODUCTO, NOMBRE) VALUES (308, 'DIKON');

INSERT INTO PRODUCTO (ID_PRODUCTO, NOMBRE) VALUES (721, 'WALKERS SPECIAL OLD WHISKEY');

INSERT INTO PRODUCTO (ID_PRODUCTO, NOMBRE) VALUES (409, 'WINE - ALICANCA VINHO VERDE');

INSERT INTO PRODUCTO (ID_PRODUCTO, NOMBRE) VALUES (963, 'TROUT - SMOKED');

INSERT INTO PRODUCTO (ID_PRODUCTO, NOMBRE) VALUES (339, 'JUICE - MANGO');

INSERT INTO PRODUCTO (ID_PRODUCTO, NOMBRE) VALUES (154, 'ISOMALT');

INSERT INTO PRODUCTO (ID_PRODUCTO, NOMBRE) VALUES (974, 'WATERCRESS');

INSERT INTO PRODUCTO (ID_PRODUCTO, NOMBRE) VALUES (991, 'BEEF GROUND MEDIUM');

INSERT INTO PRODUCTO (ID_PRODUCTO, NOMBRE) VALUES (433, 'PEPPER - RED CHILI');

INSERT INTO PRODUCTO (ID_PRODUCTO, NOMBRE) VALUES (830, 'VEAL - LIVER');

INSERT INTO PRODUCTO (ID_PRODUCTO, NOMBRE) VALUES (769, '"CLUB SODA - SCHWEPPES, 355 ML"');

INSERT INTO PRODUCTO (ID_PRODUCTO, NOMBRE) VALUES (423, 'BAGEL - CHED CHS PRESLICED');

INSERT INTO PRODUCTO (ID_PRODUCTO, NOMBRE) VALUES (261, '"PORK - HAM, VIRGINIA"');

INSERT INTO PRODUCTO (ID_PRODUCTO, NOMBRE) VALUES (682, '"MUSHROOM - SHITAKE, FRESH"');

INSERT INTO PRODUCTO (ID_PRODUCTO, NOMBRE) VALUES (922, 'DANISHES - MINI CHEESE');

INSERT INTO PRODUCTO (ID_PRODUCTO, NOMBRE) VALUES (150, '"LENTILS - GREEN, DRY"');

INSERT INTO PRODUCTO (ID_PRODUCTO, NOMBRE) VALUES (110, 'LOBSTER - CANNED PREMIUM');

INSERT INTO PRODUCTO (ID_PRODUCTO, NOMBRE) VALUES (927, 'APPETIZER - ASSORTED BOX');

INSERT INTO PRODUCTO (ID_PRODUCTO, NOMBRE) VALUES (896, '"RUM - LIGHT, CAPTAIN MORGAN"');

INSERT INTO PRODUCTO (ID_PRODUCTO, NOMBRE) VALUES (37, 'PASTA - AGNOLOTTI - BUTTERNUT');

INSERT INTO PRODUCTO (ID_PRODUCTO, NOMBRE) VALUES (741, 'SAUSAGE - ANDOUILLE');

INSERT INTO PRODUCTO (ID_PRODUCTO, NOMBRE) VALUES (917, '"BEEF - COOKED, CORNED"');

INSERT INTO PRODUCTO (ID_PRODUCTO, NOMBRE) VALUES (511, 'WINE - RIOJA CAMPO VIEJO');

INSERT INTO PRODUCTO (ID_PRODUCTO, NOMBRE) VALUES (74, 'PORK - SHOULDER');

INSERT INTO PRODUCTO (ID_PRODUCTO, NOMBRE) VALUES (703, '"JUICE - APPLE, 341 ML"');

INSERT INTO PRODUCTO (ID_PRODUCTO, NOMBRE) VALUES (337, 'COCOA BUTTER');

INSERT INTO PRODUCTO (ID_PRODUCTO, NOMBRE) VALUES (159, 'AROMAT SPICE / SEASONING');

INSERT INTO PRODUCTO (ID_PRODUCTO, NOMBRE) VALUES (280, 'TRUFFLE CUPS - WHITE PAPER');

INSERT INTO PRODUCTO (ID_PRODUCTO, NOMBRE) VALUES (226, 'TURKEY - OVEN ROAST BREAST');

INSERT INTO PRODUCTO (ID_PRODUCTO, NOMBRE) VALUES (449, '"PASTA - LINGUINI, DRY"');

INSERT INTO PRODUCTO (ID_PRODUCTO, NOMBRE) VALUES (793, 'NANTUCKET - CARROT ORANGE');

INSERT INTO PRODUCTO (ID_PRODUCTO, NOMBRE) VALUES (111, '"BEEF - RIB ROAST, CAP ON"');

INSERT INTO PRODUCTO (ID_PRODUCTO, NOMBRE) VALUES (271, 'BREAD - CRUSTY ITALIAN POLY');

INSERT INTO PRODUCTO (ID_PRODUCTO, NOMBRE) VALUES (916, 'PEACH - HALVES');

INSERT INTO PRODUCTO (ID_PRODUCTO, NOMBRE) VALUES (224, 'WINE - RIOJA CAMPO VIEJO');

INSERT INTO PRODUCTO (ID_PRODUCTO, NOMBRE) VALUES (234, 'TOMATO PASTE');

INSERT INTO PRODUCTO (ID_PRODUCTO, NOMBRE) VALUES (598, '"GARLIC - PRIMERBA, PASTE"');

INSERT INTO PRODUCTO (ID_PRODUCTO, NOMBRE) VALUES (848, 'OIL - OLIVE');

INSERT INTO PRODUCTO (ID_PRODUCTO, NOMBRE) VALUES (19, 'LAMB TENDERLOIN NZ FR');

INSERT INTO PRODUCTO (ID_PRODUCTO, NOMBRE) VALUES (986, 'GALLIANO');

INSERT INTO PRODUCTO (ID_PRODUCTO, NOMBRE) VALUES (771, '"SUGAR - SWEET N LOW, INDIVIDUAL"');

INSERT INTO PRODUCTO (ID_PRODUCTO, NOMBRE) VALUES (791, 'SCALLOPS 60/80 IQF');

INSERT INTO PRODUCTO (ID_PRODUCTO, NOMBRE) VALUES (963, '"APPLE - DELICIOUS, GOLDEN"');

INSERT INTO PRODUCTO (ID_PRODUCTO, NOMBRE) VALUES (579, 'CHOCOLATE - WHITE');

INSERT INTO PRODUCTO (ID_PRODUCTO, NOMBRE) VALUES (551, '"CRAB - CLAWS, 26 - 30"');

INSERT INTO PRODUCTO (ID_PRODUCTO, NOMBRE) VALUES (644, 'CHEESE - CAMBOZOLA');

INSERT INTO PRODUCTO (ID_PRODUCTO, NOMBRE) VALUES (289, 'CHEESE - FETA');

INSERT INTO PRODUCTO (ID_PRODUCTO, NOMBRE) VALUES (586, 'CRANBERRY FOCCACIA');

INSERT INTO PRODUCTO (ID_PRODUCTO, NOMBRE) VALUES (401, '"LENTILS - RED, DRY"');

INSERT INTO PRODUCTO (ID_PRODUCTO, NOMBRE) VALUES (673, 'PIE SHELL - 9');

INSERT INTO PRODUCTO (ID_PRODUCTO, NOMBRE) VALUES (419, 'KOHLRABI');

INSERT INTO PRODUCTO (ID_PRODUCTO, NOMBRE) VALUES (702, 'SAUCE - SALSA');

INSERT INTO PRODUCTO (ID_PRODUCTO, NOMBRE) VALUES (411, 'EXTERNAL SUPPLIER');

INSERT INTO PRODUCTO (ID_PRODUCTO, NOMBRE) VALUES (576, 'DILL WEED - DRY');

INSERT INTO PRODUCTO (ID_PRODUCTO, NOMBRE) VALUES (689, '"SPRITE, DIET - 355ML"');

INSERT INTO PRODUCTO (ID_PRODUCTO, NOMBRE) VALUES (18, 'PORK - SMOKED KASSLER');

INSERT INTO PRODUCTO (ID_PRODUCTO, NOMBRE) VALUES (817, '"GIN - GILBEYS LONDON, DRY"');

INSERT INTO PRODUCTO (ID_PRODUCTO, NOMBRE) VALUES (547, 'COFFEE SWISS CHOC ALMOND');

INSERT INTO PRODUCTO (ID_PRODUCTO, NOMBRE) VALUES (71, 'CAKE - MINI POTATO PANCAKE');

INSERT INTO PRODUCTO (ID_PRODUCTO, NOMBRE) VALUES (791, 'TARRAGON - FRESH');

INSERT INTO PRODUCTO (ID_PRODUCTO, NOMBRE) VALUES (537, 'SOBE - LIZ BLIZZ');

INSERT INTO PRODUCTO (ID_PRODUCTO, NOMBRE) VALUES (400, 'SAUCE - FISH 25 OZF BOTTLE');

INSERT INTO PRODUCTO (ID_PRODUCTO, NOMBRE) VALUES (290, 'FORK - PLASTIC');

INSERT INTO PRODUCTO (ID_PRODUCTO, NOMBRE) VALUES (92, 'TEA - BLACK CURRANT');

INSERT INTO PRODUCTO (ID_PRODUCTO, NOMBRE) VALUES (941, '"LENTILS - GREEN, DRY"');

INSERT INTO PRODUCTO (ID_PRODUCTO, NOMBRE) VALUES (476, 'CHOCOLATE - SEMI SWEET');

INSERT INTO PRODUCTO (ID_PRODUCTO, NOMBRE) VALUES (888, '"ROSEMARY - PRIMERBA, PASTE"');

INSERT INTO PRODUCTO (ID_PRODUCTO, NOMBRE) VALUES (270, '"WINE - RED, CABERNET SAUVIGNON"');

INSERT INTO PRODUCTO (ID_PRODUCTO, NOMBRE) VALUES (511, 'MYERS PLANTERS PUNCH');

INSERT INTO PRODUCTO (ID_PRODUCTO, NOMBRE) VALUES (30, '"LAMB - RACKS, FRENCHED"');

INSERT INTO PRODUCTO (ID_PRODUCTO, NOMBRE) VALUES (333, 'PORK - INSIDE');

INSERT INTO PRODUCTO (ID_PRODUCTO, NOMBRE) VALUES (6, 'ZUCCHINI - GREEN');

INSERT INTO PRODUCTO (ID_PRODUCTO, NOMBRE) VALUES (128, 'POTATOES - IDAHO 100 COUNT');

INSERT INTO PRODUCTO (ID_PRODUCTO, NOMBRE) VALUES (80, 'BANDAGE - FEXIBLE 1X3');

INSERT INTO PRODUCTO (ID_PRODUCTO, NOMBRE) VALUES (851, '"BEEF - TENDERLION, CENTER CUT"');

INSERT INTO PRODUCTO (ID_PRODUCTO, NOMBRE) VALUES (418, 'GINGERALE - DIET - SCHWEPPES');

INSERT INTO PRODUCTO (ID_PRODUCTO, NOMBRE) VALUES (850, 'COGNAC - COURVAISIER');

INSERT INTO PRODUCTO (ID_PRODUCTO, NOMBRE) VALUES (846, 'ONIONS - PEARL');

INSERT INTO PRODUCTO (ID_PRODUCTO, NOMBRE) VALUES (99, '"WINE - WHITE, EJ GALLO"');

INSERT INTO PRODUCTO (ID_PRODUCTO, NOMBRE) VALUES (533, '"BEEF - OX TAIL, FROZEN"');

INSERT INTO PRODUCTO (ID_PRODUCTO, NOMBRE) VALUES (690, 'VACUUM BAGS 12X16');

INSERT INTO PRODUCTO (ID_PRODUCTO, NOMBRE) VALUES (299, 'WINE - SEMI DRY RIESLING VINELAND');

INSERT INTO PRODUCTO (ID_PRODUCTO, NOMBRE) VALUES (216, 'WINE - PENFOLDS KOONUGA HILL');

INSERT INTO PRODUCTO (ID_PRODUCTO, NOMBRE) VALUES (40, 'BAGEL - SESAME SEED PRESLICED');

INSERT INTO PRODUCTO (ID_PRODUCTO, NOMBRE) VALUES (229, 'ICE CREAM - VANILLA');

INSERT INTO PRODUCTO (ID_PRODUCTO, NOMBRE) VALUES (542, 'ECOLAB SILVER FUSION');

INSERT INTO PRODUCTO (ID_PRODUCTO, NOMBRE) VALUES (955, '"FISH - SOUP BASE, BOUILLON"');

INSERT INTO PRODUCTO (ID_PRODUCTO, NOMBRE) VALUES (309, 'TRUFFLE PASTE');

INSERT INTO PRODUCTO (ID_PRODUCTO, NOMBRE) VALUES (918, '"TORTILLAS - FLOUR, 12"');

INSERT INTO PRODUCTO (ID_PRODUCTO, NOMBRE) VALUES (976, '"CHEESE - BOURSIN, GARLIC / HERBS"');

INSERT INTO PRODUCTO (ID_PRODUCTO, NOMBRE) VALUES (328, 'BEER - HEINEKIN');

INSERT INTO PRODUCTO (ID_PRODUCTO, NOMBRE) VALUES (137, 'NANTUKET PEACH ORANGE');

INSERT INTO PRODUCTO (ID_PRODUCTO, NOMBRE) VALUES (164, 'BUFFALO - STRIPLOIN');

INSERT INTO PRODUCTO (ID_PRODUCTO, NOMBRE) VALUES (843, 'SPRITE - 355 ML');

INSERT INTO PRODUCTO (ID_PRODUCTO, NOMBRE) VALUES (238, 'OIL - OLIVE');

INSERT INTO PRODUCTO (ID_PRODUCTO, NOMBRE) VALUES (167, '"MUSHROOM - SHITAKE, DRY"');

INSERT INTO CLIENTE (ID_CLIENTE, NOMBRE, DIRECCION, CORREO_ELECTRONICO) VALUES (3041429608, 'TOBEY,SAMARTH', '9TH FLOOR', 'ERUBINOVITSCH0@IRS.GOV');

INSERT INTO CLIENTE (ID_CLIENTE, NOMBRE, DIRECCION, CORREO_ELECTRONICO) VALUES (4337481036, 'AERIELL,WOLLACOTT', 'APT 1636', 'DSWAYLAND1@TINYPIC.COM');

INSERT INTO CLIENTE (ID_CLIENTE, NOMBRE, DIRECCION, CORREO_ELECTRONICO) VALUES (0546702090, 'BETTA,WORSOM', '5TH FLOOR', 'NCARDNELL2@TECHCRUNCH.COM');

INSERT INTO CLIENTE (ID_CLIENTE, NOMBRE, DIRECCION, CORREO_ELECTRONICO) VALUES (5965879679, 'DYANNE,PAULOT', 'ROOM 999', 'ODOMMERQUE3@WASHINGTON.EDU');

INSERT INTO CLIENTE (ID_CLIENTE, NOMBRE, DIRECCION, CORREO_ELECTRONICO) VALUES (3510573234, 'BERNA,BOICHAT', 'APT 1186', 'LWAPLE4@FC2.COM');

INSERT INTO CLIENTE (ID_CLIENTE, NOMBRE, DIRECCION, CORREO_ELECTRONICO) VALUES (7194202913, 'ELWIN,DILLON', 'APT 1895', 'HMELLONBY5@TWITPIC.COM');

INSERT INTO CLIENTE (ID_CLIENTE, NOMBRE, DIRECCION, CORREO_ELECTRONICO) VALUES (1660804817, 'YURIK,ISSAKOV', 'SUITE 5', 'RTABARY6@NSW.GOV.AU');

INSERT INTO CLIENTE (ID_CLIENTE, NOMBRE, DIRECCION, CORREO_ELECTRONICO) VALUES (0577354140, 'ERMENTRUDE,VINCE', 'PO BOX 68580', 'JASKEM7@SCIENTIFICAMERICAN.COM');

INSERT INTO CLIENTE (ID_CLIENTE, NOMBRE, DIRECCION, CORREO_ELECTRONICO) VALUES (1508671435, 'TILDIE,TOUHIG', 'ROOM 503', 'TFENNE8@ALIBABA.COM');

INSERT INTO CLIENTE (ID_CLIENTE, NOMBRE, DIRECCION, CORREO_ELECTRONICO) VALUES (8348666753, 'VINNY,MARSKELL', '17TH FLOOR', 'EVANNIKOV9@AMAZON.COM');

INSERT INTO CLIENTE (ID_CLIENTE, NOMBRE, DIRECCION, CORREO_ELECTRONICO) VALUES (8365041677, 'CHAUNCE,VIGARS', 'PO BOX 50038', 'DBETTINGTONA@PRNEWSWIRE.COM');

INSERT INTO CLIENTE (ID_CLIENTE, NOMBRE, DIRECCION, CORREO_ELECTRONICO) VALUES (5583630094, 'CATHRINE,DURNIAN', 'PO BOX 9195', 'CBILLOWSB@163.COM');

INSERT INTO CLIENTE (ID_CLIENTE, NOMBRE, DIRECCION, CORREO_ELECTRONICO) VALUES (0269098496, 'SEAN,WORRALL', 'APT 641', 'RGREYSTOKEC@SCIENCEDAILY.COM');

INSERT INTO CLIENTE (ID_CLIENTE, NOMBRE, DIRECCION, CORREO_ELECTRONICO) VALUES (6066299506, 'MENDIE,NOLLEAU', '14TH FLOOR', 'AFITCHD@PAYPAL.COM');

INSERT INTO CLIENTE (ID_CLIENTE, NOMBRE, DIRECCION, CORREO_ELECTRONICO) VALUES (1135826676, 'PHILLIE,VOOGHT', 'APT 148', 'PWANNANE@FLAVORS.ME');

INSERT INTO CLIENTE (ID_CLIENTE, NOMBRE, DIRECCION, CORREO_ELECTRONICO) VALUES (3285409967, 'DEVIN,DILLET', 'ROOM 273', 'EWILCOCKF@WASHINGTONPOST.COM');

INSERT INTO CLIENTE (ID_CLIENTE, NOMBRE, DIRECCION, CORREO_ELECTRONICO) VALUES (0385419457, 'SASHENKA,BULWARD', 'APT 856', 'CSCHMIDTG@FC2.COM');

INSERT INTO CLIENTE (ID_CLIENTE, NOMBRE, DIRECCION, CORREO_ELECTRONICO) VALUES (0306589850, 'LARYSSA,BABIN', 'ROOM 1058', 'CORKNAYH@TECHNORATI.COM');

INSERT INTO CLIENTE (ID_CLIENTE, NOMBRE, DIRECCION, CORREO_ELECTRONICO) VALUES (6272636520, 'ADOREE,INDE', 'SUITE 93', 'CRANDALI@STATE.TX.US');

INSERT INTO CLIENTE (ID_CLIENTE, NOMBRE, DIRECCION, CORREO_ELECTRONICO) VALUES (4862133568, 'NATANIEL,BLYTHIN', '19TH FLOOR', 'UWEDDEBURNSCRIMGEOURJ@AMAZON.CO.JP');

INSERT INTO CLIENTE (ID_CLIENTE, NOMBRE, DIRECCION, CORREO_ELECTRONICO) VALUES (4092994613, 'MAYBELLE,VYE', 'PO BOX 36521', 'ACONEWK@NOAA.GOV');

INSERT INTO CLIENTE (ID_CLIENTE, NOMBRE, DIRECCION, CORREO_ELECTRONICO) VALUES (1107631696, 'TAMMI,NARUP', 'APT 1333', 'OMARIENL@TWITTER.COM');

INSERT INTO CLIENTE (ID_CLIENTE, NOMBRE, DIRECCION, CORREO_ELECTRONICO) VALUES (1560978139, 'DALENNA,TEWKESBERRIE', 'SUITE 55', 'PBACKSHAWM@WILEY.COM');

INSERT INTO CLIENTE (ID_CLIENTE, NOMBRE, DIRECCION, CORREO_ELECTRONICO) VALUES (2673407235, 'PATSY,GUILLARD', 'PO BOX 11443', 'TFEEHERYN@GODADDY.COM');

INSERT INTO CLIENTE (ID_CLIENTE, NOMBRE, DIRECCION, CORREO_ELECTRONICO) VALUES (2126516008, 'SHALOM,CAVIL', 'PO BOX 58014', 'PKEASTO@MIT.EDU');

INSERT INTO CLIENTE (ID_CLIENTE, NOMBRE, DIRECCION, CORREO_ELECTRONICO) VALUES (6064739320, 'ASHLEE,BOUTS', 'APT 1094', 'AFAUTLYP@DISQUS.COM');

INSERT INTO CLIENTE (ID_CLIENTE, NOMBRE, DIRECCION, CORREO_ELECTRONICO) VALUES (6194384182, 'IGNAZIO,SCRANNEY', 'APT 440', 'RLOBBEQ@ALTERVISTA.ORG');

INSERT INTO CLIENTE (ID_CLIENTE, NOMBRE, DIRECCION, CORREO_ELECTRONICO) VALUES (3527893113, 'ELROY,AUCHINLECK', 'APT 135', 'CMORITR@WIX.COM');

INSERT INTO CLIENTE (ID_CLIENTE, NOMBRE, DIRECCION, CORREO_ELECTRONICO) VALUES (7406833849, 'TRAVERS,SWORN', '10TH FLOOR', 'GMCURES@STUDIOPRESS.COM');

INSERT INTO CLIENTE (ID_CLIENTE, NOMBRE, DIRECCION, CORREO_ELECTRONICO) VALUES (7590384895, 'ANNMARIE,CULL', 'PO BOX 20791', 'WWOOSNAMT@PHPBB.COM');

INSERT INTO CLIENTE (ID_CLIENTE, NOMBRE, DIRECCION, CORREO_ELECTRONICO) VALUES (9914869998, 'JUSTINO,RUSSEN', 'PO BOX 97682', 'DMATTHEUSU@JUGEM.JP');

INSERT INTO CLIENTE (ID_CLIENTE, NOMBRE, DIRECCION, CORREO_ELECTRONICO) VALUES (0754345793, 'PAOLINA,DROHANE', 'ROOM 1360', 'HSTAPLEYV@NETWORKSOLUTIONS.COM');

INSERT INTO CLIENTE (ID_CLIENTE, NOMBRE, DIRECCION, CORREO_ELECTRONICO) VALUES (6743041734, 'ATHENE,BARTAK', '15TH FLOOR', 'SPAXTONW@SBWIRE.COM');

INSERT INTO CLIENTE (ID_CLIENTE, NOMBRE, DIRECCION, CORREO_ELECTRONICO) VALUES (0899304664, 'BARBE,JOCIC', 'PO BOX 5790', 'EPOSERX@GOOGLE.DE');

INSERT INTO CLIENTE (ID_CLIENTE, NOMBRE, DIRECCION, CORREO_ELECTRONICO) VALUES (7599120068, 'GWYNETH,SHROPSHEIR', 'ROOM 1448', 'UEAGLESHAMY@DELL.COM');

INSERT INTO CLIENTE (ID_CLIENTE, NOMBRE, DIRECCION, CORREO_ELECTRONICO) VALUES (7133312840, 'LEROY,KIRK', 'APT 799', 'HCANSDALLZ@UCOZ.RU');

INSERT INTO CLIENTE (ID_CLIENTE, NOMBRE, DIRECCION, CORREO_ELECTRONICO) VALUES (5887576553, 'DARLA,ARNETT', 'PO BOX 7317', 'ANAISMITH10@FASTCOMPANY.COM');

INSERT INTO CLIENTE (ID_CLIENTE, NOMBRE, DIRECCION, CORREO_ELECTRONICO) VALUES (3809845949, 'RANI,CRAWSHAY', 'ROOM 459', 'JMCCAMBRIDGE11@FASTCOMPANY.COM');

INSERT INTO CLIENTE (ID_CLIENTE, NOMBRE, DIRECCION, CORREO_ELECTRONICO) VALUES (8037317978, 'RAFE,PARGETTER', 'PO BOX 73903', 'LWEDGE12@THEGUARDIAN.COM');

INSERT INTO CLIENTE (ID_CLIENTE, NOMBRE, DIRECCION, CORREO_ELECTRONICO) VALUES (8701540645, 'PEARLINE,WHITINGTON', 'SUITE 83', 'RCAUDLE13@FOTKI.COM');

INSERT INTO CLIENTE (ID_CLIENTE, NOMBRE, DIRECCION, CORREO_ELECTRONICO) VALUES (8520829201, 'HERB,HARTLY', 'SUITE 51', 'MPHILIPSEN14@THEGLOBEANDMAIL.COM');

INSERT INTO CLIENTE (ID_CLIENTE, NOMBRE, DIRECCION, CORREO_ELECTRONICO) VALUES (3213985872, 'CORNELLE,DOWKER', 'SUITE 95', 'MKENFORD15@XREA.COM');

INSERT INTO CLIENTE (ID_CLIENTE, NOMBRE, DIRECCION, CORREO_ELECTRONICO) VALUES (6121996838, 'LUCIE,FANTHOME', 'APT 399', 'ALAWLAND16@MERRIAM-WEBSTER.COM');

INSERT INTO CLIENTE (ID_CLIENTE, NOMBRE, DIRECCION, CORREO_ELECTRONICO) VALUES (2842217527, 'LENNA,SIDERY', '12TH FLOOR', 'MGONNELY17@UN.ORG');

INSERT INTO CLIENTE (ID_CLIENTE, NOMBRE, DIRECCION, CORREO_ELECTRONICO) VALUES (4591820688, 'WOLF,ABRIANI', 'ROOM 1810', 'JSALMONS18@GOOGLE.COM');

INSERT INTO CLIENTE (ID_CLIENTE, NOMBRE, DIRECCION, CORREO_ELECTRONICO) VALUES (6989461977, 'ERMENGARDE,DRISCOLL', 'SUITE 55', 'DRICHARDES19@PRWEB.COM');

INSERT INTO CLIENTE (ID_CLIENTE, NOMBRE, DIRECCION, CORREO_ELECTRONICO) VALUES (9712873587, 'LADONNA,ROPERT', 'SUITE 10', 'BLILION1A@CAM.AC.UK');

INSERT INTO CLIENTE (ID_CLIENTE, NOMBRE, DIRECCION, CORREO_ELECTRONICO) VALUES (6055717344, 'INDIRA,DIONISIO', '17TH FLOOR', 'WSHANKLAND1B@REFERENCE.COM');

INSERT INTO CLIENTE (ID_CLIENTE, NOMBRE, DIRECCION, CORREO_ELECTRONICO) VALUES (9421265203, 'ROSALEEN,BATTHEW', 'SUITE 23', 'EGASKELL1C@FTC.GOV');

INSERT INTO CLIENTE (ID_CLIENTE, NOMBRE, DIRECCION, CORREO_ELECTRONICO) VALUES (0752100904, 'SHAINE,DEFAU', 'PO BOX 97119', 'HBALCERS1D@DION.NE.JP');

INSERT INTO CLIENTE (ID_CLIENTE, NOMBRE, DIRECCION, CORREO_ELECTRONICO) VALUES (2563323657, 'ORLAN,O''CONNOLLY', '6TH FLOOR', 'YPAYFOOT1E@NEWSVINE.COM');

INSERT INTO CLIENTE (ID_CLIENTE, NOMBRE, DIRECCION, CORREO_ELECTRONICO) VALUES (0697424545, 'ROWEN,HAYSELDEN', 'APT 1547', 'CBASE1F@EVENTBRITE.COM');

INSERT INTO CLIENTE (ID_CLIENTE, NOMBRE, DIRECCION, CORREO_ELECTRONICO) VALUES (9269531600, 'NINON,KAROLYI', '7TH FLOOR', 'CKULLER1G@PATCH.COM');

INSERT INTO CLIENTE (ID_CLIENTE, NOMBRE, DIRECCION, CORREO_ELECTRONICO) VALUES (3466996805, 'BERKELEY,LIVEZEY', 'ROOM 1174', 'UVERONIQUE1H@E-RECHT24.DE');

INSERT INTO CLIENTE (ID_CLIENTE, NOMBRE, DIRECCION, CORREO_ELECTRONICO) VALUES (2275371508, 'WELSH,LAMBORN', 'SUITE 13', 'RVINES1I@SEESAA.NET');

INSERT INTO CLIENTE (ID_CLIENTE, NOMBRE, DIRECCION, CORREO_ELECTRONICO) VALUES (3415409449, 'BENDICK,BLACKET', '2ND FLOOR', 'LKARPFEN1J@CENSUS.GOV');

INSERT INTO CLIENTE (ID_CLIENTE, NOMBRE, DIRECCION, CORREO_ELECTRONICO) VALUES (1433737280, 'KINCAID,REDISH', 'APT 1305', 'OCAPELL1K@STANFORD.EDU');

INSERT INTO CLIENTE (ID_CLIENTE, NOMBRE, DIRECCION, CORREO_ELECTRONICO) VALUES (5371617124, 'SHELBY,PICHAN', 'PO BOX 97388', 'CKEMSLEY1L@TWITPIC.COM');

INSERT INTO CLIENTE (ID_CLIENTE, NOMBRE, DIRECCION, CORREO_ELECTRONICO) VALUES (3754042866, 'LOTTY,OVEY', 'PO BOX 21352', 'BLACKINGTON1M@ICIO.US');

INSERT INTO CLIENTE (ID_CLIENTE, NOMBRE, DIRECCION, CORREO_ELECTRONICO) VALUES (7012822570, 'CIRSTOFORO,REGGLAR', '12TH FLOOR', 'LJARRELT1N@CHINA.COM.CN');

INSERT INTO CLIENTE (ID_CLIENTE, NOMBRE, DIRECCION, CORREO_ELECTRONICO) VALUES (1115394541, 'CHIQUIA,JORRY', '11TH FLOOR', 'PKIRKNESS1O@SO-NET.NE.JP');

INSERT INTO CLIENTE (ID_CLIENTE, NOMBRE, DIRECCION, CORREO_ELECTRONICO) VALUES (0902886576, 'GILL,OLDFIELD-CHERRY', 'ROOM 1920', 'HBRETTEL1P@T.CO');

INSERT INTO CLIENTE (ID_CLIENTE, NOMBRE, DIRECCION, CORREO_ELECTRONICO) VALUES (6279075842, 'VIRGIE,STANDING', 'SUITE 24', 'HNEILD1Q@GOOGLE.COM');

INSERT INTO CLIENTE (ID_CLIENTE, NOMBRE, DIRECCION, CORREO_ELECTRONICO) VALUES (8527001683, 'DEDRA,BAXSTARE', 'ROOM 175', 'IBUREL1R@REFERENCE.COM');

INSERT INTO CLIENTE (ID_CLIENTE, NOMBRE, DIRECCION, CORREO_ELECTRONICO) VALUES (1226512348, 'AUDRIE,GONNELY', '3RD FLOOR', 'FPOILE1S@MASHABLE.COM');

INSERT INTO CLIENTE (ID_CLIENTE, NOMBRE, DIRECCION, CORREO_ELECTRONICO) VALUES (4621519220, 'GUIDO,NEAVES', 'PO BOX 50455', 'MGATHER1T@CNN.COM');

INSERT INTO CLIENTE (ID_CLIENTE, NOMBRE, DIRECCION, CORREO_ELECTRONICO) VALUES (1078045879, 'OTTO,MUSTOE', '2ND FLOOR', 'NMEUSE1U@EUROPA.EU');

INSERT INTO CLIENTE (ID_CLIENTE, NOMBRE, DIRECCION, CORREO_ELECTRONICO) VALUES (4097003178, 'DALILA,ROSITA', 'PO BOX 78848', 'CROSENHAUS1V@SPHINN.COM');

INSERT INTO CLIENTE (ID_CLIENTE, NOMBRE, DIRECCION, CORREO_ELECTRONICO) VALUES (5506156200, 'STEFA,MARIAUD', 'SUITE 48', 'MBEVAN1W@ELEGANTTHEMES.COM');

INSERT INTO CLIENTE (ID_CLIENTE, NOMBRE, DIRECCION, CORREO_ELECTRONICO) VALUES (2533961051, 'KERR,TUTCHELL', 'ROOM 273', 'NBURGH1X@GO.COM');

INSERT INTO CLIENTE (ID_CLIENTE, NOMBRE, DIRECCION, CORREO_ELECTRONICO) VALUES (2976500843, 'CONSTANTINE,CHIVERS', 'PO BOX 9802', 'PEPP1Y@GITHUB.IO');

INSERT INTO CLIENTE (ID_CLIENTE, NOMBRE, DIRECCION, CORREO_ELECTRONICO) VALUES (1130809951, 'KIN,CAPPER', 'SUITE 37', 'ABRAMPTON1Z@BLOOMBERG.COM');

INSERT INTO CLIENTE (ID_CLIENTE, NOMBRE, DIRECCION, CORREO_ELECTRONICO) VALUES (3406399355, 'CURRIE,CASEWELL', '20TH FLOOR', 'DROYL20@BLOOMBERG.COM');

INSERT INTO CLIENTE (ID_CLIENTE, NOMBRE, DIRECCION, CORREO_ELECTRONICO) VALUES (2741426279, 'PEGEEN,PIERSON', 'APT 1413', 'PZOUCH21@SINA.COM.CN');

INSERT INTO CLIENTE (ID_CLIENTE, NOMBRE, DIRECCION, CORREO_ELECTRONICO) VALUES (9995407272, 'DEINA,RUSTE', 'ROOM 1687', 'ASWAFFORD22@CHRONOENGINE.COM');

INSERT INTO CLIENTE (ID_CLIENTE, NOMBRE, DIRECCION, CORREO_ELECTRONICO) VALUES (5262466427, 'WHITNEY,VIGGERS', 'ROOM 1693', 'TLAFAYETTE23@PUREVOLUME.COM');

INSERT INTO CLIENTE (ID_CLIENTE, NOMBRE, DIRECCION, CORREO_ELECTRONICO) VALUES (3021476686, 'VERIEE,FARLOW', '17TH FLOOR', 'SCLEVERLEY24@CAM.AC.UK');

INSERT INTO CLIENTE (ID_CLIENTE, NOMBRE, DIRECCION, CORREO_ELECTRONICO) VALUES (6068548015, 'EAMON,MIRANDA', 'SUITE 40', 'YJEVES25@OAIC.GOV.AU');

INSERT INTO CLIENTE (ID_CLIENTE, NOMBRE, DIRECCION, CORREO_ELECTRONICO) VALUES (5471735021, 'BOOTE,HEINIG', '12TH FLOOR', 'KNICHOLLS26@UNESCO.ORG');

INSERT INTO CLIENTE (ID_CLIENTE, NOMBRE, DIRECCION, CORREO_ELECTRONICO) VALUES (4778511778, 'RUTH,MANCLARK', 'SUITE 33', 'IBONIFANT27@REDIFF.COM');

INSERT INTO CLIENTE (ID_CLIENTE, NOMBRE, DIRECCION, CORREO_ELECTRONICO) VALUES (4483039911, 'RINGO,SIRETT', 'SUITE 100', 'JJEAVONS28@PARALLELS.COM');

INSERT INTO CLIENTE (ID_CLIENTE, NOMBRE, DIRECCION, CORREO_ELECTRONICO) VALUES (4565114739, 'JANETA,TARRY', 'PO BOX 57535', 'MKARLSEN29@GOOGLE.FR');

INSERT INTO CLIENTE (ID_CLIENTE, NOMBRE, DIRECCION, CORREO_ELECTRONICO) VALUES (6515460694, 'HARPER,BEREFORD', 'PO BOX 73549', 'DKENELEYSIDE2A@ABOUT.COM');

INSERT INTO CLIENTE (ID_CLIENTE, NOMBRE, DIRECCION, CORREO_ELECTRONICO) VALUES (0402468686, 'LANE,SPENTON', 'SUITE 64', 'CHOYES2B@GOOGLE.NL');

INSERT INTO CLIENTE (ID_CLIENTE, NOMBRE, DIRECCION, CORREO_ELECTRONICO) VALUES (4566357155, 'PIP,ATTAWELL', 'APT 186', 'WBUFTON2C@SCIENTIFICAMERICAN.COM');

INSERT INTO CLIENTE (ID_CLIENTE, NOMBRE, DIRECCION, CORREO_ELECTRONICO) VALUES (5291674423, 'RICH,SKITTLES', 'PO BOX 3832', 'NFALCK2D@GLOBO.COM');

INSERT INTO CLIENTE (ID_CLIENTE, NOMBRE, DIRECCION, CORREO_ELECTRONICO) VALUES (7926836265, 'CANDIE,CARTMER', 'PO BOX 73814', 'DSCARBARROW2E@DESDEV.CN');

INSERT INTO CLIENTE (ID_CLIENTE, NOMBRE, DIRECCION, CORREO_ELECTRONICO) VALUES (0466668988, 'PASCALE,DUNSMORE', 'PO BOX 24190', 'AMATTIASSI2F@W3.ORG');

INSERT INTO CLIENTE (ID_CLIENTE, NOMBRE, DIRECCION, CORREO_ELECTRONICO) VALUES (8856181134, 'VAUGHAN,BUXTON', 'SUITE 67', 'SPETERI2G@G.CO');

INSERT INTO CLIENTE (ID_CLIENTE, NOMBRE, DIRECCION, CORREO_ELECTRONICO) VALUES (0326381619, 'JENNIFER,PESIC', 'APT 360', 'AFAULCONBRIDGE2H@PSU.EDU');

INSERT INTO CLIENTE (ID_CLIENTE, NOMBRE, DIRECCION, CORREO_ELECTRONICO) VALUES (5954618186, 'WINNI,LAMBERTESCHI', 'PO BOX 18790', 'MDYKES2I@GLOBO.COM');

INSERT INTO CLIENTE (ID_CLIENTE, NOMBRE, DIRECCION, CORREO_ELECTRONICO) VALUES (5429231339, 'ANDROS,AMAYA', 'ROOM 204', 'CHANCILL2J@HISTATS.COM');

INSERT INTO CLIENTE (ID_CLIENTE, NOMBRE, DIRECCION, CORREO_ELECTRONICO) VALUES (5043404205, 'PRISSIE,MALATALANT', 'ROOM 1717', 'KBADROCK2K@FLAVORS.ME');

INSERT INTO CLIENTE (ID_CLIENTE, NOMBRE, DIRECCION, CORREO_ELECTRONICO) VALUES (6498532114, 'CLARKE,YESKIN', 'PO BOX 24988', 'FBROADBENT2L@SURVEYMONKEY.COM');

INSERT INTO CLIENTE (ID_CLIENTE, NOMBRE, DIRECCION, CORREO_ELECTRONICO) VALUES (5757337338, 'NANI,MENICHINI', 'SUITE 11', 'LMITCHELL2M@BLINKLIST.COM');

INSERT INTO CLIENTE (ID_CLIENTE, NOMBRE, DIRECCION, CORREO_ELECTRONICO) VALUES (8339492837, 'NICOLA,TUBERFIELD', 'SUITE 86', 'KBYWATER2N@MAIL.RU');

INSERT INTO CLIENTE (ID_CLIENTE, NOMBRE, DIRECCION, CORREO_ELECTRONICO) VALUES (4422424734, 'ARLEYNE,YITZOWITZ', 'ROOM 1888', 'MGINNELLY2O@WEBMD.COM');

INSERT INTO CLIENTE (ID_CLIENTE, NOMBRE, DIRECCION, CORREO_ELECTRONICO) VALUES (8332542596, 'GIUDITTA,GREGOLETTI', 'PO BOX 61809', 'FRHOADES2P@T-ONLINE.DE');

INSERT INTO CLIENTE (ID_CLIENTE, NOMBRE, DIRECCION, CORREO_ELECTRONICO) VALUES (2238063501, 'LYN,CANE', '7TH FLOOR', 'CCONWAY2Q@STUMBLEUPON.COM');

INSERT INTO CLIENTE (ID_CLIENTE, NOMBRE, DIRECCION, CORREO_ELECTRONICO) VALUES (8447212734, 'TADIO,ALGORE', 'ROOM 723', 'YHURDEDGE2R@REDCROSS.ORG');

INSERT INTO PEDIDO (ID_CLIENTE, FECHA_PEDIDO, PRODUCTOS) VALUES (8520829201, '12/12/2022', 'MUSHROOMS - HONEY');

INSERT INTO PEDIDO (ID_CLIENTE, FECHA_PEDIDO, PRODUCTOS) VALUES (7012822570, '15/09/2023', 'HEAVY DUTY DUST PAN');

INSERT INTO PEDIDO (ID_CLIENTE, FECHA_PEDIDO, PRODUCTOS) VALUES (1130809951, '04/11/2023', 'LOBSTER - BASE');

INSERT INTO PEDIDO (ID_CLIENTE, FECHA_PEDIDO, PRODUCTOS) VALUES (4591820688, '04/05/2023', 'BREAD - CORN MUFFALETA ONION');

INSERT INTO PEDIDO (ID_CLIENTE, FECHA_PEDIDO, PRODUCTOS) VALUES (1130809951, '19/04/2023', 'DIKON');

INSERT INTO PEDIDO (ID_CLIENTE, FECHA_PEDIDO, PRODUCTOS) VALUES (7926836265, '29/01/2023', 'WALKERS SPECIAL OLD WHISKEY');

INSERT INTO PEDIDO (ID_CLIENTE, FECHA_PEDIDO, PRODUCTOS) VALUES (269098496, '28/05/2023', 'WINE - ALICANCA VINHO VERDE');

INSERT INTO PEDIDO (ID_CLIENTE, FECHA_PEDIDO, PRODUCTOS) VALUES (5429231339, '27/09/2023', 'TROUT - SMOKED');

INSERT INTO PEDIDO (ID_CLIENTE, FECHA_PEDIDO, PRODUCTOS) VALUES (3415409449, '12/09/2023', 'JUICE - MANGO');

INSERT INTO PEDIDO (ID_CLIENTE, FECHA_PEDIDO, PRODUCTOS) VALUES (4422424734, '20/03/2023', 'ISOMALT');

INSERT INTO PEDIDO (ID_CLIENTE, FECHA_PEDIDO, PRODUCTOS) VALUES (2533961051, '17/09/2023', 'WATERCRESS');

INSERT INTO PEDIDO (ID_CLIENTE, FECHA_PEDIDO, PRODUCTOS) VALUES (4565114739, '24/12/2022', 'BEEF GROUND MEDIUM');

INSERT INTO PEDIDO (ID_CLIENTE, FECHA_PEDIDO, PRODUCTOS) VALUES (6066299506, '20/10/2023', 'PEPPER - RED CHILI');

INSERT INTO PEDIDO (ID_CLIENTE, FECHA_PEDIDO, PRODUCTOS) VALUES (2741426279, '01/01/2023', 'VEAL - LIVER');

INSERT INTO PEDIDO (ID_CLIENTE, FECHA_PEDIDO, PRODUCTOS) VALUES (2238063501, '20/11/2022', '"CLUB SODA - SCHWEPPES, 355 ML"');

INSERT INTO PEDIDO (ID_CLIENTE, FECHA_PEDIDO, PRODUCTOS) VALUES (7590384895, '06/07/2023', 'BAGEL - CHED CHS PRESLICED');

INSERT INTO PEDIDO (ID_CLIENTE, FECHA_PEDIDO, PRODUCTOS) VALUES (3285409967, '03/11/2023', '"PORK - HAM, VIRGINIA"');

INSERT INTO PEDIDO (ID_CLIENTE, FECHA_PEDIDO, PRODUCTOS) VALUES (4778511778, '01/09/2023', '"MUSHROOM - SHITAKE, FRESH"');

INSERT INTO PEDIDO (ID_CLIENTE, FECHA_PEDIDO, PRODUCTOS) VALUES (1560978139, '14/07/2023', 'DANISHES - MINI CHEESE');

INSERT INTO PEDIDO (ID_CLIENTE, FECHA_PEDIDO, PRODUCTOS) VALUES (5429231339, '01/12/2022', '"LENTILS - GREEN, DRY"');

INSERT INTO PEDIDO (ID_CLIENTE, FECHA_PEDIDO, PRODUCTOS) VALUES (8520829201, '15/11/2022', 'LOBSTER - CANNED PREMIUM');

INSERT INTO PEDIDO (ID_CLIENTE, FECHA_PEDIDO, PRODUCTOS) VALUES (5291674423, '20/04/2023', 'APPETIZER - ASSORTED BOX');

INSERT INTO PEDIDO (ID_CLIENTE, FECHA_PEDIDO, PRODUCTOS) VALUES (326381619, '04/09/2023', '"RUM - LIGHT, CAPTAIN MORGAN"');

INSERT INTO PEDIDO (ID_CLIENTE, FECHA_PEDIDO, PRODUCTOS) VALUES (7406833849, '12/11/2023', 'PASTA - AGNOLOTTI - BUTTERNUT');

INSERT INTO PEDIDO (ID_CLIENTE, FECHA_PEDIDO, PRODUCTOS) VALUES (3754042866, '10/05/2023', 'SAUSAGE - ANDOUILLE');

INSERT INTO PEDIDO (ID_CLIENTE, FECHA_PEDIDO, PRODUCTOS) VALUES (3466996805, '05/07/2023', '"BEEF - COOKED, CORNED"');

INSERT INTO PEDIDO (ID_CLIENTE, FECHA_PEDIDO, PRODUCTOS) VALUES (754345793, '23/05/2023', 'WINE - RIOJA CAMPO VIEJO');

INSERT INTO PEDIDO (ID_CLIENTE, FECHA_PEDIDO, PRODUCTOS) VALUES (4097003178, '25/08/2023', 'PORK - SHOULDER');

INSERT INTO PEDIDO (ID_CLIENTE, FECHA_PEDIDO, PRODUCTOS) VALUES (8527001683, '15/03/2023', '"JUICE - APPLE, 341 ML"');

INSERT INTO PEDIDO (ID_CLIENTE, FECHA_PEDIDO, PRODUCTOS) VALUES (3213985872, '05/04/2023', 'COCOA BUTTER');

INSERT INTO PEDIDO (ID_CLIENTE, FECHA_PEDIDO, PRODUCTOS) VALUES (6068548015, '15/02/2023', 'AROMAT SPICE / SEASONING');

INSERT INTO PEDIDO (ID_CLIENTE, FECHA_PEDIDO, PRODUCTOS) VALUES (4778511778, '09/05/2023', 'TRUFFLE CUPS - WHITE PAPER');

INSERT INTO PEDIDO (ID_CLIENTE, FECHA_PEDIDO, PRODUCTOS) VALUES (9712873587, '16/06/2023', 'TURKEY - OVEN ROAST BREAST');

INSERT INTO PEDIDO (ID_CLIENTE, FECHA_PEDIDO, PRODUCTOS) VALUES (3021476686, '24/01/2023', '"PASTA - LINGUINI, DRY"');

INSERT INTO PEDIDO (ID_CLIENTE, FECHA_PEDIDO, PRODUCTOS) VALUES (4591820688, '09/07/2023', 'NANTUCKET - CARROT ORANGE');

INSERT INTO PEDIDO (ID_CLIENTE, FECHA_PEDIDO, PRODUCTOS) VALUES (3285409967, '13/04/2023', '"BEEF - RIB ROAST, CAP ON"');

INSERT INTO PEDIDO (ID_CLIENTE, FECHA_PEDIDO, PRODUCTOS) VALUES (1130809951, '28/06/2023', 'BREAD - CRUSTY ITALIAN POLY');

INSERT INTO PEDIDO (ID_CLIENTE, FECHA_PEDIDO, PRODUCTOS) VALUES (4778511778, '07/12/2022', 'PEACH - HALVES');

INSERT INTO PEDIDO (ID_CLIENTE, FECHA_PEDIDO, PRODUCTOS) VALUES (2533961051, '11/09/2023', 'WINE - RIOJA CAMPO VIEJO');

INSERT INTO PEDIDO (ID_CLIENTE, FECHA_PEDIDO, PRODUCTOS) VALUES (7406833849, '15/12/2022', 'TOMATO PASTE');

INSERT INTO PEDIDO (ID_CLIENTE, FECHA_PEDIDO, PRODUCTOS) VALUES (3754042866, '25/07/2023', '"GARLIC - PRIMERBA, PASTE"');

INSERT INTO PEDIDO (ID_CLIENTE, FECHA_PEDIDO, PRODUCTOS) VALUES (3213985872, '27/06/2023', 'OIL - OLIVE');

INSERT INTO PEDIDO (ID_CLIENTE, FECHA_PEDIDO, PRODUCTOS) VALUES (4483039911, '20/01/2023', 'LAMB TENDERLOIN NZ FR');

INSERT INTO PEDIDO (ID_CLIENTE, FECHA_PEDIDO, PRODUCTOS) VALUES (6194384182, '27/10/2023', 'GALLIANO');

INSERT INTO PEDIDO (ID_CLIENTE, FECHA_PEDIDO, PRODUCTOS) VALUES (7599120068, '28/07/2023', '"SUGAR - SWEET N LOW, INDIVIDUAL"');

INSERT INTO PEDIDO (ID_CLIENTE, FECHA_PEDIDO, PRODUCTOS) VALUES (4092994613, '28/02/2023', 'SCALLOPS 60/80 IQF');

INSERT INTO PEDIDO (ID_CLIENTE, FECHA_PEDIDO, PRODUCTOS) VALUES (4092994613, '23/08/2023', '"APPLE - DELICIOUS, GOLDEN"');

INSERT INTO PEDIDO (ID_CLIENTE, FECHA_PEDIDO, PRODUCTOS) VALUES (2976500843, '20/05/2023', 'CHOCOLATE - WHITE');

INSERT INTO PEDIDO (ID_CLIENTE, FECHA_PEDIDO, PRODUCTOS) VALUES (8527001683, '18/05/2023', '"CRAB - CLAWS, 26 - 30"');

INSERT INTO PEDIDO (ID_CLIENTE, FECHA_PEDIDO, PRODUCTOS) VALUES (6055717344, '15/01/2023', 'CHEESE - CAMBOZOLA');

INSERT INTO PEDIDO (ID_CLIENTE, FECHA_PEDIDO, PRODUCTOS) VALUES (6194384182, '16/07/2023', 'CHEESE - FETA');

INSERT INTO PEDIDO (ID_CLIENTE, FECHA_PEDIDO, PRODUCTOS) VALUES (1115394541, '27/01/2023', 'CRANBERRY FOCCACIA');

INSERT INTO PEDIDO (ID_CLIENTE, FECHA_PEDIDO, PRODUCTOS) VALUES (6066299506, '07/11/2023', '"LENTILS - RED, DRY"');

INSERT INTO PEDIDO (ID_CLIENTE, FECHA_PEDIDO, PRODUCTOS) VALUES (3466996805, '05/10/2023', 'PIE SHELL - 9');

INSERT INTO PEDIDO (ID_CLIENTE, FECHA_PEDIDO, PRODUCTOS) VALUES (1226512348, '14/11/2023', 'KOHLRABI');

INSERT INTO PEDIDO (ID_CLIENTE, FECHA_PEDIDO, PRODUCTOS) VALUES (1115394541, '20/10/2023', 'SAUCE - SALSA');

INSERT INTO PEDIDO (ID_CLIENTE, FECHA_PEDIDO, PRODUCTOS) VALUES (5757337338, '24/08/2023', 'EXTERNAL SUPPLIER');

INSERT INTO PEDIDO (ID_CLIENTE, FECHA_PEDIDO, PRODUCTOS) VALUES (5291674423, '24/01/2023', 'DILL WEED - DRY');

INSERT INTO PEDIDO (ID_CLIENTE, FECHA_PEDIDO, PRODUCTOS) VALUES (306589850, '16/05/2023', '"SPRITE, DIET - 355ML"');

INSERT INTO PEDIDO (ID_CLIENTE, FECHA_PEDIDO, PRODUCTOS) VALUES (5583630094, '16/03/2023', 'PORK - SMOKED KASSLER');

INSERT INTO PEDIDO (ID_CLIENTE, FECHA_PEDIDO, PRODUCTOS) VALUES (4778511778, '11/04/2023', '"GIN - GILBEYS LONDON, DRY"');

INSERT INTO PEDIDO (ID_CLIENTE, FECHA_PEDIDO, PRODUCTOS) VALUES (6272636520, '17/07/2023', 'COFFEE SWISS CHOC ALMOND');

INSERT INTO PEDIDO (ID_CLIENTE, FECHA_PEDIDO, PRODUCTOS) VALUES (4422424734, '06/05/2023', 'CAKE - MINI POTATO PANCAKE');

INSERT INTO PEDIDO (ID_CLIENTE, FECHA_PEDIDO, PRODUCTOS) VALUES (4483039911, '16/05/2023', 'TARRAGON - FRESH');

INSERT INTO PEDIDO (ID_CLIENTE, FECHA_PEDIDO, PRODUCTOS) VALUES (6279075842, '26/06/2023', 'SOBE - LIZ BLIZZ');

INSERT INTO PEDIDO (ID_CLIENTE, FECHA_PEDIDO, PRODUCTOS) VALUES (2126516008, '09/08/2023', 'SAUCE - FISH 25 OZF BOTTLE');

INSERT INTO PEDIDO (ID_CLIENTE, FECHA_PEDIDO, PRODUCTOS) VALUES (6272636520, '01/11/2023', 'FORK - PLASTIC');

INSERT INTO PEDIDO (ID_CLIENTE, FECHA_PEDIDO, PRODUCTOS) VALUES (5965879679, '25/03/2023', 'TEA - BLACK CURRANT');

INSERT INTO PEDIDO (ID_CLIENTE, FECHA_PEDIDO, PRODUCTOS) VALUES (6498532114, '23/05/2023', '"LENTILS - GREEN, DRY"');

INSERT INTO PEDIDO (ID_CLIENTE, FECHA_PEDIDO, PRODUCTOS) VALUES (7133312840, '20/05/2023', 'CHOCOLATE - SEMI SWEET');

INSERT INTO PEDIDO (ID_CLIENTE, FECHA_PEDIDO, PRODUCTOS) VALUES (6279075842, '10/03/2023', '"ROSEMARY - PRIMERBA, PASTE"');

INSERT INTO PEDIDO (ID_CLIENTE, FECHA_PEDIDO, PRODUCTOS) VALUES (8037317978, '22/04/2023', '"WINE - RED, CABERNET SAUVIGNON"');

INSERT INTO PEDIDO (ID_CLIENTE, FECHA_PEDIDO, PRODUCTOS) VALUES (2673407235, '31/03/2023', 'MYERS PLANTERS PUNCH');

INSERT INTO PEDIDO (ID_CLIENTE, FECHA_PEDIDO, PRODUCTOS) VALUES (577354140, '10/07/2023', '"LAMB - RACKS, FRENCHED"');

INSERT INTO PEDIDO (ID_CLIENTE, FECHA_PEDIDO, PRODUCTOS) VALUES (1115394541, '28/06/2023', 'PORK - INSIDE');

INSERT INTO PEDIDO (ID_CLIENTE, FECHA_PEDIDO, PRODUCTOS) VALUES (7406833849, '15/09/2023', 'ZUCCHINI - GREEN');

INSERT INTO PEDIDO (ID_CLIENTE, FECHA_PEDIDO, PRODUCTOS) VALUES (1078045879, '02/12/2022', 'POTATOES - IDAHO 100 COUNT');

INSERT INTO PEDIDO (ID_CLIENTE, FECHA_PEDIDO, PRODUCTOS) VALUES (7194202913, '15/02/2023', 'BANDAGE - FEXIBLE 1X3');

INSERT INTO PEDIDO (ID_CLIENTE, FECHA_PEDIDO, PRODUCTOS) VALUES (2842217527, '26/03/2023', '"BEEF - TENDERLION, CENTER CUT"');

INSERT INTO PEDIDO (ID_CLIENTE, FECHA_PEDIDO, PRODUCTOS) VALUES (4566357155, '29/03/2023', 'GINGERALE - DIET - SCHWEPPES');

INSERT INTO PEDIDO (ID_CLIENTE, FECHA_PEDIDO, PRODUCTOS) VALUES (7012822570, '23/02/2023', 'COGNAC - COURVAISIER');

INSERT INTO PEDIDO (ID_CLIENTE, FECHA_PEDIDO, PRODUCTOS) VALUES (2741426279, '05/04/2023', 'ONIONS - PEARL');

INSERT INTO PEDIDO (ID_CLIENTE, FECHA_PEDIDO, PRODUCTOS) VALUES (3527893113, '19/12/2022', '"WINE - WHITE, EJ GALLO"');

INSERT INTO PEDIDO (ID_CLIENTE, FECHA_PEDIDO, PRODUCTOS) VALUES (6066299506, '19/01/2023', '"BEEF - OX TAIL, FROZEN"');

INSERT INTO PEDIDO (ID_CLIENTE, FECHA_PEDIDO, PRODUCTOS) VALUES (3213985872, '22/02/2023', 'VACUUM BAGS 12X16');

INSERT INTO PEDIDO (ID_CLIENTE, FECHA_PEDIDO, PRODUCTOS) VALUES (4565114739, '14/12/2022', 'WINE - SEMI DRY RIESLING VINELAND');

INSERT INTO PEDIDO (ID_CLIENTE, FECHA_PEDIDO, PRODUCTOS) VALUES (752100904, '14/07/2023', 'WINE - PENFOLDS KOONUGA HILL');

INSERT INTO PEDIDO (ID_CLIENTE, FECHA_PEDIDO, PRODUCTOS) VALUES (5262466427, '03/04/2023', 'BAGEL - SESAME SEED PRESLICED');

INSERT INTO PEDIDO (ID_CLIENTE, FECHA_PEDIDO, PRODUCTOS) VALUES (4591820688, '21/01/2023', 'ICE CREAM - VANILLA');

INSERT INTO PEDIDO (ID_CLIENTE, FECHA_PEDIDO, PRODUCTOS) VALUES (5506156200, '20/02/2023', 'ECOLAB SILVER FUSION');

INSERT INTO PEDIDO (ID_CLIENTE, FECHA_PEDIDO, PRODUCTOS) VALUES (3213985872, '05/10/2023', '"FISH - SOUP BASE, BOUILLON"');

INSERT INTO PEDIDO (ID_CLIENTE, FECHA_PEDIDO, PRODUCTOS) VALUES (3809845949, '01/05/2023', 'TRUFFLE PASTE');

INSERT INTO PEDIDO (ID_CLIENTE, FECHA_PEDIDO, PRODUCTOS) VALUES (1433737280, '27/12/2022', '"TORTILLAS - FLOUR, 12"');

INSERT INTO PEDIDO (ID_CLIENTE, FECHA_PEDIDO, PRODUCTOS) VALUES (9995407272, '14/10/2023', '"CHEESE - BOURSIN, GARLIC / HERBS"');

INSERT INTO PEDIDO (ID_CLIENTE, FECHA_PEDIDO, PRODUCTOS) VALUES (269098496, '26/03/2023', 'BEER - HEINEKIN');

INSERT INTO PEDIDO (ID_CLIENTE, FECHA_PEDIDO, PRODUCTOS) VALUES (6989461977, '18/12/2022', 'NANTUKET PEACH ORANGE');

INSERT INTO PEDIDO (ID_CLIENTE, FECHA_PEDIDO, PRODUCTOS) VALUES (3021476686, '19/12/2022', 'BUFFALO - STRIPLOIN');

INSERT INTO PEDIDO (ID_CLIENTE, FECHA_PEDIDO, PRODUCTOS) VALUES (4483039911, '01/02/2023', 'SPRITE - 355 ML');

INSERT INTO PEDIDO (ID_CLIENTE, FECHA_PEDIDO, PRODUCTOS) VALUES (577354140, '13/04/2023', 'OIL - OLIVE');

INSERT INTO PEDIDO (ID_CLIENTE, FECHA_PEDIDO, PRODUCTOS) VALUES (2842217527, '06/03/2023', '"MUSHROOM - SHITAKE, DRY"');

INSERT INTO DETALLE_PEDIDO (ID_DETALLE_PEDIDO, FECHA_PEDIDO, ID_CLIENTE, ID_PRODUCTO) VALUES (220, '17/09/2023', 7926836265, 963);

INSERT INTO DETALLE_PEDIDO (ID_DETALLE_PEDIDO, FECHA_PEDIDO, ID_CLIENTE, ID_PRODUCTO) VALUES (124, '29/03/2023', 1130809951, 476);

INSERT INTO DETALLE_PEDIDO (ID_DETALLE_PEDIDO, FECHA_PEDIDO, ID_CLIENTE, ID_PRODUCTO) VALUES (361, '29/03/2023', 5506156200, 896);

INSERT INTO DETALLE_PEDIDO (ID_DETALLE_PEDIDO, FECHA_PEDIDO, ID_CLIENTE, ID_PRODUCTO) VALUES (485, '01/09/2023', 385419457, 419);

INSERT INTO DETALLE_PEDIDO (ID_DETALLE_PEDIDO, FECHA_PEDIDO, ID_CLIENTE, ID_PRODUCTO) VALUES (356, '05/07/2023', 6055717344, 537);

INSERT INTO DETALLE_PEDIDO (ID_DETALLE_PEDIDO, FECHA_PEDIDO, ID_CLIENTE, ID_PRODUCTO) VALUES (433, '06/07/2023', 7012822570, 37);

INSERT INTO DETALLE_PEDIDO (ID_DETALLE_PEDIDO, FECHA_PEDIDO, ID_CLIENTE, ID_PRODUCTO) VALUES (473, '20/11/2022', 8365041677, 238);

INSERT INTO DETALLE_PEDIDO (ID_DETALLE_PEDIDO, FECHA_PEDIDO, ID_CLIENTE, ID_PRODUCTO) VALUES (419, '11/04/2023', 9269531600, 702);

INSERT INTO DETALLE_PEDIDO (ID_DETALLE_PEDIDO, FECHA_PEDIDO, ID_CLIENTE, ID_PRODUCTO) VALUES (74, '24/08/2023', 5954618186, 401);

INSERT INTO DETALLE_PEDIDO (ID_DETALLE_PEDIDO, FECHA_PEDIDO, ID_CLIENTE, ID_PRODUCTO) VALUES (50, '17/07/2023', 5043404205, 401);

INSERT INTO DETALLE_PEDIDO (ID_DETALLE_PEDIDO, FECHA_PEDIDO, ID_CLIENTE, ID_PRODUCTO) VALUES (324, '11/04/2023', 8856181134, 111);

INSERT INTO DETALLE_PEDIDO (ID_DETALLE_PEDIDO, FECHA_PEDIDO, ID_CLIENTE, ID_PRODUCTO) VALUES (435, '09/05/2023', 2976500843, 229);

INSERT INTO DETALLE_PEDIDO (ID_DETALLE_PEDIDO, FECHA_PEDIDO, ID_CLIENTE, ID_PRODUCTO) VALUES (343, '04/11/2023', 899304664, 817);

INSERT INTO DETALLE_PEDIDO (ID_DETALLE_PEDIDO, FECHA_PEDIDO, ID_CLIENTE, ID_PRODUCTO) VALUES (41, '23/05/2023', 7133312840, 150);

INSERT INTO DETALLE_PEDIDO (ID_DETALLE_PEDIDO, FECHA_PEDIDO, ID_CLIENTE, ID_PRODUCTO) VALUES (125, '25/08/2023', 5291674423, 537);

INSERT INTO DETALLE_PEDIDO (ID_DETALLE_PEDIDO, FECHA_PEDIDO, ID_CLIENTE, ID_PRODUCTO) VALUES (24, '16/05/2023', 9269531600, 955);

INSERT INTO DETALLE_PEDIDO (ID_DETALLE_PEDIDO, FECHA_PEDIDO, ID_CLIENTE, ID_PRODUCTO) VALUES (346, '01/11/2023', 3021476686, 682);

INSERT INTO DETALLE_PEDIDO (ID_DETALLE_PEDIDO, FECHA_PEDIDO, ID_CLIENTE, ID_PRODUCTO) VALUES (194, '27/10/2023', 6498532114, 689);

INSERT INTO DETALLE_PEDIDO (ID_DETALLE_PEDIDO, FECHA_PEDIDO, ID_CLIENTE, ID_PRODUCTO) VALUES (7, '29/03/2023', 8339492837, 423);

INSERT INTO DETALLE_PEDIDO (ID_DETALLE_PEDIDO, FECHA_PEDIDO, ID_CLIENTE, ID_PRODUCTO) VALUES (467, '22/04/2023', 9995407272, 511);

INSERT INTO DETALLE_PEDIDO (ID_DETALLE_PEDIDO, FECHA_PEDIDO, ID_CLIENTE, ID_PRODUCTO) VALUES (350, '03/11/2023', 2126516008, 851);

INSERT INTO DETALLE_PEDIDO (ID_DETALLE_PEDIDO, FECHA_PEDIDO, ID_CLIENTE, ID_PRODUCTO) VALUES (404, '06/07/2023', 1508671435, 111);

INSERT INTO DETALLE_PEDIDO (ID_DETALLE_PEDIDO, FECHA_PEDIDO, ID_CLIENTE, ID_PRODUCTO) VALUES (7, '28/02/2023', 9914869998, 986);

INSERT INTO DETALLE_PEDIDO (ID_DETALLE_PEDIDO, FECHA_PEDIDO, ID_CLIENTE, ID_PRODUCTO) VALUES (242, '22/04/2023', 9269531600, 586);

INSERT INTO DETALLE_PEDIDO (ID_DETALLE_PEDIDO, FECHA_PEDIDO, ID_CLIENTE, ID_PRODUCTO) VALUES (377, '16/05/2023', 902886576, 537);

INSERT INTO DETALLE_PEDIDO (ID_DETALLE_PEDIDO, FECHA_PEDIDO, ID_CLIENTE, ID_PRODUCTO) VALUES (484, '26/06/2023', 6055717344, 896);

INSERT INTO DETALLE_PEDIDO (ID_DETALLE_PEDIDO, FECHA_PEDIDO, ID_CLIENTE, ID_PRODUCTO) VALUES (340, '27/06/2023', 6121996838, 851);

INSERT INTO DETALLE_PEDIDO (ID_DETALLE_PEDIDO, FECHA_PEDIDO, ID_CLIENTE, ID_PRODUCTO) VALUES (348, '01/11/2023', 899304664, 80);

INSERT INTO DETALLE_PEDIDO (ID_DETALLE_PEDIDO, FECHA_PEDIDO, ID_CLIENTE, ID_PRODUCTO) VALUES (9, '15/12/2022', 9421265203, 719);

INSERT INTO DETALLE_PEDIDO (ID_DETALLE_PEDIDO, FECHA_PEDIDO, ID_CLIENTE, ID_PRODUCTO) VALUES (363, '27/01/2023', 7133312840, 916);

INSERT INTO DETALLE_PEDIDO (ID_DETALLE_PEDIDO, FECHA_PEDIDO, ID_CLIENTE, ID_PRODUCTO) VALUES (220, '17/07/2023', 5757337338, 986);

INSERT INTO DETALLE_PEDIDO (ID_DETALLE_PEDIDO, FECHA_PEDIDO, ID_CLIENTE, ID_PRODUCTO) VALUES (32, '14/07/2023', 4862133568, 896);

INSERT INTO DETALLE_PEDIDO (ID_DETALLE_PEDIDO, FECHA_PEDIDO, ID_CLIENTE, ID_PRODUCTO) VALUES (489, '27/10/2023', 2533961051, 419);

INSERT INTO DETALLE_PEDIDO (ID_DETALLE_PEDIDO, FECHA_PEDIDO, ID_CLIENTE, ID_PRODUCTO) VALUES (260, '20/05/2023', 9421265203, 702);

INSERT INTO DETALLE_PEDIDO (ID_DETALLE_PEDIDO, FECHA_PEDIDO, ID_CLIENTE, ID_PRODUCTO) VALUES (262, '25/07/2023', 2533961051, 576);

INSERT INTO DETALLE_PEDIDO (ID_DETALLE_PEDIDO, FECHA_PEDIDO, ID_CLIENTE, ID_PRODUCTO) VALUES (178, '07/12/2022', 3415409449, 721);

INSERT INTO DETALLE_PEDIDO (ID_DETALLE_PEDIDO, FECHA_PEDIDO, ID_CLIENTE, ID_PRODUCTO) VALUES (313, '02/12/2022', 5371617124, 830);

INSERT INTO DETALLE_PEDIDO (ID_DETALLE_PEDIDO, FECHA_PEDIDO, ID_CLIENTE, ID_PRODUCTO) VALUES (228, '29/03/2023', 6272636520, 644);

INSERT INTO DETALLE_PEDIDO (ID_DETALLE_PEDIDO, FECHA_PEDIDO, ID_CLIENTE, ID_PRODUCTO) VALUES (497, '29/03/2023', 3754042866, 299);

INSERT INTO DETALLE_PEDIDO (ID_DETALLE_PEDIDO, FECHA_PEDIDO, ID_CLIENTE, ID_PRODUCTO) VALUES (358, '20/05/2023', 1130809951, 226);

INSERT INTO DETALLE_PEDIDO (ID_DETALLE_PEDIDO, FECHA_PEDIDO, ID_CLIENTE, ID_PRODUCTO) VALUES (151, '15/11/2022', 8332542596, 537);

INSERT INTO DETALLE_PEDIDO (ID_DETALLE_PEDIDO, FECHA_PEDIDO, ID_CLIENTE, ID_PRODUCTO) VALUES (338, '14/11/2023', 3527893113, 401);

INSERT INTO DETALLE_PEDIDO (ID_DETALLE_PEDIDO, FECHA_PEDIDO, ID_CLIENTE, ID_PRODUCTO) VALUES (429, '15/11/2022', 5757337338, 673);

INSERT INTO DETALLE_PEDIDO (ID_DETALLE_PEDIDO, FECHA_PEDIDO, ID_CLIENTE, ID_PRODUCTO) VALUES (465, '06/05/2023', 6121996838, 941);

INSERT INTO DETALLE_PEDIDO (ID_DETALLE_PEDIDO, FECHA_PEDIDO, ID_CLIENTE, ID_PRODUCTO) VALUES (15, '04/05/2023', 7926836265, 918);

INSERT INTO DETALLE_PEDIDO (ID_DETALLE_PEDIDO, FECHA_PEDIDO, ID_CLIENTE, ID_PRODUCTO) VALUES (283, '23/05/2023', 1660804817, 339);

INSERT INTO DETALLE_PEDIDO (ID_DETALLE_PEDIDO, FECHA_PEDIDO, ID_CLIENTE, ID_PRODUCTO) VALUES (65, '24/08/2023', 6272636520, 433);

INSERT INTO DETALLE_PEDIDO (ID_DETALLE_PEDIDO, FECHA_PEDIDO, ID_CLIENTE, ID_PRODUCTO) VALUES (123, '01/02/2023', 7133312840, 80);

INSERT INTO DETALLE_PEDIDO (ID_DETALLE_PEDIDO, FECHA_PEDIDO, ID_CLIENTE, ID_PRODUCTO) VALUES (132, '05/04/2023', 2533961051, 418);

INSERT INTO DETALLE_PEDIDO (ID_DETALLE_PEDIDO, FECHA_PEDIDO, ID_CLIENTE, ID_PRODUCTO) VALUES (141, '13/04/2023', 4862133568, 150);

INSERT INTO DETALLE_PEDIDO (ID_DETALLE_PEDIDO, FECHA_PEDIDO, ID_CLIENTE, ID_PRODUCTO) VALUES (476, '04/05/2023', 9421265203, 941);

INSERT INTO DETALLE_PEDIDO (ID_DETALLE_PEDIDO, FECHA_PEDIDO, ID_CLIENTE, ID_PRODUCTO) VALUES (108, '20/10/2023', 902886576, 234);

INSERT INTO DETALLE_PEDIDO (ID_DETALLE_PEDIDO, FECHA_PEDIDO, ID_CLIENTE, ID_PRODUCTO) VALUES (136, '27/10/2023', 4566357155, 741);

INSERT INTO DETALLE_PEDIDO (ID_DETALLE_PEDIDO, FECHA_PEDIDO, ID_CLIENTE, ID_PRODUCTO) VALUES (231, '20/01/2023', 752100904, 337);

INSERT INTO DETALLE_PEDIDO (ID_DETALLE_PEDIDO, FECHA_PEDIDO, ID_CLIENTE, ID_PRODUCTO) VALUES (63, '01/12/2022', 306589850, 401);

INSERT INTO DETALLE_PEDIDO (ID_DETALLE_PEDIDO, FECHA_PEDIDO, ID_CLIENTE, ID_PRODUCTO) VALUES (79, '06/05/2023', 5965879679, 137);

INSERT INTO DETALLE_PEDIDO (ID_DETALLE_PEDIDO, FECHA_PEDIDO, ID_CLIENTE, ID_PRODUCTO) VALUES (86, '04/09/2023', 6989461977, 851);

INSERT INTO DETALLE_PEDIDO (ID_DETALLE_PEDIDO, FECHA_PEDIDO, ID_CLIENTE, ID_PRODUCTO) VALUES (58, '18/12/2022', 1660804817, 927);

INSERT INTO DETALLE_PEDIDO (ID_DETALLE_PEDIDO, FECHA_PEDIDO, ID_CLIENTE, ID_PRODUCTO) VALUES (150, '20/03/2023', 9269531600, 128);

INSERT INTO DETALLE_PEDIDO (ID_DETALLE_PEDIDO, FECHA_PEDIDO, ID_CLIENTE, ID_PRODUCTO) VALUES (303, '15/03/2023', 5965879679, 791);

INSERT INTO DETALLE_PEDIDO (ID_DETALLE_PEDIDO, FECHA_PEDIDO, ID_CLIENTE, ID_PRODUCTO) VALUES (65, '25/03/2023', 4591820688, 111);

INSERT INTO DETALLE_PEDIDO (ID_DETALLE_PEDIDO, FECHA_PEDIDO, ID_CLIENTE, ID_PRODUCTO) VALUES (383, '09/05/2023', 2126516008, 150);

INSERT INTO DETALLE_PEDIDO (ID_DETALLE_PEDIDO, FECHA_PEDIDO, ID_CLIENTE, ID_PRODUCTO) VALUES (218, '01/11/2023', 1107631696, 537);

INSERT INTO DETALLE_PEDIDO (ID_DETALLE_PEDIDO, FECHA_PEDIDO, ID_CLIENTE, ID_PRODUCTO) VALUES (78, '25/03/2023', 5954618186, 337);

INSERT INTO DETALLE_PEDIDO (ID_DETALLE_PEDIDO, FECHA_PEDIDO, ID_CLIENTE, ID_PRODUCTO) VALUES (354, '20/10/2023', 6989461977, 476);

INSERT INTO DETALLE_PEDIDO (ID_DETALLE_PEDIDO, FECHA_PEDIDO, ID_CLIENTE, ID_PRODUCTO) VALUES (397, '10/03/2023', 8365041677, 663);

INSERT INTO DETALLE_PEDIDO (ID_DETALLE_PEDIDO, FECHA_PEDIDO, ID_CLIENTE, ID_PRODUCTO) VALUES (32, '23/08/2023', 2673407235, 111);

INSERT INTO DETALLE_PEDIDO (ID_DETALLE_PEDIDO, FECHA_PEDIDO, ID_CLIENTE, ID_PRODUCTO) VALUES (39, '11/04/2023', 4097003178, 918);

INSERT INTO DETALLE_PEDIDO (ID_DETALLE_PEDIDO, FECHA_PEDIDO, ID_CLIENTE, ID_PRODUCTO) VALUES (292, '11/04/2023', 3285409967, 955);

INSERT INTO DETALLE_PEDIDO (ID_DETALLE_PEDIDO, FECHA_PEDIDO, ID_CLIENTE, ID_PRODUCTO) VALUES (271, '20/02/2023', 1226512348, 551);

INSERT INTO DETALLE_PEDIDO (ID_DETALLE_PEDIDO, FECHA_PEDIDO, ID_CLIENTE, ID_PRODUCTO) VALUES (133, '23/05/2023', 8037317978, 308);

INSERT INTO DETALLE_PEDIDO (ID_DETALLE_PEDIDO, FECHA_PEDIDO, ID_CLIENTE, ID_PRODUCTO) VALUES (220, '24/01/2023', 1078045879, 261);

INSERT INTO DETALLE_PEDIDO (ID_DETALLE_PEDIDO, FECHA_PEDIDO, ID_CLIENTE, ID_PRODUCTO) VALUES (378, '28/07/2023', 697424545, 18);

INSERT INTO DETALLE_PEDIDO (ID_DETALLE_PEDIDO, FECHA_PEDIDO, ID_CLIENTE, ID_PRODUCTO) VALUES (346, '24/12/2022', 1078045879, 476);

INSERT INTO DETALLE_PEDIDO (ID_DETALLE_PEDIDO, FECHA_PEDIDO, ID_CLIENTE, ID_PRODUCTO) VALUES (228, '01/02/2023', 7133312840, 159);

INSERT INTO DETALLE_PEDIDO (ID_DETALLE_PEDIDO, FECHA_PEDIDO, ID_CLIENTE, ID_PRODUCTO) VALUES (407, '14/12/2022', 9914869998, 99);

INSERT INTO DETALLE_PEDIDO (ID_DETALLE_PEDIDO, FECHA_PEDIDO, ID_CLIENTE, ID_PRODUCTO) VALUES (87, '24/08/2023', 8332542596, 927);

INSERT INTO DETALLE_PEDIDO (ID_DETALLE_PEDIDO, FECHA_PEDIDO, ID_CLIENTE, ID_PRODUCTO) VALUES (338, '15/03/2023', 3754042866, 37);

INSERT INTO DETALLE_PEDIDO (ID_DETALLE_PEDIDO, FECHA_PEDIDO, ID_CLIENTE, ID_PRODUCTO) VALUES (393, '17/09/2023', 1508671435, 511);

INSERT INTO DETALLE_PEDIDO (ID_DETALLE_PEDIDO, FECHA_PEDIDO, ID_CLIENTE, ID_PRODUCTO) VALUES (298, '20/03/2023', 3527893113, 850);

INSERT INTO DETALLE_PEDIDO (ID_DETALLE_PEDIDO, FECHA_PEDIDO, ID_CLIENTE, ID_PRODUCTO) VALUES (210, '09/07/2023', 6279075842, 400);

INSERT INTO DETALLE_PEDIDO (ID_DETALLE_PEDIDO, FECHA_PEDIDO, ID_CLIENTE, ID_PRODUCTO) VALUES (488, '14/07/2023', 4862133568, 309);

INSERT INTO DETALLE_PEDIDO (ID_DETALLE_PEDIDO, FECHA_PEDIDO, ID_CLIENTE, ID_PRODUCTO) VALUES (154, '07/12/2022', 6515460694, 37);

INSERT INTO DETALLE_PEDIDO (ID_DETALLE_PEDIDO, FECHA_PEDIDO, ID_CLIENTE, ID_PRODUCTO) VALUES (312, '01/02/2023', 7406833849, 433);

INSERT INTO DETALLE_PEDIDO (ID_DETALLE_PEDIDO, FECHA_PEDIDO, ID_CLIENTE, ID_PRODUCTO) VALUES (391, '11/04/2023', 3415409449, 92);

INSERT INTO DETALLE_PEDIDO (ID_DETALLE_PEDIDO, FECHA_PEDIDO, ID_CLIENTE, ID_PRODUCTO) VALUES (346, '14/12/2022', 5043404205, 703);

INSERT INTO DETALLE_PEDIDO (ID_DETALLE_PEDIDO, FECHA_PEDIDO, ID_CLIENTE, ID_PRODUCTO) VALUES (309, '17/07/2023', 9914869998, 164);

INSERT INTO DETALLE_PEDIDO (ID_DETALLE_PEDIDO, FECHA_PEDIDO, ID_CLIENTE, ID_PRODUCTO) VALUES (244, '20/10/2023', 2275371508, 689);

INSERT INTO DETALLE_PEDIDO (ID_DETALLE_PEDIDO, FECHA_PEDIDO, ID_CLIENTE, ID_PRODUCTO) VALUES (379, '24/01/2023', 5043404205, 830);

INSERT INTO DETALLE_PEDIDO (ID_DETALLE_PEDIDO, FECHA_PEDIDO, ID_CLIENTE, ID_PRODUCTO) VALUES (318, '12/12/2022', 7406833849, 663);

INSERT INTO DETALLE_PEDIDO (ID_DETALLE_PEDIDO, FECHA_PEDIDO, ID_CLIENTE, ID_PRODUCTO) VALUES (54, '15/11/2022', 5757337338, 19);

INSERT INTO DETALLE_PEDIDO (ID_DETALLE_PEDIDO, FECHA_PEDIDO, ID_CLIENTE, ID_PRODUCTO) VALUES (69, '26/06/2023', 9421265203, 74);

INSERT INTO DETALLE_PEDIDO (ID_DETALLE_PEDIDO, FECHA_PEDIDO, ID_CLIENTE, ID_PRODUCTO) VALUES (142, '22/04/2023', 1508671435, 986);

INSERT INTO DETALLE_PEDIDO (ID_DETALLE_PEDIDO, FECHA_PEDIDO, ID_CLIENTE, ID_PRODUCTO) VALUES (272, '05/10/2023', 4591820688, 547);

INSERT INTO DETALLE_PEDIDO (ID_DETALLE_PEDIDO, FECHA_PEDIDO, ID_CLIENTE, ID_PRODUCTO) VALUES (64, '01/01/2023', 8348666753, 418);

INSERT INTO DETALLE_PEDIDO (ID_DETALLE_PEDIDO, FECHA_PEDIDO, ID_CLIENTE, ID_PRODUCTO) VALUES (104, '27/10/2023', 3285409967, 337);

INSERT INTO DETALLE_PEDIDO (ID_DETALLE_PEDIDO, FECHA_PEDIDO, ID_CLIENTE, ID_PRODUCTO) VALUES (10, '06/07/2023', 8701540645, 271);

INSERT INTO DETALLE_PEDIDO (ID_DETALLE_PEDIDO, FECHA_PEDIDO, ID_CLIENTE, ID_PRODUCTO) VALUES (197, '14/10/2023', 5965879679, 411);

INSERT INTO DETALLE_PEDIDO (ID_DETALLE_PEDIDO, FECHA_PEDIDO, ID_CLIENTE, ID_PRODUCTO) VALUES (467, '11/09/2023', 3510573234, 339);

INSERT INTO DETALLE_PEDIDO (ID_DETALLE_PEDIDO, FECHA_PEDIDO, ID_CLIENTE, ID_PRODUCTO) VALUES (473, '20/04/2023', 754345793, 850);

INSERT INTO CATEGORIA (ID_CATEGORIA, FECHA_PEDIDO, NOMBRE) VALUES (3, '26/03/2023', 'TECNOLOGIA');

INSERT INTO CATEGORIA (ID_CATEGORIA, FECHA_PEDIDO, NOMBRE) VALUES (6, '15/02/2023', 'HOGAR');

INSERT INTO CATEGORIA (ID_CATEGORIA, FECHA_PEDIDO, NOMBRE) VALUES (10, '20/04/2023', 'ASEO');

INSERT INTO CATEGORIA (ID_CATEGORIA, FECHA_PEDIDO, NOMBRE) VALUES (10, '02/12/2022', 'FRUTAS');

INSERT INTO CATEGORIA (ID_CATEGORIA, FECHA_PEDIDO, NOMBRE) VALUES (1, '27/10/2023', 'VERDURAS');

INSERT INTO CATEGORIA (ID_CATEGORIA, FECHA_PEDIDO, NOMBRE) VALUES (9, '19/04/2023', 'CARNES');

INSERT INTO CATEGORIA (ID_CATEGORIA, FECHA_PEDIDO, NOMBRE) VALUES (3, '26/03/2023', 'LACTEOS');

INSERT INTO CATEGORIA (ID_CATEGORIA, FECHA_PEDIDO, NOMBRE) VALUES (2, '14/07/2023', 'FERRETERIA');

INSERT INTO CATEGORIA (ID_CATEGORIA, FECHA_PEDIDO, NOMBRE) VALUES (5, '15/09/2023', 'AUTOS');

INSERT INTO CATEGORIA (ID_CATEGORIA, FECHA_PEDIDO, NOMBRE) VALUES (10, '14/07/2023', 'MASCOTAS');

INSERT INTO CATEGORIA (ID_CATEGORIA, FECHA_PEDIDO, NOMBRE) VALUES (6, '15/11/2022', 'ELECTRODOMESTICOS');

INSERT INTO CATEGORIA (ID_CATEGORIA, FECHA_PEDIDO, NOMBRE) VALUES (10, '01/12/2022', 'GRANOS');

INSERT INTO CATEGORIA (ID_CATEGORIA, FECHA_PEDIDO, NOMBRE) VALUES (0, '01/01/2023', 'TECNOLOGIA');

INSERT INTO CATEGORIA (ID_CATEGORIA, FECHA_PEDIDO, NOMBRE) VALUES (10, '25/03/2023', 'HOGAR');

INSERT INTO CATEGORIA (ID_CATEGORIA, FECHA_PEDIDO, NOMBRE) VALUES (8, '24/08/2023', 'ASEO');

INSERT INTO CATEGORIA (ID_CATEGORIA, FECHA_PEDIDO, NOMBRE) VALUES (1, '24/01/2023', 'FRUTAS');

INSERT INTO CATEGORIA (ID_CATEGORIA, FECHA_PEDIDO, NOMBRE) VALUES (10, '27/10/2023', 'VERDURAS');

INSERT INTO CATEGORIA (ID_CATEGORIA, FECHA_PEDIDO, NOMBRE) VALUES (8, '16/05/2023', 'CARNES');

INSERT INTO CATEGORIA (ID_CATEGORIA, FECHA_PEDIDO, NOMBRE) VALUES (3, '15/03/2023', 'LACTEOS');

INSERT INTO CATEGORIA (ID_CATEGORIA, FECHA_PEDIDO, NOMBRE) VALUES (2, '05/04/2023', 'FERRETERIA');

INSERT INTO CATEGORIA (ID_CATEGORIA, FECHA_PEDIDO, NOMBRE) VALUES (9, '05/04/2023', 'AUTOS');

INSERT INTO CATEGORIA (ID_CATEGORIA, FECHA_PEDIDO, NOMBRE) VALUES (10, '06/07/2023', 'MASCOTAS');

INSERT INTO CATEGORIA (ID_CATEGORIA, FECHA_PEDIDO, NOMBRE) VALUES (0, '15/02/2023', 'ELECTRODOMESTICOS');

INSERT INTO CATEGORIA (ID_CATEGORIA, FECHA_PEDIDO, NOMBRE) VALUES (6, '27/06/2023', 'GRANOS');

INSERT INTO CATEGORIA (ID_CATEGORIA, FECHA_PEDIDO, NOMBRE) VALUES (0, '19/12/2022', 'TECNOLOGIA');

INSERT INTO CATEGORIA (ID_CATEGORIA, FECHA_PEDIDO, NOMBRE) VALUES (2, '13/04/2023', 'HOGAR');

INSERT INTO CATEGORIA (ID_CATEGORIA, FECHA_PEDIDO, NOMBRE) VALUES (0, '05/10/2023', 'ASEO');

INSERT INTO CATEGORIA (ID_CATEGORIA, FECHA_PEDIDO, NOMBRE) VALUES (1, '20/02/2023', 'FRUTAS');

INSERT INTO CATEGORIA (ID_CATEGORIA, FECHA_PEDIDO, NOMBRE) VALUES (7, '15/02/2023', 'VERDURAS');

INSERT INTO CATEGORIA (ID_CATEGORIA, FECHA_PEDIDO, NOMBRE) VALUES (7, '26/06/2023', 'CARNES');

INSERT INTO CATEGORIA (ID_CATEGORIA, FECHA_PEDIDO, NOMBRE) VALUES (1, '25/07/2023', 'LACTEOS');

INSERT INTO CATEGORIA (ID_CATEGORIA, FECHA_PEDIDO, NOMBRE) VALUES (10, '01/05/2023', 'FERRETERIA');

INSERT INTO CATEGORIA (ID_CATEGORIA, FECHA_PEDIDO, NOMBRE) VALUES (6, '19/01/2023', 'AUTOS');

INSERT INTO CATEGORIA (ID_CATEGORIA, FECHA_PEDIDO, NOMBRE) VALUES (10, '28/07/2023', 'MASCOTAS');

INSERT INTO CATEGORIA (ID_CATEGORIA, FECHA_PEDIDO, NOMBRE) VALUES (8, '09/05/2023', 'ELECTRODOMESTICOS');

INSERT INTO CATEGORIA (ID_CATEGORIA, FECHA_PEDIDO, NOMBRE) VALUES (7, '24/08/2023', 'GRANOS');

INSERT INTO CATEGORIA (ID_CATEGORIA, FECHA_PEDIDO, NOMBRE) VALUES (3, '20/10/2023', 'TECNOLOGIA');

INSERT INTO CATEGORIA (ID_CATEGORIA, FECHA_PEDIDO, NOMBRE) VALUES (1, '14/11/2023', 'HOGAR');

INSERT INTO CATEGORIA (ID_CATEGORIA, FECHA_PEDIDO, NOMBRE) VALUES (3, '15/02/2023', 'ASEO');

INSERT INTO CATEGORIA (ID_CATEGORIA, FECHA_PEDIDO, NOMBRE) VALUES (2, '01/11/2023', 'FRUTAS');

INSERT INTO CATEGORIA (ID_CATEGORIA, FECHA_PEDIDO, NOMBRE) VALUES (9, '17/09/2023', 'VERDURAS');

INSERT INTO CATEGORIA (ID_CATEGORIA, FECHA_PEDIDO, NOMBRE) VALUES (10, '27/01/2023', 'CARNES');

INSERT INTO CATEGORIA (ID_CATEGORIA, FECHA_PEDIDO, NOMBRE) VALUES (7, '26/03/2023', 'LACTEOS');

INSERT INTO CATEGORIA (ID_CATEGORIA, FECHA_PEDIDO, NOMBRE) VALUES (1, '09/07/2023', 'FERRETERIA');

INSERT INTO CATEGORIA (ID_CATEGORIA, FECHA_PEDIDO, NOMBRE) VALUES (7, '28/06/2023', 'AUTOS');

INSERT INTO CATEGORIA (ID_CATEGORIA, FECHA_PEDIDO, NOMBRE) VALUES (9, '05/10/2023', 'MASCOTAS');

INSERT INTO CATEGORIA (ID_CATEGORIA, FECHA_PEDIDO, NOMBRE) VALUES (0, '26/06/2023', 'ELECTRODOMESTICOS');

INSERT INTO CATEGORIA (ID_CATEGORIA, FECHA_PEDIDO, NOMBRE) VALUES (0, '10/05/2023', 'GRANOS');

INSERT INTO CATEGORIA (ID_CATEGORIA, FECHA_PEDIDO, NOMBRE) VALUES (7, '25/07/2023', 'TECNOLOGIA');

INSERT INTO CATEGORIA (ID_CATEGORIA, FECHA_PEDIDO, NOMBRE) VALUES (6, '01/01/2023', 'HOGAR');

INSERT INTO CATEGORIA (ID_CATEGORIA, FECHA_PEDIDO, NOMBRE) VALUES (4, '12/11/2023', 'ASEO');

INSERT INTO CATEGORIA (ID_CATEGORIA, FECHA_PEDIDO, NOMBRE) VALUES (10, '28/06/2023', 'FRUTAS');

INSERT INTO CATEGORIA (ID_CATEGORIA, FECHA_PEDIDO, NOMBRE) VALUES (4, '14/12/2022', 'VERDURAS');

INSERT INTO CATEGORIA (ID_CATEGORIA, FECHA_PEDIDO, NOMBRE) VALUES (8, '23/05/2023', 'CARNES');

INSERT INTO CATEGORIA (ID_CATEGORIA, FECHA_PEDIDO, NOMBRE) VALUES (0, '26/06/2023', 'LACTEOS');

INSERT INTO CATEGORIA (ID_CATEGORIA, FECHA_PEDIDO, NOMBRE) VALUES (0, '13/04/2023', 'FERRETERIA');

INSERT INTO CATEGORIA (ID_CATEGORIA, FECHA_PEDIDO, NOMBRE) VALUES (7, '20/03/2023', 'AUTOS');

INSERT INTO CATEGORIA (ID_CATEGORIA, FECHA_PEDIDO, NOMBRE) VALUES (0, '05/07/2023', 'MASCOTAS');

INSERT INTO CATEGORIA (ID_CATEGORIA, FECHA_PEDIDO, NOMBRE) VALUES (8, '19/04/2023', 'ELECTRODOMESTICOS');

INSERT INTO CATEGORIA (ID_CATEGORIA, FECHA_PEDIDO, NOMBRE) VALUES (4, '12/12/2022', 'GRANOS');

INSERT INTO CATEGORIA (ID_CATEGORIA, FECHA_PEDIDO, NOMBRE) VALUES (0, '28/05/2023', 'TECNOLOGIA');

INSERT INTO CATEGORIA (ID_CATEGORIA, FECHA_PEDIDO, NOMBRE) VALUES (0, '12/09/2023', 'HOGAR');

INSERT INTO CATEGORIA (ID_CATEGORIA, FECHA_PEDIDO, NOMBRE) VALUES (0, '14/07/2023', 'ASEO');

INSERT INTO CATEGORIA (ID_CATEGORIA, FECHA_PEDIDO, NOMBRE) VALUES (4, '09/08/2023', 'FRUTAS');

INSERT INTO CATEGORIA (ID_CATEGORIA, FECHA_PEDIDO, NOMBRE) VALUES (0, '24/01/2023', 'VERDURAS');

INSERT INTO CATEGORIA (ID_CATEGORIA, FECHA_PEDIDO, NOMBRE) VALUES (0, '25/03/2023', 'CARNES');

INSERT INTO CATEGORIA (ID_CATEGORIA, FECHA_PEDIDO, NOMBRE) VALUES (10, '29/03/2023', 'LACTEOS');

INSERT INTO CATEGORIA (ID_CATEGORIA, FECHA_PEDIDO, NOMBRE) VALUES (3, '22/04/2023', 'FERRETERIA');

INSERT INTO CATEGORIA (ID_CATEGORIA, FECHA_PEDIDO, NOMBRE) VALUES (7, '19/04/2023', 'AUTOS');

INSERT INTO CATEGORIA (ID_CATEGORIA, FECHA_PEDIDO, NOMBRE) VALUES (3, '27/09/2023', 'MASCOTAS');

INSERT INTO CATEGORIA (ID_CATEGORIA, FECHA_PEDIDO, NOMBRE) VALUES (0, '29/03/2023', 'ELECTRODOMESTICOS');

INSERT INTO CATEGORIA (ID_CATEGORIA, FECHA_PEDIDO, NOMBRE) VALUES (2, '28/05/2023', 'GRANOS');

INSERT INTO CATEGORIA (ID_CATEGORIA, FECHA_PEDIDO, NOMBRE) VALUES (8, '14/12/2022', 'TECNOLOGIA');

INSERT INTO CATEGORIA (ID_CATEGORIA, FECHA_PEDIDO, NOMBRE) VALUES (3, '05/10/2023', 'HOGAR');

INSERT INTO CATEGORIA (ID_CATEGORIA, FECHA_PEDIDO, NOMBRE) VALUES (5, '25/07/2023', 'ASEO');

INSERT INTO CATEGORIA (ID_CATEGORIA, FECHA_PEDIDO, NOMBRE) VALUES (7, '23/02/2023', 'FRUTAS');

INSERT INTO CATEGORIA (ID_CATEGORIA, FECHA_PEDIDO, NOMBRE) VALUES (2, '13/04/2023', 'VERDURAS');

INSERT INTO CATEGORIA (ID_CATEGORIA, FECHA_PEDIDO, NOMBRE) VALUES (10, '20/01/2023', 'CARNES');

INSERT INTO CATEGORIA (ID_CATEGORIA, FECHA_PEDIDO, NOMBRE) VALUES (2, '04/09/2023', 'LACTEOS');

INSERT INTO CATEGORIA (ID_CATEGORIA, FECHA_PEDIDO, NOMBRE) VALUES (5, '27/01/2023', 'FERRETERIA');

INSERT INTO CATEGORIA (ID_CATEGORIA, FECHA_PEDIDO, NOMBRE) VALUES (6, '16/07/2023', 'AUTOS');

INSERT INTO CATEGORIA (ID_CATEGORIA, FECHA_PEDIDO, NOMBRE) VALUES (6, '28/07/2023', 'MASCOTAS');

INSERT INTO CATEGORIA (ID_CATEGORIA, FECHA_PEDIDO, NOMBRE) VALUES (3, '24/01/2023', 'ELECTRODOMESTICOS');

INSERT INTO CATEGORIA (ID_CATEGORIA, FECHA_PEDIDO, NOMBRE) VALUES (6, '15/09/2023', 'GRANOS');

INSERT INTO CATEGORIA (ID_CATEGORIA, FECHA_PEDIDO, NOMBRE) VALUES (9, '24/01/2023', 'TECNOLOGIA');

INSERT INTO CATEGORIA (ID_CATEGORIA, FECHA_PEDIDO, NOMBRE) VALUES (5, '16/05/2023', 'HOGAR');

INSERT INTO CATEGORIA (ID_CATEGORIA, FECHA_PEDIDO, NOMBRE) VALUES (7, '26/03/2023', 'ASEO');

INSERT INTO CATEGORIA (ID_CATEGORIA, FECHA_PEDIDO, NOMBRE) VALUES (7, '04/05/2023', 'FRUTAS');

INSERT INTO CATEGORIA (ID_CATEGORIA, FECHA_PEDIDO, NOMBRE) VALUES (2, '17/07/2023', 'VERDURAS');

INSERT INTO CATEGORIA (ID_CATEGORIA, FECHA_PEDIDO, NOMBRE) VALUES (4, '26/06/2023', 'CARNES');

INSERT INTO CATEGORIA (ID_CATEGORIA, FECHA_PEDIDO, NOMBRE) VALUES (4, '15/02/2023', 'LACTEOS');

INSERT INTO CATEGORIA (ID_CATEGORIA, FECHA_PEDIDO, NOMBRE) VALUES (2, '01/11/2023', 'FERRETERIA');

INSERT INTO CATEGORIA (ID_CATEGORIA, FECHA_PEDIDO, NOMBRE) VALUES (7, '29/01/2023', 'AUTOS');

INSERT INTO CATEGORIA (ID_CATEGORIA, FECHA_PEDIDO, NOMBRE) VALUES (3, '01/01/2023', 'MASCOTAS');

INSERT INTO CATEGORIA (ID_CATEGORIA, FECHA_PEDIDO, NOMBRE) VALUES (0, '15/09/2023', 'ELECTRODOMESTICOS');

INSERT INTO CATEGORIA (ID_CATEGORIA, FECHA_PEDIDO, NOMBRE) VALUES (8, '19/01/2023', 'GRANOS');

INSERT INTO CATEGORIA (ID_CATEGORIA, FECHA_PEDIDO, NOMBRE) VALUES (9, '22/02/2023', 'TECNOLOGIA');

INSERT INTO CATEGORIA (ID_CATEGORIA, FECHA_PEDIDO, NOMBRE) VALUES (7, '03/04/2023', 'HOGAR');

INSERT INTO CATEGORIA (ID_CATEGORIA, FECHA_PEDIDO, NOMBRE) VALUES (10, '18/05/2023', 'ASEO');

INSERT INTO CATEGORIA (ID_CATEGORIA, FECHA_PEDIDO, NOMBRE) VALUES (6, '05/04/2023', 'FRUTAS');

INSERT INTO ESTADO_PEDIDO (ID_ESTADO_PEDIDO, FECHA_PEDIDO) VALUES (32, '12/09/2023');

INSERT INTO ESTADO_PEDIDO (ID_ESTADO_PEDIDO, FECHA_PEDIDO) VALUES (46, '19/04/2023');

INSERT INTO ESTADO_PEDIDO (ID_ESTADO_PEDIDO, FECHA_PEDIDO) VALUES (6, '15/02/2023');

INSERT INTO ESTADO_PEDIDO (ID_ESTADO_PEDIDO, FECHA_PEDIDO) VALUES (39, '01/05/2023');

INSERT INTO ESTADO_PEDIDO (ID_ESTADO_PEDIDO, FECHA_PEDIDO) VALUES (33, '27/12/2022');

INSERT INTO ESTADO_PEDIDO (ID_ESTADO_PEDIDO, FECHA_PEDIDO) VALUES (22, '20/02/2023');

INSERT INTO ESTADO_PEDIDO (ID_ESTADO_PEDIDO, FECHA_PEDIDO) VALUES (16, '07/12/2022');

INSERT INTO ESTADO_PEDIDO (ID_ESTADO_PEDIDO, FECHA_PEDIDO) VALUES (45, '24/08/2023');

INSERT INTO ESTADO_PEDIDO (ID_ESTADO_PEDIDO, FECHA_PEDIDO) VALUES (41, '20/11/2022');

INSERT INTO ESTADO_PEDIDO (ID_ESTADO_PEDIDO, FECHA_PEDIDO) VALUES (99, '10/07/2023');

INSERT INTO ESTADO_PEDIDO (ID_ESTADO_PEDIDO, FECHA_PEDIDO) VALUES (2, '09/08/2023');

INSERT INTO ESTADO_PEDIDO (ID_ESTADO_PEDIDO, FECHA_PEDIDO) VALUES (58, '09/05/2023');

INSERT INTO ESTADO_PEDIDO (ID_ESTADO_PEDIDO, FECHA_PEDIDO) VALUES (4, '27/12/2022');

INSERT INTO ESTADO_PEDIDO (ID_ESTADO_PEDIDO, FECHA_PEDIDO) VALUES (43, '26/03/2023');

INSERT INTO ESTADO_PEDIDO (ID_ESTADO_PEDIDO, FECHA_PEDIDO) VALUES (7, '04/09/2023');

INSERT INTO ESTADO_PEDIDO (ID_ESTADO_PEDIDO, FECHA_PEDIDO) VALUES (69, '03/11/2023');

INSERT INTO ESTADO_PEDIDO (ID_ESTADO_PEDIDO, FECHA_PEDIDO) VALUES (29, '05/04/2023');

INSERT INTO ESTADO_PEDIDO (ID_ESTADO_PEDIDO, FECHA_PEDIDO) VALUES (26, '11/04/2023');

INSERT INTO ESTADO_PEDIDO (ID_ESTADO_PEDIDO, FECHA_PEDIDO) VALUES (12, '27/10/2023');

INSERT INTO ESTADO_PEDIDO (ID_ESTADO_PEDIDO, FECHA_PEDIDO) VALUES (83, '18/12/2022');

INSERT INTO ESTADO_PEDIDO (ID_ESTADO_PEDIDO, FECHA_PEDIDO) VALUES (91, '18/05/2023');

INSERT INTO ESTADO_PEDIDO (ID_ESTADO_PEDIDO, FECHA_PEDIDO) VALUES (40, '07/11/2023');

INSERT INTO ESTADO_PEDIDO (ID_ESTADO_PEDIDO, FECHA_PEDIDO) VALUES (61, '15/12/2022');

INSERT INTO ESTADO_PEDIDO (ID_ESTADO_PEDIDO, FECHA_PEDIDO) VALUES (19, '09/07/2023');

INSERT INTO ESTADO_PEDIDO (ID_ESTADO_PEDIDO, FECHA_PEDIDO) VALUES (98, '01/05/2023');

INSERT INTO ESTADO_PEDIDO (ID_ESTADO_PEDIDO, FECHA_PEDIDO) VALUES (95, '14/12/2022');

INSERT INTO ESTADO_PEDIDO (ID_ESTADO_PEDIDO, FECHA_PEDIDO) VALUES (85, '15/03/2023');

INSERT INTO ESTADO_PEDIDO (ID_ESTADO_PEDIDO, FECHA_PEDIDO) VALUES (56, '10/05/2023');

INSERT INTO ESTADO_PEDIDO (ID_ESTADO_PEDIDO, FECHA_PEDIDO) VALUES (20, '28/06/2023');

INSERT INTO ESTADO_PEDIDO (ID_ESTADO_PEDIDO, FECHA_PEDIDO) VALUES (54, '17/09/2023');

INSERT INTO ESTADO_PEDIDO (ID_ESTADO_PEDIDO, FECHA_PEDIDO) VALUES (82, '02/12/2022');

INSERT INTO ESTADO_PEDIDO (ID_ESTADO_PEDIDO, FECHA_PEDIDO) VALUES (79, '25/07/2023');

INSERT INTO ESTADO_PEDIDO (ID_ESTADO_PEDIDO, FECHA_PEDIDO) VALUES (49, '25/07/2023');

INSERT INTO ESTADO_PEDIDO (ID_ESTADO_PEDIDO, FECHA_PEDIDO) VALUES (78, '01/01/2023');

INSERT INTO ESTADO_PEDIDO (ID_ESTADO_PEDIDO, FECHA_PEDIDO) VALUES (62, '20/04/2023');

INSERT INTO ESTADO_PEDIDO (ID_ESTADO_PEDIDO, FECHA_PEDIDO) VALUES (53, '14/11/2023');

INSERT INTO ESTADO_PEDIDO (ID_ESTADO_PEDIDO, FECHA_PEDIDO) VALUES (89, '14/07/2023');

INSERT INTO ESTADO_PEDIDO (ID_ESTADO_PEDIDO, FECHA_PEDIDO) VALUES (13, '14/07/2023');

INSERT INTO ESTADO_PEDIDO (ID_ESTADO_PEDIDO, FECHA_PEDIDO) VALUES (0, '25/07/2023');

INSERT INTO ESTADO_PEDIDO (ID_ESTADO_PEDIDO, FECHA_PEDIDO) VALUES (42, '01/11/2023');

INSERT INTO ESTADO_PEDIDO (ID_ESTADO_PEDIDO, FECHA_PEDIDO) VALUES (93, '06/07/2023');

INSERT INTO ESTADO_PEDIDO (ID_ESTADO_PEDIDO, FECHA_PEDIDO) VALUES (51, '14/07/2023');

INSERT INTO ESTADO_PEDIDO (ID_ESTADO_PEDIDO, FECHA_PEDIDO) VALUES (36, '05/04/2023');

INSERT INTO ESTADO_PEDIDO (ID_ESTADO_PEDIDO, FECHA_PEDIDO) VALUES (24, '27/06/2023');

INSERT INTO ESTADO_PEDIDO (ID_ESTADO_PEDIDO, FECHA_PEDIDO) VALUES (57, '27/06/2023');

INSERT INTO ESTADO_PEDIDO (ID_ESTADO_PEDIDO, FECHA_PEDIDO) VALUES (34, '09/07/2023');

INSERT INTO ESTADO_PEDIDO (ID_ESTADO_PEDIDO, FECHA_PEDIDO) VALUES (59, '26/06/2023');

INSERT INTO ESTADO_PEDIDO (ID_ESTADO_PEDIDO, FECHA_PEDIDO) VALUES (81, '26/06/2023');

INSERT INTO ESTADO_PEDIDO (ID_ESTADO_PEDIDO, FECHA_PEDIDO) VALUES (75, '15/03/2023');

INSERT INTO ESTADO_PEDIDO (ID_ESTADO_PEDIDO, FECHA_PEDIDO) VALUES (65, '19/04/2023');

INSERT INTO ESTADO_PEDIDO (ID_ESTADO_PEDIDO, FECHA_PEDIDO) VALUES (28, '14/07/2023');

INSERT INTO ESTADO_PEDIDO (ID_ESTADO_PEDIDO, FECHA_PEDIDO) VALUES (86, '01/11/2023');

INSERT INTO ESTADO_PEDIDO (ID_ESTADO_PEDIDO, FECHA_PEDIDO) VALUES (71, '03/11/2023');

INSERT INTO ESTADO_PEDIDO (ID_ESTADO_PEDIDO, FECHA_PEDIDO) VALUES (35, '28/06/2023');

INSERT INTO ESTADO_PEDIDO (ID_ESTADO_PEDIDO, FECHA_PEDIDO) VALUES (23, '15/09/2023');

INSERT INTO ESTADO_PEDIDO (ID_ESTADO_PEDIDO, FECHA_PEDIDO) VALUES (37, '01/09/2023');

INSERT INTO ESTADO_PEDIDO (ID_ESTADO_PEDIDO, FECHA_PEDIDO) VALUES (67, '03/11/2023');

INSERT INTO ESTADO_PEDIDO (ID_ESTADO_PEDIDO, FECHA_PEDIDO) VALUES (60, '11/04/2023');

INSERT INTO ESTADO_PEDIDO (ID_ESTADO_PEDIDO, FECHA_PEDIDO) VALUES (10, '15/09/2023');

INSERT INTO ESTADO_PEDIDO (ID_ESTADO_PEDIDO, FECHA_PEDIDO) VALUES (88, '20/02/2023');

INSERT INTO ESTADO_PEDIDO (ID_ESTADO_PEDIDO, FECHA_PEDIDO) VALUES (66, '11/04/2023');

INSERT INTO ESTADO_PEDIDO (ID_ESTADO_PEDIDO, FECHA_PEDIDO) VALUES (9, '01/09/2023');

INSERT INTO ESTADO_PEDIDO (ID_ESTADO_PEDIDO, FECHA_PEDIDO) VALUES (3, '20/04/2023');

INSERT INTO ESTADO_PEDIDO (ID_ESTADO_PEDIDO, FECHA_PEDIDO) VALUES (63, '04/09/2023');

INSERT INTO ESTADO_PEDIDO (ID_ESTADO_PEDIDO, FECHA_PEDIDO) VALUES (87, '26/03/2023');

INSERT INTO ESTADO_PEDIDO (ID_ESTADO_PEDIDO, FECHA_PEDIDO) VALUES (72, '11/09/2023');

INSERT INTO ESTADO_PEDIDO (ID_ESTADO_PEDIDO, FECHA_PEDIDO) VALUES (25, '09/08/2023');

INSERT INTO ESTADO_PEDIDO (ID_ESTADO_PEDIDO, FECHA_PEDIDO) VALUES (76, '23/08/2023');

INSERT INTO ESTADO_PEDIDO (ID_ESTADO_PEDIDO, FECHA_PEDIDO) VALUES (80, '01/01/2023');

INSERT INTO ESTADO_PEDIDO (ID_ESTADO_PEDIDO, FECHA_PEDIDO) VALUES (47, '23/05/2023');

INSERT INTO ESTADO_PEDIDO (ID_ESTADO_PEDIDO, FECHA_PEDIDO) VALUES (30, '12/09/2023');

INSERT INTO ESTADO_PEDIDO (ID_ESTADO_PEDIDO, FECHA_PEDIDO) VALUES (77, '19/12/2022');

INSERT INTO ESTADO_PEDIDO (ID_ESTADO_PEDIDO, FECHA_PEDIDO) VALUES (48, '15/03/2023');

INSERT INTO ESTADO_PEDIDO (ID_ESTADO_PEDIDO, FECHA_PEDIDO) VALUES (97, '01/02/2023');

INSERT INTO ESTADO_PEDIDO (ID_ESTADO_PEDIDO, FECHA_PEDIDO) VALUES (31, '05/10/2023');

INSERT INTO ESTADO_PEDIDO (ID_ESTADO_PEDIDO, FECHA_PEDIDO) VALUES (90, '17/09/2023');

INSERT INTO ESTADO_PEDIDO (ID_ESTADO_PEDIDO, FECHA_PEDIDO) VALUES (44, '11/09/2023');

INSERT INTO ESTADO_PEDIDO (ID_ESTADO_PEDIDO, FECHA_PEDIDO) VALUES (92, '13/04/2023');

INSERT INTO ESTADO_PEDIDO (ID_ESTADO_PEDIDO, FECHA_PEDIDO) VALUES (94, '03/11/2023');

INSERT INTO ESTADO_PEDIDO (ID_ESTADO_PEDIDO, FECHA_PEDIDO) VALUES (21, '20/04/2023');

INSERT INTO ESTADO_PEDIDO (ID_ESTADO_PEDIDO, FECHA_PEDIDO) VALUES (70, '28/07/2023');

INSERT INTO ESTADO_PEDIDO (ID_ESTADO_PEDIDO, FECHA_PEDIDO) VALUES (52, '07/12/2022');

INSERT INTO ESTADO_PEDIDO (ID_ESTADO_PEDIDO, FECHA_PEDIDO) VALUES (96, '27/10/2023');

INSERT INTO ESTADO_PEDIDO (ID_ESTADO_PEDIDO, FECHA_PEDIDO) VALUES (14, '20/05/2023');

INSERT INTO ESTADO_PEDIDO (ID_ESTADO_PEDIDO, FECHA_PEDIDO) VALUES (15, '01/02/2023');

INSERT INTO ESTADO_PEDIDO (ID_ESTADO_PEDIDO, FECHA_PEDIDO) VALUES (27, '22/04/2023');

INSERT INTO ESTADO_PEDIDO (ID_ESTADO_PEDIDO, FECHA_PEDIDO) VALUES (17, '22/04/2023');

INSERT INTO ESTADO_PEDIDO (ID_ESTADO_PEDIDO, FECHA_PEDIDO) VALUES (73, '31/03/2023');

INSERT INTO ESTADO_PEDIDO (ID_ESTADO_PEDIDO, FECHA_PEDIDO) VALUES (74, '19/04/2023');

INSERT INTO ESTADO_PEDIDO (ID_ESTADO_PEDIDO, FECHA_PEDIDO) VALUES (38, '06/07/2023');

INSERT INTO ESTADO_PEDIDO (ID_ESTADO_PEDIDO, FECHA_PEDIDO) VALUES (5, '26/03/2023');

INSERT INTO ESTADO_PEDIDO (ID_ESTADO_PEDIDO, FECHA_PEDIDO) VALUES (50, '15/02/2023');

INSERT INTO ESTADO_PEDIDO (ID_ESTADO_PEDIDO, FECHA_PEDIDO) VALUES (68, '20/02/2023');

INSERT INTO ESTADO_PEDIDO (ID_ESTADO_PEDIDO, FECHA_PEDIDO) VALUES (64, '22/04/2023');

INSERT INTO ESTADO_PEDIDO (ID_ESTADO_PEDIDO, FECHA_PEDIDO) VALUES (8, '25/07/2023');

INSERT INTO ESTADO_PEDIDO (ID_ESTADO_PEDIDO, FECHA_PEDIDO) VALUES (84, '16/05/2023');

INSERT INTO ESTADO_PEDIDO (ID_ESTADO_PEDIDO, FECHA_PEDIDO) VALUES (1, '04/09/2023');

INSERT INTO ESTADO_PEDIDO (ID_ESTADO_PEDIDO, FECHA_PEDIDO) VALUES (18, '18/05/2023');

INSERT INTO ESTADO_PEDIDO (ID_ESTADO_PEDIDO, FECHA_PEDIDO) VALUES (11, '27/09/2023');

INSERT INTO ESTADO_PEDIDO (ID_ESTADO_PEDIDO, FECHA_PEDIDO) VALUES (55, '01/01/2023');

INSERT INTO HISTORIAL_COMPRAS (ID_HISTORIAL_COMPRAS, ID_PRODUCTO, ID_CLIENTE, FECHA_PEDIDO) VALUES (1, 850, 9712873587, '27/09/2023');

INSERT INTO HISTORIAL_COMPRAS (ID_HISTORIAL_COMPRAS, ID_PRODUCTO, ID_CLIENTE, FECHA_PEDIDO) VALUES (2, 916, 5371617124, '22/02/2023');

INSERT INTO HISTORIAL_COMPRAS (ID_HISTORIAL_COMPRAS, ID_PRODUCTO, ID_CLIENTE, FECHA_PEDIDO) VALUES (3, 896, 3415409449, '20/10/2023');

INSERT INTO HISTORIAL_COMPRAS (ID_HISTORIAL_COMPRAS, ID_PRODUCTO, ID_CLIENTE, FECHA_PEDIDO) VALUES (4, 689, 1078045879, '05/10/2023');

INSERT INTO HISTORIAL_COMPRAS (ID_HISTORIAL_COMPRAS, ID_PRODUCTO, ID_CLIENTE, FECHA_PEDIDO) VALUES (5, 261, 1135826676, '20/10/2023');

INSERT INTO HISTORIAL_COMPRAS (ID_HISTORIAL_COMPRAS, ID_PRODUCTO, ID_CLIENTE, FECHA_PEDIDO) VALUES (6, 576, 5965879679, '19/04/2023');

INSERT INTO HISTORIAL_COMPRAS (ID_HISTORIAL_COMPRAS, ID_PRODUCTO, ID_CLIENTE, FECHA_PEDIDO) VALUES (7, 328, 402468686, '25/07/2023');

INSERT INTO HISTORIAL_COMPRAS (ID_HISTORIAL_COMPRAS, ID_PRODUCTO, ID_CLIENTE, FECHA_PEDIDO) VALUES (8, 418, 3041429608, '28/06/2023');

INSERT INTO HISTORIAL_COMPRAS (ID_HISTORIAL_COMPRAS, ID_PRODUCTO, ID_CLIENTE, FECHA_PEDIDO) VALUES (9, 150, 5506156200, '25/08/2023');

INSERT INTO HISTORIAL_COMPRAS (ID_HISTORIAL_COMPRAS, ID_PRODUCTO, ID_CLIENTE, FECHA_PEDIDO) VALUES (10, 30, 1115394541, '28/02/2023');

INSERT INTO HISTORIAL_COMPRAS (ID_HISTORIAL_COMPRAS, ID_PRODUCTO, ID_CLIENTE, FECHA_PEDIDO) VALUES (11, 74, 6066299506, '15/02/2023');

INSERT INTO HISTORIAL_COMPRAS (ID_HISTORIAL_COMPRAS, ID_PRODUCTO, ID_CLIENTE, FECHA_PEDIDO) VALUES (12, 261, 8339492837, '11/09/2023');

INSERT INTO HISTORIAL_COMPRAS (ID_HISTORIAL_COMPRAS, ID_PRODUCTO, ID_CLIENTE, FECHA_PEDIDO) VALUES (13, 689, 6498532114, '24/12/2022');

INSERT INTO HISTORIAL_COMPRAS (ID_HISTORIAL_COMPRAS, ID_PRODUCTO, ID_CLIENTE, FECHA_PEDIDO) VALUES (14, 400, 2673407235, '26/03/2023');

INSERT INTO HISTORIAL_COMPRAS (ID_HISTORIAL_COMPRAS, ID_PRODUCTO, ID_CLIENTE, FECHA_PEDIDO) VALUES (15, 449, 2976500843, '02/12/2022');

INSERT INTO HISTORIAL_COMPRAS (ID_HISTORIAL_COMPRAS, ID_PRODUCTO, ID_CLIENTE, FECHA_PEDIDO) VALUES (16, 308, 8701540645, '28/06/2023');

INSERT INTO HISTORIAL_COMPRAS (ID_HISTORIAL_COMPRAS, ID_PRODUCTO, ID_CLIENTE, FECHA_PEDIDO) VALUES (17, 419, 2275371508, '04/11/2023');

INSERT INTO HISTORIAL_COMPRAS (ID_HISTORIAL_COMPRAS, ID_PRODUCTO, ID_CLIENTE, FECHA_PEDIDO) VALUES (18, 537, 5757337338, '24/01/2023');

INSERT INTO HISTORIAL_COMPRAS (ID_HISTORIAL_COMPRAS, ID_PRODUCTO, ID_CLIENTE, FECHA_PEDIDO) VALUES (19, 955, 2238063501, '01/09/2023');

INSERT INTO HISTORIAL_COMPRAS (ID_HISTORIAL_COMPRAS, ID_PRODUCTO, ID_CLIENTE, FECHA_PEDIDO) VALUES (20, 92, 5954618186, '28/06/2023');

INSERT INTO HISTORIAL_COMPRAS (ID_HISTORIAL_COMPRAS, ID_PRODUCTO, ID_CLIENTE, FECHA_PEDIDO) VALUES (21, 927, 4337481036, '20/03/2023');

INSERT INTO HISTORIAL_COMPRAS (ID_HISTORIAL_COMPRAS, ID_PRODUCTO, ID_CLIENTE, FECHA_PEDIDO) VALUES (22, 280, 8856181134, '28/07/2023');

INSERT INTO HISTORIAL_COMPRAS (ID_HISTORIAL_COMPRAS, ID_PRODUCTO, ID_CLIENTE, FECHA_PEDIDO) VALUES (23, 511, 4778511778, '04/09/2023');

INSERT INTO HISTORIAL_COMPRAS (ID_HISTORIAL_COMPRAS, ID_PRODUCTO, ID_CLIENTE, FECHA_PEDIDO) VALUES (24, 137, 9421265203, '14/10/2023');

INSERT INTO HISTORIAL_COMPRAS (ID_HISTORIAL_COMPRAS, ID_PRODUCTO, ID_CLIENTE, FECHA_PEDIDO) VALUES (25, 270, 5583630094, '23/08/2023');

INSERT INTO HISTORIAL_COMPRAS (ID_HISTORIAL_COMPRAS, ID_PRODUCTO, ID_CLIENTE, FECHA_PEDIDO) VALUES (26, 328, 7194202913, '01/09/2023');

INSERT INTO HISTORIAL_COMPRAS (ID_HISTORIAL_COMPRAS, ID_PRODUCTO, ID_CLIENTE, FECHA_PEDIDO) VALUES (27, 19, 1660804817, '05/10/2023');

INSERT INTO HISTORIAL_COMPRAS (ID_HISTORIAL_COMPRAS, ID_PRODUCTO, ID_CLIENTE, FECHA_PEDIDO) VALUES (28, 598, 6066299506, '18/05/2023');

INSERT INTO HISTORIAL_COMPRAS (ID_HISTORIAL_COMPRAS, ID_PRODUCTO, ID_CLIENTE, FECHA_PEDIDO) VALUES (29, 771, 8365041677, '05/04/2023');

INSERT INTO HISTORIAL_COMPRAS (ID_HISTORIAL_COMPRAS, ID_PRODUCTO, ID_CLIENTE, FECHA_PEDIDO) VALUES (30, 30, 9712873587, '28/06/2023');

INSERT INTO HISTORIAL_COMPRAS (ID_HISTORIAL_COMPRAS, ID_PRODUCTO, ID_CLIENTE, FECHA_PEDIDO) VALUES (31, 551, 4565114739, '28/06/2023');

INSERT INTO HISTORIAL_COMPRAS (ID_HISTORIAL_COMPRAS, ID_PRODUCTO, ID_CLIENTE, FECHA_PEDIDO) VALUES (32, 689, 8527001683, '04/09/2023');

INSERT INTO HISTORIAL_COMPRAS (ID_HISTORIAL_COMPRAS, ID_PRODUCTO, ID_CLIENTE, FECHA_PEDIDO) VALUES (33, 927, 402468686, '11/09/2023');

INSERT INTO HISTORIAL_COMPRAS (ID_HISTORIAL_COMPRAS, ID_PRODUCTO, ID_CLIENTE, FECHA_PEDIDO) VALUES (34, 848, 326381619, '12/11/2023');

INSERT INTO HISTORIAL_COMPRAS (ID_HISTORIAL_COMPRAS, ID_PRODUCTO, ID_CLIENTE, FECHA_PEDIDO) VALUES (35, 411, 4422424734, '17/07/2023');

INSERT INTO HISTORIAL_COMPRAS (ID_HISTORIAL_COMPRAS, ID_PRODUCTO, ID_CLIENTE, FECHA_PEDIDO) VALUES (36, 224, 7406833849, '01/11/2023');

INSERT INTO HISTORIAL_COMPRAS (ID_HISTORIAL_COMPRAS, ID_PRODUCTO, ID_CLIENTE, FECHA_PEDIDO) VALUES (37, 896, 3415409449, '20/01/2023');

INSERT INTO HISTORIAL_COMPRAS (ID_HISTORIAL_COMPRAS, ID_PRODUCTO, ID_CLIENTE, FECHA_PEDIDO) VALUES (38, 830, 4621519220, '14/12/2022');

INSERT INTO HISTORIAL_COMPRAS (ID_HISTORIAL_COMPRAS, ID_PRODUCTO, ID_CLIENTE, FECHA_PEDIDO) VALUES (39, 917, 5043404205, '15/09/2023');

INSERT INTO HISTORIAL_COMPRAS (ID_HISTORIAL_COMPRAS, ID_PRODUCTO, ID_CLIENTE, FECHA_PEDIDO) VALUES (40, 309, 326381619, '04/09/2023');

INSERT INTO HISTORIAL_COMPRAS (ID_HISTORIAL_COMPRAS, ID_PRODUCTO, ID_CLIENTE, FECHA_PEDIDO) VALUES (41, 71, 5291674423, '20/03/2023');

INSERT INTO HISTORIAL_COMPRAS (ID_HISTORIAL_COMPRAS, ID_PRODUCTO, ID_CLIENTE, FECHA_PEDIDO) VALUES (42, 918, 1078045879, '16/06/2023');

INSERT INTO HISTORIAL_COMPRAS (ID_HISTORIAL_COMPRAS, ID_PRODUCTO, ID_CLIENTE, FECHA_PEDIDO) VALUES (43, 37, 3021476686, '22/02/2023');

INSERT INTO HISTORIAL_COMPRAS (ID_HISTORIAL_COMPRAS, ID_PRODUCTO, ID_CLIENTE, FECHA_PEDIDO) VALUES (44, 309, 6272636520, '01/01/2023');

INSERT INTO HISTORIAL_COMPRAS (ID_HISTORIAL_COMPRAS, ID_PRODUCTO, ID_CLIENTE, FECHA_PEDIDO) VALUES (45, 290, 1107631696, '25/08/2023');

INSERT INTO HISTORIAL_COMPRAS (ID_HISTORIAL_COMPRAS, ID_PRODUCTO, ID_CLIENTE, FECHA_PEDIDO) VALUES (46, 154, 5583630094, '24/01/2023');

INSERT INTO HISTORIAL_COMPRAS (ID_HISTORIAL_COMPRAS, ID_PRODUCTO, ID_CLIENTE, FECHA_PEDIDO) VALUES (47, 896, 1508671435, '10/05/2023');

INSERT INTO HISTORIAL_COMPRAS (ID_HISTORIAL_COMPRAS, ID_PRODUCTO, ID_CLIENTE, FECHA_PEDIDO) VALUES (48, 111, 402468686, '20/05/2023');

INSERT INTO HISTORIAL_COMPRAS (ID_HISTORIAL_COMPRAS, ID_PRODUCTO, ID_CLIENTE, FECHA_PEDIDO) VALUES (49, 769, 5757337338, '15/01/2023');

INSERT INTO HISTORIAL_COMPRAS (ID_HISTORIAL_COMPRAS, ID_PRODUCTO, ID_CLIENTE, FECHA_PEDIDO) VALUES (50, 917, 5371617124, '19/12/2022');

INSERT INTO HISTORIAL_COMPRAS (ID_HISTORIAL_COMPRAS, ID_PRODUCTO, ID_CLIENTE, FECHA_PEDIDO) VALUES (51, 154, 8339492837, '25/03/2023');

INSERT INTO HISTORIAL_COMPRAS (ID_HISTORIAL_COMPRAS, ID_PRODUCTO, ID_CLIENTE, FECHA_PEDIDO) VALUES (52, 533, 7926836265, '27/06/2023');

INSERT INTO HISTORIAL_COMPRAS (ID_HISTORIAL_COMPRAS, ID_PRODUCTO, ID_CLIENTE, FECHA_PEDIDO) VALUES (53, 644, 902886576, '20/05/2023');

INSERT INTO HISTORIAL_COMPRAS (ID_HISTORIAL_COMPRAS, ID_PRODUCTO, ID_CLIENTE, FECHA_PEDIDO) VALUES (54, 547, 4862133568, '13/04/2023');

INSERT INTO HISTORIAL_COMPRAS (ID_HISTORIAL_COMPRAS, ID_PRODUCTO, ID_CLIENTE, FECHA_PEDIDO) VALUES (55, 663, 7590384895, '15/01/2023');

INSERT INTO HISTORIAL_COMPRAS (ID_HISTORIAL_COMPRAS, ID_PRODUCTO, ID_CLIENTE, FECHA_PEDIDO) VALUES (56, 159, 6194384182, '20/10/2023');

INSERT INTO HISTORIAL_COMPRAS (ID_HISTORIAL_COMPRAS, ID_PRODUCTO, ID_CLIENTE, FECHA_PEDIDO) VALUES (57, 896, 8701540645, '13/04/2023');

INSERT INTO HISTORIAL_COMPRAS (ID_HISTORIAL_COMPRAS, ID_PRODUCTO, ID_CLIENTE, FECHA_PEDIDO) VALUES (58, 976, 6194384182, '12/11/2023');

INSERT INTO HISTORIAL_COMPRAS (ID_HISTORIAL_COMPRAS, ID_PRODUCTO, ID_CLIENTE, FECHA_PEDIDO) VALUES (59, 644, 754345793, '23/02/2023');

INSERT INTO HISTORIAL_COMPRAS (ID_HISTORIAL_COMPRAS, ID_PRODUCTO, ID_CLIENTE, FECHA_PEDIDO) VALUES (60, 974, 5506156200, '16/05/2023');

INSERT INTO HISTORIAL_COMPRAS (ID_HISTORIAL_COMPRAS, ID_PRODUCTO, ID_CLIENTE, FECHA_PEDIDO) VALUES (61, 791, 1660804817, '27/06/2023');

INSERT INTO HISTORIAL_COMPRAS (ID_HISTORIAL_COMPRAS, ID_PRODUCTO, ID_CLIENTE, FECHA_PEDIDO) VALUES (62, 290, 3754042866, '20/10/2023');

INSERT INTO HISTORIAL_COMPRAS (ID_HISTORIAL_COMPRAS, ID_PRODUCTO, ID_CLIENTE, FECHA_PEDIDO) VALUES (63, 888, 7194202913, '16/05/2023');

INSERT INTO HISTORIAL_COMPRAS (ID_HISTORIAL_COMPRAS, ID_PRODUCTO, ID_CLIENTE, FECHA_PEDIDO) VALUES (64, 769, 8037317978, '27/01/2023');

INSERT INTO HISTORIAL_COMPRAS (ID_HISTORIAL_COMPRAS, ID_PRODUCTO, ID_CLIENTE, FECHA_PEDIDO) VALUES (65, 791, 902886576, '20/11/2022');

INSERT INTO HISTORIAL_COMPRAS (ID_HISTORIAL_COMPRAS, ID_PRODUCTO, ID_CLIENTE, FECHA_PEDIDO) VALUES (66, 337, 2126516008, '28/06/2023');

INSERT INTO HISTORIAL_COMPRAS (ID_HISTORIAL_COMPRAS, ID_PRODUCTO, ID_CLIENTE, FECHA_PEDIDO) VALUES (67, 511, 326381619, '25/03/2023');

INSERT INTO HISTORIAL_COMPRAS (ID_HISTORIAL_COMPRAS, ID_PRODUCTO, ID_CLIENTE, FECHA_PEDIDO) VALUES (68, 150, 6515460694, '22/02/2023');

INSERT INTO HISTORIAL_COMPRAS (ID_HISTORIAL_COMPRAS, ID_PRODUCTO, ID_CLIENTE, FECHA_PEDIDO) VALUES (69, 769, 2238063501, '16/05/2023');

INSERT INTO HISTORIAL_COMPRAS (ID_HISTORIAL_COMPRAS, ID_PRODUCTO, ID_CLIENTE, FECHA_PEDIDO) VALUES (70, 159, 5965879679, '16/05/2023');

INSERT INTO HISTORIAL_COMPRAS (ID_HISTORIAL_COMPRAS, ID_PRODUCTO, ID_CLIENTE, FECHA_PEDIDO) VALUES (71, 271, 9995407272, '24/01/2023');

INSERT INTO HISTORIAL_COMPRAS (ID_HISTORIAL_COMPRAS, ID_PRODUCTO, ID_CLIENTE, FECHA_PEDIDO) VALUES (72, 74, 1560978139, '01/11/2023');

INSERT INTO HISTORIAL_COMPRAS (ID_HISTORIAL_COMPRAS, ID_PRODUCTO, ID_CLIENTE, FECHA_PEDIDO) VALUES (73, 476, 6066299506, '29/03/2023');

INSERT INTO HISTORIAL_COMPRAS (ID_HISTORIAL_COMPRAS, ID_PRODUCTO, ID_CLIENTE, FECHA_PEDIDO) VALUES (74, 423, 1130809951, '15/02/2023');

INSERT INTO HISTORIAL_COMPRAS (ID_HISTORIAL_COMPRAS, ID_PRODUCTO, ID_CLIENTE, FECHA_PEDIDO) VALUES (75, 337, 6194384182, '22/04/2023');

INSERT INTO HISTORIAL_COMPRAS (ID_HISTORIAL_COMPRAS, ID_PRODUCTO, ID_CLIENTE, FECHA_PEDIDO) VALUES (76, 922, 8527001683, '07/11/2023');

INSERT INTO HISTORIAL_COMPRAS (ID_HISTORIAL_COMPRAS, ID_PRODUCTO, ID_CLIENTE, FECHA_PEDIDO) VALUES (77, 433, 8701540645, '14/10/2023');

INSERT INTO HISTORIAL_COMPRAS (ID_HISTORIAL_COMPRAS, ID_PRODUCTO, ID_CLIENTE, FECHA_PEDIDO) VALUES (78, 791, 1226512348, '13/04/2023');

INSERT INTO HISTORIAL_COMPRAS (ID_HISTORIAL_COMPRAS, ID_PRODUCTO, ID_CLIENTE, FECHA_PEDIDO) VALUES (79, 689, 4097003178, '19/12/2022');

INSERT INTO HISTORIAL_COMPRAS (ID_HISTORIAL_COMPRAS, ID_PRODUCTO, ID_CLIENTE, FECHA_PEDIDO) VALUES (80, 128, 2238063501, '10/07/2023');

INSERT INTO HISTORIAL_COMPRAS (ID_HISTORIAL_COMPRAS, ID_PRODUCTO, ID_CLIENTE, FECHA_PEDIDO) VALUES (81, 80, 3021476686, '06/07/2023');

INSERT INTO HISTORIAL_COMPRAS (ID_HISTORIAL_COMPRAS, ID_PRODUCTO, ID_CLIENTE, FECHA_PEDIDO) VALUES (82, 689, 8332542596, '26/03/2023');

INSERT INTO HISTORIAL_COMPRAS (ID_HISTORIAL_COMPRAS, ID_PRODUCTO, ID_CLIENTE, FECHA_PEDIDO) VALUES (83, 18, 3285409967, '23/08/2023');

INSERT INTO HISTORIAL_COMPRAS (ID_HISTORIAL_COMPRAS, ID_PRODUCTO, ID_CLIENTE, FECHA_PEDIDO) VALUES (84, 703, 9712873587, '19/12/2022');

INSERT INTO HISTORIAL_COMPRAS (ID_HISTORIAL_COMPRAS, ID_PRODUCTO, ID_CLIENTE, FECHA_PEDIDO) VALUES (85, 896, 577354140, '20/10/2023');

INSERT INTO HISTORIAL_COMPRAS (ID_HISTORIAL_COMPRAS, ID_PRODUCTO, ID_CLIENTE, FECHA_PEDIDO) VALUES (86, 409, 4862133568, '03/04/2023');

INSERT INTO HISTORIAL_COMPRAS (ID_HISTORIAL_COMPRAS, ID_PRODUCTO, ID_CLIENTE, FECHA_PEDIDO) VALUES (87, 974, 4566357155, '04/09/2023');

INSERT INTO HISTORIAL_COMPRAS (ID_HISTORIAL_COMPRAS, ID_PRODUCTO, ID_CLIENTE, FECHA_PEDIDO) VALUES (88, 547, 1107631696, '12/11/2023');

INSERT INTO HISTORIAL_COMPRAS (ID_HISTORIAL_COMPRAS, ID_PRODUCTO, ID_CLIENTE, FECHA_PEDIDO) VALUES (89, 339, 2673407235, '16/03/2023');

INSERT INTO HISTORIAL_COMPRAS (ID_HISTORIAL_COMPRAS, ID_PRODUCTO, ID_CLIENTE, FECHA_PEDIDO) VALUES (90, 963, 3213985872, '19/01/2023');

INSERT INTO HISTORIAL_COMPRAS (ID_HISTORIAL_COMPRAS, ID_PRODUCTO, ID_CLIENTE, FECHA_PEDIDO) VALUES (91, 401, 754345793, '02/12/2022');

INSERT INTO HISTORIAL_COMPRAS (ID_HISTORIAL_COMPRAS, ID_PRODUCTO, ID_CLIENTE, FECHA_PEDIDO) VALUES (92, 644, 4566357155, '26/03/2023');

INSERT INTO HISTORIAL_COMPRAS (ID_HISTORIAL_COMPRAS, ID_PRODUCTO, ID_CLIENTE, FECHA_PEDIDO) VALUES (93, 922, 2563323657, '06/07/2023');

INSERT INTO HISTORIAL_COMPRAS (ID_HISTORIAL_COMPRAS, ID_PRODUCTO, ID_CLIENTE, FECHA_PEDIDO) VALUES (94, 37, 6743041734, '24/01/2023');

INSERT INTO HISTORIAL_COMPRAS (ID_HISTORIAL_COMPRAS, ID_PRODUCTO, ID_CLIENTE, FECHA_PEDIDO) VALUES (95, 80, 8520829201, '20/10/2023');

INSERT INTO HISTORIAL_COMPRAS (ID_HISTORIAL_COMPRAS, ID_PRODUCTO, ID_CLIENTE, FECHA_PEDIDO) VALUES (96, 71, 7590384895, '12/12/2022');

INSERT INTO HISTORIAL_COMPRAS (ID_HISTORIAL_COMPRAS, ID_PRODUCTO, ID_CLIENTE, FECHA_PEDIDO) VALUES (97, 299, 1433737280, '09/08/2023');

INSERT INTO HISTORIAL_COMPRAS (ID_HISTORIAL_COMPRAS, ID_PRODUCTO, ID_CLIENTE, FECHA_PEDIDO) VALUES (98, 337, 4092994613, '04/11/2023');

INSERT INTO HISTORIAL_COMPRAS (ID_HISTORIAL_COMPRAS, ID_PRODUCTO, ID_CLIENTE, FECHA_PEDIDO) VALUES (99, 991, 6194384182, '16/07/2023');

INSERT INTO HISTORIAL_COMPRAS (ID_HISTORIAL_COMPRAS, ID_PRODUCTO, ID_CLIENTE, FECHA_PEDIDO) VALUES (100, 922, 4566357155, '05/07/2023');

